Keyword,Position,Previous position,Search Volume,Keyword Difficulty,CPC,URL,Traffic,Traffic (%),Traffic Cost,Competition,Number of Results,Trends,Timestamp,SERP Features by Keyword,Keyword Intents,Position Type
cmc tech,1,1,90,45,0,https://cctvfactory.com/,22,24.44,0,0.03,122,"41, 11, 64, 64, 100, 82, 41, 52, 64, 41, 64, 52",2026-07-24 17:37:48,"Sitelinks, Video, Image, People also ask, Related searches",informational,Organic
cctv camera supplier,1,1,70,40,3.28,http://www.cctvfactory.com/,17,18.88,55,0.15,129,"18, 100, 100, 100, 100, 45, 45, 36, 36, 45, 36, 45",2026-07-20 18:45:24,"Local pack, Video, Popular products, Related searches",commercial,Local pack
25 ft hdmi cable,8,8,1300,25,0.38,https://cctvfactory.com/25ft-hdmi-cable/,16,17.77,6,1,8,"68, 84, 84, 100, 68, 68, 46, 84, 46, 46, 52, 46",2026-07-19 21:43:28,"Image pack, Sitelinks, Image, People also ask, Popular products, Related searches",commercial,Organic
supplier cctv,1,1,110,40,3.18,http://www.cctvfactory.com/,14,15.55,44,0.13,214,"34, 42, 34, 26, 42, 26, 26, 34, 26, 42, 100, 100",2026-07-30 01:58:03,"Local pack, Sitelinks, Reviews, Video, Popular products, Related searches, AI overview",commercial,Local pack
cctv vendors,1,0,30,20,28.3,http://www.cctvfactory.com/,7,7.77,198,0.22,201,"18, 18, 45, 36, 18, 18, 18, 18, 18, 18, 100, 18",2026-08-18 14:25:38,"Local pack, Reviews, Video, People also ask, Popular products, Related searches",commercial,Local pack
ai cameras,17,17,2400,44,2.56,https://cctvfactory.com/cameras-dvr-nvr/ai/,3,3.33,7,0.48,167,"65, 65, 55, 55, 55, 82, 100, 100, 65, 82, 100, 100",2026-08-14 07:19:02,"Sitelinks, Video, Image, Ads bottom, Video Carousel, People also ask, Popular products, Related searches, Discussions and forums, AI overview",informational,Organic
security cameras wholesale suppliers,1,1,30,26,5.49,http://www.cctvfactory.com/,2,2.22,10,0.78,1280,"7, 7, 11, 11, 15, 11, 15, 15, 11, 7, 7, 7",2026-07-29 06:58:02,"Local pack, Sitelinks, Reviews, Video, Image, Popular products, Related searches",commercial,Local pack
cctv houston,4,4,30,42,9.71,http://www.cctvfactory.com/,1,1.11,9,0.2,125,"18, 100, 18, 18, 18, 18, 18, 18, 27, 27, 27, 18",2026-07-10 00:36:33,"Local pack, Reviews, Video",commercial,Local pack
plasma 70 inch tv,8,8,170,22,0,https://cctvfactory.com/fits-37-to-70-inches-plasma-lcd-tv-maximum-load-up-to-165lbs/,1,1.11,0,0.37,199,"23, 23, 23, 23, 28, 54, 100, 35, 23, 28, 0, 28",2026-08-03 19:02:03,"Sitelinks, Reviews, Video, Image, People also ask, Related searches, Discussions and forums, AI overview",informational,Organic
ip camera dome sony 12mm,4,4,50,2,0,https://cctvfactory.com/4k-ip-starlight-dome-camera-with-sony-starvis-8mp-sensor-wide-angle-3-6mm-lens-smart-ir-vandal-weather-proof-ip66-ik10-indoor-outdoor-housing-with-built-in-microphone-special-price-limited-time/,1,1.11,0,0.33,217000,"35, 14, 50, 100, 100, 28, 14, 14, 14, 14, 14, 14",2026-07-12 22:01:04,"Sitelinks, Reviews, Video, People also ask, Popular products",commercial,Organic
25ft hdmi cable,19,19,880,19,0.38,https://cctvfactory.com/25ft-hdmi-cable/,1,1.11,0,1,219,"30, 30, 62, 45, 45, 100, 30, 62, 55, 55, 36, 55",2026-08-03 17:18:12,"Sitelinks, Reviews, Video, Image, People also ask, Popular products, Related searches, AI overview","commercial, informational",Organic
bnc plug to bnc plug,39,39,6600,21,0.74,https://cctvfactory.com/bnc-to-bnc-connector/,1,1.11,0,1,198,"81, 0, 3, 54, 81, 54, 81, 44, 54, 100, 66, 29",2026-08-16 18:05:01,"Sitelinks, Reviews, Video, Video Carousel, People also ask, Popular products, Related searches, AI overview","commercial, informational",Organic
nt98321 embedded linux dvr,8,8,70,0,0,https://cctvfactory.com/64-ch-embedded-linux-nvr-12m-recording-2-4k-hdmi-1-vga-output-h-265-8-hdd-bays-2-rj-45-port/,1,1.11,0,0,580,100,2026-08-01 06:59:02,"Sitelinks, Reviews, Video, Related searches, AI overview",informational,Organic
hikvision 8ch poe nvr,5,5,40,6,1.03,https://cctvfactory.com/hikvision-8ch-poe-8mp-4k-nvr-network-video-recorder-support-pos-integration/,1,1.11,1,0.33,176,"18, 18, 100, 100, 18, 18, 18, 18, 18, 18, 18, 18",2026-08-05 09:59:07,"Reviews, Video, Image, Video Carousel, Related searches, AI overview",commercial,Organic
std camera,13,13,260,9,0,https://cctvfactory.com/cameras-dvr-nvr/analog-cameras-standard-resolution/,1,1.11,0,0.03,105000000,"35, 35, 29, 29, 29, 43, 54, 54, 66, 66, 66, 81",2026-07-15 16:01:53,"Image pack, Sitelinks, Video, People also ask, Popular products, Related searches",informational,Organic
ai smart camera,6,6,90,21,1.71,https://cctvfactory.com/cameras-dvr-nvr/ai/,1,1.11,1,0.94,172,"63, 63, 63, 63, 100, 45, 81, 45, 81, 81, 100, 81",2026-07-04 04:22:44,"Sitelinks, Reviews, Video, Video Carousel, People also ask, Popular products, Related searches, Short videos, AI overview",informational,Organic
cctv camera shop,14,14,170,60,10.32,https://cctvfactory.com/,0,0,0,0.01,208,"2, 2, 2, 4, 2, 2, 4, 19, 15, 29, 100, 100",2026-07-07 09:06:07,"Local pack, Sitelinks, Reviews, Video, Popular products, Related searches",commercial,Organic
2mp 20x speed dome camera,21,21,40,4,0,https://cctvfactory.com/2mp-network-ptz-dome-camera-20-optical-zoom-16-digitalzoom/,0,0,0,0,179,"14, 35, 21, 78, 100, 28, 14, 14, 14, 14, 14, 0",2026-06-29 21:58:33,"Sitelinks, Reviews, Video, People also ask, Popular products, Ads middle",commercial,Organic
lcd 201,58,58,40,2,0,https://cctvfactory.com/cables-accessories/tv-lcd-mount/,0,0,0,0.33,26800000,"14, 14, 100, 14, 50, 14, 78, 14, 0, 14, 14, 14",2026-06-25 06:21:01,"Sitelinks, Reviews, Popular products, Related searches",commercial,Organic
lcd 201,68,68,40,2,0,https://cctvfactory.com/cables-accessories/tv-lcd-mount/,0,0,0,0.33,26800000,"14, 14, 100, 14, 50, 14, 78, 14, 0, 14, 14, 14",2026-06-25 06:21:01,"Sitelinks, Reviews, Popular products, Related searches",commercial,Organic
human body detection camera,8,8,40,1,0,https://cctvfactory.com/cameras-dvr-nvr/ai/,0,0,0,0,177,"52, 11, 100, 11, 52, 11, 11, 11, 11, 0, 11, 0",2026-08-09 08:56:23,"Image pack, Sitelinks, Reviews, Video, Video Carousel, People also ask, Popular products, Related searches","commercial, informational",Organic
license plate reading camera,58,58,140,23,3.75,https://cctvfactory.com/license-plate-reader-camera/,0,0,0,0.88,193,"19, 19, 19, 19, 19, 19, 19, 12, 15, 15, 19, 19",2026-08-03 09:44:18,"Sitelinks, Reviews, Video, Image, Video Carousel, People also ask, Popular products, Related searches, Short videos, AI overview",informational,Organic
industrial cctv,59,59,170,26,14.16,https://cctvfactory.com/,0,0,0,0.87,159,"100, 35, 29, 54, 35, 43, 14, 18, 18, 22, 35, 35",2026-07-01 01:06:09,"Image pack, Sitelinks, Video, Shopping ads, Video Carousel, People also ask, Popular products, Related searches",commercial,Organic
25' hdmi cord,31,31,50,22,0.63,https://cctvfactory.com/25ft-hdmi-cable/,0,0,0,1,183,"0, 0, 0, 0, 0, 100, 0, 23, 41, 82, 64, 82",2026-07-13 10:56:22,"Sitelinks, Video, People also ask, Popular products, Related searches, Discussions and forums, AI overview","commercial, informational",Organic
6 foot hdmi,31,31,110,14,0.58,https://cctvfactory.com/6ft-hdmi-cable/,0,0,0,0.16,203,"52, 52, 42, 42, 52, 42, 52, 33, 42, 52, 33, 100",2026-08-01 04:13:11,"Sitelinks, Video, Image, People also ask, Popular products, Related searches, AI overview",commercial,Organic
cctv 2,23,23,50,23,0,https://cctvfactory.com/,0,0,0,0.33,168,"14, 14, 64, 0, 35, 100, 78, 50, 50, 50, 35, 21",2026-08-17 21:00:21,"Knowledge panel, Sitelinks, Reviews, Video, Image, Video Carousel, People also ask, Related searches, AI overview",informational,Organic
cvi camera,25,25,40,4,4.77,https://cctvfactory.com/hd-cvi/,0,0,0,0.81,183,"41, 23, 100, 11, 11, 11, 11, 11, 17, 11, 11, 11",2026-07-10 07:02:49,"Image pack, Sitelinks, Video, Image, Video Carousel, People also ask, Popular products, Related searches, AI overview",informational,Organic
hikvision 4 channel nvr,20,20,40,12,0.56,https://cctvfactory.com/hikvision-4ch-poe-nvr-network-video-recorder/,0,0,0,0.16,212,"11, 0, 11, 29, 29, 52, 11, 17, 17, 29, 17, 41",2026-08-15 17:05:42,"Sitelinks, Reviews, Video, People also ask, Related searches, AI overview",transactional,Organic
licence plate reader camera,56,56,320,19,3.27,https://cctvfactory.com/license-plate-reader-camera/,0,0,0,0.53,187,"10, 36, 20, 30, 20, 45, 13, 6, 8, 6, 20, 8",2026-07-15 20:19:37,"Sitelinks, Reviews, Video, Video Carousel, People also ask, Popular products, Related searches, AI overview",informational,Organic
nearity v410,41,41,40,1,0,https://cctvfactory.com/complete-systems/,0,0,0,1,147,"11, 11, 52, 41, 11, 11, 100, 23, 11, 11, 11, 11",2026-07-17 11:20:09,"Image pack, Sitelinks, Video, Video Carousel, People also ask, Related searches",informational,Organic
25 hdmi cable,19,24,260,24,0.5,https://cctvfactory.com/25ft-hdmi-cable/,0,0,0,1,217,"44, 36, 36, 36, 36, 36, 29, 36, 29, 23, 29, 36",2026-08-19 01:26:33,"Image pack, Sitelinks, Video, People also ask, Popular products, Related searches",commercial,Organic
24vac 40va transformer,25,25,70,23,0.72,https://cctvfactory.com/transformer-24volt-ac-40va/,0,0,0,0.99,221,"11, 11, 11, 23, 29, 23, 23, 41, 64, 64, 100, 64",2026-07-21 06:15:37,"Image pack, Sitelinks, Video, Image, People also ask, Popular products, Related searches",transactional,Organic
#cctvcamera,36,36,390,51,2.67,https://cctvfactory.com/,0,0,0,0.97,137,"0, 0, 0, 0, 0, 0, 0, 100, 0, 0, 0, 0",2026-07-08 01:48:41,"Sitelinks, Reviews, Video, Video Carousel, Related searches",informational,Organic
#cctvcamera,38,38,390,51,2.67,https://cctvfactory.com/,0,0,0,0.97,137,"0, 0, 0, 0, 0, 0, 0, 100, 0, 0, 0, 0",2026-07-08 01:48:41,"Sitelinks, Reviews, Video, Video Carousel, Related searches",informational,Organic
standalone controller,65,65,40,4,0.57,https://cctvfactory.com/all-in-one-standalone-central-control-machine-no-pc-required/,0,0,0,1,191,"2, 2, 28, 2, 10, 17, 0, 17, 7, 10, 7, 17",2026-07-21 21:08:20,"Image pack, Sitelinks, Video, Image, Video Carousel, People also ask, Popular products, Related searches, AI overview",commercial,Organic
cat 5 cable 100 ft,49,49,70,22,0.53,https://cctvfactory.com/100-feet-high-speed-ethernet-network-cable-for-ip-poe-camera-cat5-pre-made/,0,0,0,1,178,"0, 0, 64, 52, 100, 52, 64, 52, 52, 64, 0, 11",2026-08-07 04:10:43,"Sitelinks, Video, People also ask, Popular products, Related searches, Discussions and forums, AI overview",commercial,Organic
plate reader camera,53,53,260,12,2.72,https://cctvfactory.com/license-plate-reader-camera/,0,0,0,0.42,190,"100, 81, 81, 100, 81, 81, 81, 81, 65, 65, 100, 65",2026-07-07 18:55:17,"Sitelinks, Reviews, Video, Video Carousel, People also ask, Popular products, Related searches, AI overview",informational,Organic
nvr poe 4 channel,45,45,30,7,2.05,https://cctvfactory.com/hikvision-4ch-poe-nvr-network-video-recorder/,0,0,0,1,178,"18, 18, 18, 100, 18, 18, 18, 18, 18, 18, 18, 18",2026-06-30 19:56:36,"Sitelinks, Reviews, Video, Image, Video Carousel, People also ask, Related searches, AI overview",commercial,Organic
ai human detection camera,6,6,30,1,4.27,https://cctvfactory.com/cameras-dvr-nvr/ai/,0,0,0,0.77,146,"28, 28, 57, 42, 100, 28, 28, 28, 28, 28, 28, 28",2026-07-13 09:32:30,"Sitelinks, Video, Image, Video Carousel, People also ask, Popular products, Related searches, Discussions and forums, Ads middle, AI overview",informational,Organic
retail cctv,54,54,140,8,12.07,https://cctvfactory.com/,0,0,0,0.25,193,"80, 80, 80, 65, 42, 65, 53, 53, 34, 11, 19, 42",2026-08-09 13:06:32,"Sitelinks, Reviews, Video, Video Carousel, People also ask, Popular products, Related searches, AI overview","commercial, informational",Organic
bnc-2121,51,51,40,7,0,https://cctvfactory.com/cables-accessories/new-category/,0,0,0,0.33,180,"0, 11, 0, 0, 55, 77, 100, 44, 77, 44, 44, 44",2026-07-15 08:41:42,"Sitelinks, Video, Popular products, Related searches","informational, transactional",Organic
ac ac transformer,29,29,30,1,1.12,https://cctvfactory.com/transformer-24volt-ac-40va/,0,0,0,0.82,197,"0, 0, 0, 4, 0, 23, 9, 19, 4, 23, 52, 23",2026-07-08 22:32:12,"Image pack, Sitelinks, Video, Video Carousel, People also ask, Popular products, Related searches","informational, transactional",Organic
wholesale cctv camera,24,24,90,42,0,https://cctvfactory.com/,0,0,0,0.06,155,"43, 3, 3, 65, 28, 28, 100, 43, 0, 0, 3, 9",2026-06-29 22:49:46,"Local pack, Sitelinks, Video, Ads bottom, Popular products, Related searches",commercial,Organic
camera sdi hd,34,34,320,9,0.86,https://cctvfactory.com/hd-sdi-2-megapixel-box-camera-30fps-real-time-1080p-hdcctv/,0,0,0,1,193,"66, 66, 29, 29, 43, 54, 54, 54, 66, 54, 100, 81",2026-07-03 14:43:23,"Sitelinks, Video, Video Carousel, People also ask, Popular products, Related searches",commercial,Organic
camera dvr spy,28,28,70,5,0.51,https://cctvfactory.com/security-camera/spy-cameras/,0,0,0,1,199,"53, 53, 15, 21, 15, 15, 15, 15, 21, 12, 12, 15",2026-07-26 08:14:32,"Sitelinks, Video, Video Carousel, People also ask, Popular products, Related searches, AI overview",commercial,Organic
24 to 12 volt converter,45,45,260,13,0.57,https://cctvfactory.com/power-converter-convert-24vac-to-12vdc/,0,0,0,1,191,"66, 66, 66, 53, 53, 66, 53, 53, 66, 53, 66, 82",2026-07-22 17:26:00,"Sitelinks, Video, People also ask, Popular products, Related searches",commercial,Organic
cc camera dealers,21,0,40,45,5.24,https://cctvfactory.com/,0,0,0,0.03,212,"14, 14, 14, 14, 14, 14, 14, 14, 14, 14, 78, 100",2026-08-18 15:39:37,"Local pack, Sitelinks, Reviews, Video, People also ask, Popular products, Related searches",commercial,Organic
lpr camera cost,61,61,30,19,2.52,https://cctvfactory.com/license-plate-reader-camera/,0,0,0,0.35,188,"50, 100, 75, 100, 100, 50, 50, 50, 50, 50, 50, 50",2026-08-07 02:13:29,"Sitelinks, Reviews, Video, People also ask, Popular products, Related searches, AI overview","commercial, informational",Organic
camera lens 16mm ir cctv,57,57,40,22,0,https://cctvfactory.com/cables-accessories/camera-lens/,0,0,0,0,213,"18, 63, 81, 100, 27, 18, 18, 18, 18, 18, 18, 0",2026-08-15 12:16:53,"Sitelinks, Reviews, Video, People also ask, Popular products, Related searches, AI overview",commercial,Organic
bnc to rca plug,39,39,260,9,0.44,https://cctvfactory.com/bnc-to-rca-connector/,0,0,0,1,193,"43, 66, 29, 29, 43, 43, 54, 54, 66, 66, 66, 81",2026-07-03 13:37:53,"Sitelinks, Video, Video Carousel, People also ask, Popular products, Related searches, AI overview","commercial, informational",Organic
cctv camera store,13,13,170,70,10.32,https://cctvfactory.com/,0,0,0,0.01,216,"2, 2, 2, 2, 2, 2, 2, 15, 12, 23, 100, 81",2026-07-06 16:48:29,"Local pack, Sitelinks, Reviews, Video, Popular products, Related searches",commercial,Organic
cctv cctv camera,26,26,50,46,2.67,https://cctvfactory.com/,0,0,0,0.97,205,"1, 1, 1, 1, 2, 5, 14, 14, 11, 5, 7, 2",2026-07-01 09:21:52,"Knowledge panel, Sitelinks, Reviews, Video, Video Carousel, People also ask, Popular products, Related searches, AI overview",commercial,Organic
smart ai cameras,6,6,70,24,2.04,https://cctvfactory.com/cameras-dvr-nvr/ai/,0,0,0,0.72,177,"100, 100, 36, 0, 0, 0, 100, 63, 100, 63, 81, 100",2026-07-28 18:57:58,"Sitelinks, Reviews, Video, Video Carousel, People also ask, Popular products, Related searches, Discussions and forums, AI overview","commercial, informational",Organic
cctv lens assemblies,64,64,90,6,1.11,https://cctvfactory.com/cables-accessories/camera-lens/,0,0,0,0.67,196,"5, 23, 41, 41, 52, 64, 64, 52, 41, 64, 64, 100",2026-08-15 03:19:11,"Sitelinks, Video, People also ask, Popular products, Related searches","commercial, informational",Organic
tp-med4m28,40,40,50,8,3.23,https://cctvfactory.com/complete-systems/,0,0,0,0.8,167,"71, 57, 71, 71, 42, 71, 57, 42, 42, 42, 100, 100",2026-07-15 02:59:17,"Knowledge panel, Sitelinks, Video, People also ask, Related searches","commercial, informational",Organic
tp-med4m28,41,41,50,8,3.23,https://cctvfactory.com/complete-systems/,0,0,0,0.8,167,"71, 57, 71, 71, 42, 71, 57, 42, 42, 42, 100, 100",2026-07-15 02:59:17,"Knowledge panel, Sitelinks, Video, People also ask, Related searches","commercial, informational",Organic
network video recorder ip camera,26,26,720,23,2.02,https://cctvfactory.com/security-camera-recorder/ip-hd-cameras-nvr/network-video-recorders-nvr/,0,0,0,0.78,194,"62, 6, 45, 10, 62, 100, 36, 36, 36, 45, 45, 16",2026-08-13 09:03:48,"Sitelinks, Video, Video Carousel, People also ask, Popular products, Related searches, AI overview","commercial, informational",Organic
24vdc transformer,37,37,90,19,0.86,https://cctvfactory.com/transformer-24volt-ac-40va/,0,0,0,1,231,"34, 26, 34, 26, 15, 19, 26, 15, 34, 19, 19, 100",2026-08-10 14:21:51,"Image pack, Sitelinks, Video, Image, Ads bottom, People also ask, Popular products, Related searches",commercial,Organic
24ac transformer,30,30,40,9,0.67,https://cctvfactory.com/transformer-24volt-ac-40va/,0,0,0,0.99,247,"23, 14, 9, 14, 4, 23, 52, 14, 33, 4, 4, 14",2026-07-11 02:13:36,"Image pack, Sitelinks, Video, Image, People also ask, Popular products, Related searches",commercial,Organic
nvr ip camera,39,39,90,16,2.02,https://cctvfactory.com/security-camera-recorder/ip-hd-cameras-nvr/network-video-recorders-nvr/,0,0,0,0.78,233,"5, 19, 6, 0, 0, 0, 1, 5, 1, 0, 100, 2",2026-08-17 12:22:34,"Image pack, Sitelinks, Reviews, Video, Image, Video Carousel, People also ask, Popular products, Related searches, AI overview","commercial, informational",Organic
hdmi cable 6ft,26,26,110,19,0.45,https://cctvfactory.com/6ft-hdmi-cable/,0,0,0,1,203,"23, 28, 17, 17, 10, 12, 28, 28, 23, 2, 100, 82",2026-08-07 12:41:35,"Sitelinks, Video, People also ask, Popular products, Related searches, AI overview",commercial,Organic
camera ethernet cable,34,34,40,5,0.7,https://cctvfactory.com/100-feet-high-speed-ethernet-network-cable-for-ip-poe-camera-cat5-pre-made/,0,0,0,0.88,191,"17, 11, 29, 29, 11, 29, 17, 64, 11, 17, 41, 23",2026-08-17 22:14:18,"Image pack, Sitelinks, Reviews, Video, Video Carousel, People also ask, Popular products, Related searches, Discussions and forums, AI overview",informational,Organic
gv id,45,45,40,43,0,https://cctvfactory.com/gv-as-id-card-thin-type-13-56-mhz/,0,0,0,0.33,143000000,"41, 64, 11, 100, 11, 11, 11, 0, 11, 11, 11, 11",2026-07-17 08:26:34,"Reviews, Video, People also ask, Related searches",navigational,Organic
industrial network video recorder tampa,85,85,50,0,0,https://cctvfactory.com/security-camera-recorder/ip-hd-cameras-nvr/network-video-recorders-nvr/,0,0,0,0,6380000,"7, 0, 21, 21, 21, 28, 35, 100, 100, 50, 21, 21",2026-07-16 00:38:19,"Sitelinks, Reviews, Popular products, Related searches",commercial,Organic
cc security camera,35,35,50,,3.9,https://cctvfactory.com/,0,0,0,0.93,165,"5, 5, 5, 5, 2, 0, 2, 5, 5, 35, 100, 2",2026-07-05 14:05:16,"Sitelinks, Reviews, Video, Video Carousel, People also ask, Popular products, Related searches",commercial,Organic
cctv connectors,49,49,50,5,0.35,https://cctvfactory.com/cables-accessories/new-category/,0,0,0,1,256,"52, 41, 17, 41, 41, 0, 11, 23, 11, 64, 11, 11",2026-08-03 16:51:33,"Image pack, Sitelinks, Reviews, Video, Video Carousel, People also ask, Popular products, Related searches, AI overview","informational, transactional",Organic
hikvision nvr recorder,21,21,50,27,0,https://cctvfactory.com/hikvision-4ch-poe-nvr-network-video-recorder/,0,0,0,0.03,171,"29, 17, 41, 52, 100, 17, 11, 11, 11, 11, 23, 11",2026-07-12 20:58:16,"Sitelinks, Reviews, Video, Video Carousel, People also ask, Related searches, AI overview",informational,Organic
corner security camera,24,24,40,5,2.08,https://cctvfactory.com/tamperproof-metal-corner-mount-camera-2-8mm-wide-angle-lens-580tvl-cctv-camera/,0,0,0,1,190,"14, 52, 9, 14, 19, 19, 9, 19, 9, 9, 23, 23",2026-08-14 08:23:54,"Image pack, Sitelinks, Video, People also ask, Popular products, Related searches, Discussions and forums, AI overview","commercial, informational",Organic
linux network video recorder,22,22,90,4,3.09,https://cctvfactory.com/64-ch-embedded-linux-nvr-12m-recording-2-4k-hdmi-1-vga-output-h-265-8-hdd-bays-2-rj-45-port/,0,0,0,0.09,172,"50, 28, 50, 50, 78, 78, 64, 64, 50, 50, 78, 50",2026-08-11 17:18:40,"Sitelinks, Video, Video Carousel, People also ask, Popular products, Related searches",commercial,Organic
25 foot hdmi cables,18,18,40,25,0.38,https://cctvfactory.com/25ft-hdmi-cable/,0,0,0,1,134,"19, 4, 66, 23, 33, 33, 23, 4, 0, 0, 0, 4",2026-07-26 19:53:56,"Sitelinks, Video, People also ask, Related searches, AI overview",commercial,Organic
32 channel network video recorder,34,34,90,0,2.44,https://cctvfactory.com/32-channel-ultra-4k-h-265-network-video-recorder/,0,0,0,1,176,"78, 78, 64, 50, 78, 35, 28, 50, 64, 50, 78, 64",2026-07-14 09:27:24,"Sitelinks, Reviews, Video, Popular products, Related searches, AI overview",commercial,Organic
vcsi,72,72,90,12,0,https://cctvfactory.com/video-serial-interface-vsi-pro/,0,0,0,0.33,111,"35, 35, 50, 50, 28, 64, 78, 100, 78, 14, 78, 78",2026-07-15 16:15:45,"Image pack, Reviews, Video, Related searches, AI overview",informational,Organic
40 va transformer 24v,24,24,50,13,0.97,https://cctvfactory.com/transformer-24volt-ac-40va/,0,0,0,1,185,"6, 34, 6, 6, 6, 6, 34, 34, 6, 6, 6, 6",2026-06-25 00:45:15,"Sitelinks, Video, People also ask, Popular products, Related searches, AI overview","commercial, informational",Organic
lan cable for camera,39,39,40,9,0,https://cctvfactory.com/ethernet-cable-for-ip-camera-cat5-pre-made-50-feet/,0,0,0,1,193,"11, 82, 0, 11, 100, 23, 11, 0, 11, 11, 11, 11",2026-08-16 07:19:59,"Image pack, Sitelinks, Reviews, Video, Image, Video Carousel, People also ask, Popular products, Related searches, Discussions and forums, AI overview","commercial, informational",Organic
affordable plate readers,34,34,70,15,0,https://cctvfactory.com/license-plate-reader-camera/,0,0,0,0,185,"36, 18, 100, 36, 18, 45, 63, 100, 81, 63, 45, 45",2026-06-30 00:59:40,"Sitelinks, Reviews, Video, Video Carousel, Popular products, Related searches, Discussions and forums, AI overview","commercial, informational",Organic
black pole with solar panel and camera,40,40,90,22,0,https://cctvfactory.com/50wsolar-powered-security-camera-system-with-pana-180-camera-wifi-with-black-metal-pole-13-feet-total-height/,0,0,0,0.01,134,"63, 81, 81, 63, 45, 81, 81, 63, 63, 63, 100, 100",2026-07-05 01:54:15,"Sitelinks, Video, People also ask, Popular products, Related searches, AI overview",informational,Organic
black pole with solar panel and camera,82,82,90,22,0,https://cctvfactory.com/dual-pana-180-camera-wifi-100-watt-solar-powered-security-camera-system-with-side-of-pole-mount/,0,0,0,0.01,134,"63, 81, 81, 63, 45, 81, 81, 63, 63, 63, 100, 100",2026-07-05 01:54:15,"Sitelinks, Video, People also ask, Popular products, Related searches, AI overview",informational,Organic
rim device,49,49,70,1,2.98,https://cctvfactory.com/rim-type-exit-device/,0,0,0,0.99,198,"63, 81, 81, 81, 81, 81, 27, 63, 63, 63, 63, 81",2026-08-13 23:20:55,"Sitelinks, Video, Video Carousel, People also ask, Popular products, Related searches, AI overview",informational,Organic
cat5 power over ethernet cable,29,29,480,18,0.84,https://cctvfactory.com/ethernet-cable-for-ip-camera-cat5-pre-made-50-feet/,0,0,0,0.23,200,"19, 54, 19, 19, 44, 54, 81, 67, 100, 81, 100, 81",2026-07-31 06:52:51,"Sitelinks, Video, Video Carousel, People also ask, Popular products, Related searches, Discussions and forums, AI overview",commercial,Organic
network video recorder price,25,25,30,10,1.14,https://cctvfactory.com/security-camera-recorder/ip-hd-cameras-nvr/network-video-recorders-nvr/,0,0,0,1,178,"45, 36, 45, 63, 18, 18, 18, 18, 18, 18, 18, 18",2026-07-20 11:01:44,"Sitelinks, Reviews, Video, People also ask, Popular products, Related searches",transactional,Organic
4 channel nvr,57,57,210,4,1.54,https://cctvfactory.com/hikvision-4ch-poe-nvr-network-video-recorder/,0,0,0,0.92,173,"53, 65, 81, 43, 34, 65, 100, 81, 65, 65, 81, 43",2026-07-03 14:28:13,"Image pack, Sitelinks, Reviews, Video, Video Carousel, People also ask, Popular products, Related searches, AI overview","commercial, informational",Organic
fire rated rim exit device,51,51,50,0,3.6,https://cctvfactory.com/rim-type-exit-device/,0,0,0,0.99,203,"100, 18, 18, 100, 100, 100, 18, 18, 18, 18, 18, 27",2026-08-09 12:54:10,"Sitelinks, Reviews, Video, Video Carousel, People also ask, Popular products, Related searches, AI overview","commercial, informational",Organic
cctv shop,9,9,40,31,18.41,https://cctvfactory.com/,0,0,0,0.06,240,"14, 9, 9, 9, 9, 9, 9, 9, 52, 52, 4, 52",2026-08-09 14:56:57,"Local pack, Image pack, Sitelinks, Reviews, Video, Ads bottom, Related searches, Discussions and forums",commercial,Organic
poe cat5,41,41,70,14,1.03,https://cctvfactory.com/100-feet-high-speed-ethernet-network-cable-for-ip-poe-camera-cat5-pre-made/,0,0,0,0.17,187,"15, 26, 100, 0, 26, 42, 15, 7, 53, 3, 7, 65",2026-08-09 21:02:35,"Sitelinks, Reviews, Video, People also ask, Popular products, Related searches, AI overview",informational,Organic
cctv camera company,32,32,140,24,15.98,https://cctvfactory.com/,0,0,0,0.49,188,"7, 11, 34, 80, 65, 34, 65, 100, 42, 26, 80, 65",2026-06-26 14:54:04,"Local pack, Sitelinks, Reviews, Video, People also ask, Popular products, Related searches",commercial,Organic
license plate capture camera system 1080p hd lpr camera tampa,35,52,40,9,0,https://cctvfactory.com/realtime-1080p-license-plate-capture-ip-camera-with-motorized-focus-zoom-lens/,0,0,0,0,8210,"0, 42, 42, 42, 71, 57, 100, 71, 42, 42, 57, 42",2026-08-18 13:20:26,"Sitelinks, Reviews, Video, Video Carousel, People also ask, Popular products, Related searches",commercial,Organic
16 channel dvr camera system,33,33,50,4,2.76,https://cctvfactory.com/16ch-hd-cvi-720p-dvr-with-16-x-hd-cameras-and-1tb-hard-drive-package/,0,0,0,1,182,"27, 18, 36, 36, 45, 63, 63, 63, 45, 36, 36, 45",2026-07-13 08:58:20,"Sitelinks, Video, Video Carousel, People also ask, Popular products, Related searches",commercial,Organic
unix cctv northridge branch,29,29,70,30,0,https://cctvfactory.com/,0,0,0,0.02,697,"3, 3, 42, 34, 34, 3, 34, 3, 3, 100, 15, 0",2026-08-07 02:03:44,"Knowledge panel, Sitelinks, Reviews, Video, Related searches",navigational,Organic
ctv camera,33,33,170,65,3.64,https://cctvfactory.com/,0,0,0,0.74,196,"19, 2, 7, 15, 5, 23, 23, 36, 15, 44, 29, 19",2026-08-13 23:21:37,"Image pack, Sitelinks, Reviews, Video, People also ask, Popular products, Related searches, Discussions and forums, AI overview","commercial, informational",Organic
ctv camera,35,35,170,65,3.64,https://cctvfactory.com/,0,0,0,0.74,196,"19, 2, 7, 15, 5, 23, 23, 36, 15, 44, 29, 19",2026-08-13 23:21:37,"Image pack, Sitelinks, Reviews, Video, People also ask, Popular products, Related searches, Discussions and forums, AI overview","commercial, informational",Organic
tp med4m28,38,38,30,6,3.23,https://cctvfactory.com/complete-systems/,0,0,0,0.8,170,"28, 100, 28, 28, 57, 28, 28, 28, 28, 28, 28, 28",2026-07-12 18:41:30,"Knowledge panel, Sitelinks, Video, Related searches",informational,Organic
wholesale security cameras,51,51,390,24,8.75,https://cctvfactory.com/,0,0,0,0.72,186,"35, 100, 100, 100, 100, 100, 100, 100, 66, 81, 43, 66",2026-08-03 07:50:42,"Local pack, Sitelinks, Reviews, Video, Image, People also ask, Popular products, Related searches, AI overview",commercial,Organic
camera license plate reader,68,68,40,18,2.64,https://cctvfactory.com/license-plate-reader-camera/,0,0,0,0.69,194,"4, 5, 7, 5, 5, 5, 3, 2, 2, 3, 3, 7",2026-08-14 01:12:47,"Image pack, Sitelinks, Reviews, Video, Image, Video Carousel, People also ask, Popular products, Related searches, AI overview","commercial, informational",Organic
hikvision 4k ip camera ir,16,16,50,9,0,https://cctvfactory.com/cameras-dvr-nvr/ip-hd-cameras-nvr/hikvision-oem-ip-cameras/,0,0,0,0.33,191,"28, 50, 100, 100, 35, 14, 14, 14, 14, 14, 14, 14",2026-08-05 10:08:43,"Sitelinks, Reviews, Video, Related searches, AI overview",informational,Organic
cctv store,9,9,50,46,3.37,https://cctvfactory.com/,0,0,0,0.2,205,"7, 2, 2, 7, 3, 3, 2, 2, 2, 15, 12, 7",2026-08-11 06:31:03,"Local pack, Sitelinks, Reviews, Video, Ads bottom, People also ask, Popular products, Related searches",commercial,Organic
cctv store,11,11,50,46,3.37,https://cctvfactory.com/,0,0,0,0.2,205,"7, 2, 2, 7, 3, 3, 2, 2, 2, 15, 12, 7",2026-08-11 06:31:03,"Local pack, Sitelinks, Reviews, Video, Ads bottom, People also ask, Popular products, Related searches",commercial,Organic
24 v to 12 v converter,35,35,50,22,0.48,https://cctvfactory.com/power-converter-convert-24vac-to-12vdc/,0,0,0,1,194,"0, 14, 23, 19, 42, 19, 14, 19, 9, 4, 19, 100",2026-07-13 14:28:06,"Sitelinks, Video, Video Carousel, People also ask, Popular products, Related searches, Discussions and forums",commercial,Organic
24 v to 12 v converter,44,44,50,22,0.48,https://cctvfactory.com/power-converter-convert-24vac-to-12vdc/,0,0,0,1,194,"0, 14, 23, 19, 42, 19, 14, 19, 9, 4, 19, 100",2026-07-13 14:28:06,"Sitelinks, Video, Video Carousel, People also ask, Popular products, Related searches, Discussions and forums",commercial,Organic
25 foot hdmi cable,30,30,1300,26,0.38,https://cctvfactory.com/25ft-hdmi-cable/,0,0,0,1,211,"52, 52, 52, 100, 84, 68, 100, 84, 52, 46, 52, 68",2026-07-22 18:15:31,"Sitelinks, Reviews, Video, Image, People also ask, Popular products, Related searches",commercial,Organic
hdmi cable 6 feet,27,27,110,10,0.45,https://cctvfactory.com/6ft-hdmi-cable/,0,0,0,1,202,"23, 28, 35, 35, 35, 28, 28, 28, 28, 28, 35, 28",2026-08-09 10:30:29,"Sitelinks, Video, People also ask, Popular products, Related searches, AI overview",commercial,Organic
unix cctv corp,33,33,210,30,5.51,https://cctvfactory.com/,0,0,0,0.04,104,"53, 43, 66, 35, 35, 23, 28, 35, 82, 53, 66, 82",2026-07-16 21:45:25,"Sitelinks, Reviews, People also ask, Related searches",navigational,Organic
ethernet cable for camera,31,31,140,9,0.7,https://cctvfactory.com/100-feet-high-speed-ethernet-network-cable-for-ip-poe-camera-cat5-pre-made/,0,0,0,0.88,189,"34, 15, 65, 28, 81, 100, 81, 34, 34, 28, 21, 15",2026-08-14 19:03:46,"Image pack, Sitelinks, Reviews, Video, Image, Video Carousel, People also ask, Related searches, Discussions and forums, AI overview",commercial,Organic
lpr cost,69,69,30,15,3.12,https://cctvfactory.com/license-plate-reader-camera/,0,0,0,0.36,116,"27, 36, 27, 27, 27, 36, 36, 27, 18, 18, 18, 18",2026-07-07 08:54:51,"Sitelinks, Video, People also ask, Related searches, Ads middle, AI overview",informational,Organic
lpr cost,74,74,30,15,3.12,https://cctvfactory.com/license-plate-reader-camera/,0,0,0,0.36,116,"27, 36, 27, 27, 27, 36, 36, 27, 18, 18, 18, 18",2026-07-07 08:54:51,"Sitelinks, Video, People also ask, Related searches, Ads middle, AI overview",informational,Organic
cat 5e poe,20,20,90,5,0.88,https://cctvfactory.com/ethernet-cable-for-ip-camera-cat5-pre-made-50-feet/,0,0,0,0.16,121,"52, 33, 52, 23, 42, 42, 42, 42, 33, 33, 23, 100",2026-07-21 14:51:29,"Image pack, Sitelinks, Video, Video Carousel, People also ask, Related searches, Short videos, Discussions and forums",informational,Organic
and speed dome 30x 2mp,12,12,40,0,0.99,https://cctvfactory.com/2-mp-30x-network-ir-ptz-dome-camera/,0,0,0,0.98,132,"50, 50, 50, 78, 100, 28, 7, 0, 0, 0, 14, 0",2026-06-30 18:56:47,"Sitelinks, Video, Popular products, Related searches",commercial,Organic
licence plate camera reader,55,55,590,24,3.27,https://cctvfactory.com/license-plate-reader-camera/,0,0,0,0.53,192,"8, 16, 4, 20, 100, 100, 7, 4, 5, 4, 13, 2",2026-06-30 23:52:21,"Sitelinks, Reviews, Video, Image, Video Carousel, People also ask, Popular products, Related searches, AI overview","commercial, informational",Organic
licence plate camera reader,60,60,590,24,3.27,https://cctvfactory.com/license-plate-reader-camera/,0,0,0,0.53,192,"8, 16, 4, 20, 100, 100, 7, 4, 5, 4, 13, 2",2026-06-30 23:52:21,"Sitelinks, Reviews, Video, Image, Video Carousel, People also ask, Popular products, Related searches, AI overview","commercial, informational",Organic
ip camera and nvr system,50,50,30,18,6.33,https://cctvfactory.com/security-camera-recorder/ip-hd-cameras-nvr/network-video-recorders-nvr/,0,0,0,0.98,185,"64, 11, 17, 23, 11, 11, 11, 11, 11, 11, 11, 11",2026-07-26 05:42:51,"Sitelinks, Video, Video Carousel, People also ask, Popular products, Related searches, Discussions and forums, AI overview","commercial, informational",Organic
6 ft hdmi cable,31,31,210,16,0.46,https://cctvfactory.com/6ft-hdmi-cable/,0,0,0,1,206,"43, 43, 43, 81, 43, 43, 43, 66, 66, 22, 22, 22",2026-08-14 09:52:12,"Image pack, Sitelinks, Video, Image, People also ask, Popular products, Related searches",commercial,Organic
height strip camera,71,71,70,3,4.88,https://cctvfactory.com/security-camera/spy-cameras/,0,0,0,1,177,"50, 28, 78, 50, 28, 50, 21, 35, 35, 78, 28, 35",2026-07-08 01:49:19,"Image pack, Sitelinks, Video, Image, People also ask, Popular products, Related searches",commercial,Organic
surveillance kit with 5mp,18,18,70,0,0,https://cctvfactory.com/5mp-security-system-kit-with-8-x-2-8mm-fixed-lens-2m-bullet/,0,0,0,0.07,190,"100, 19, 19, 26, 42, 65, 7, 7, 7, 7, 7, 7",2026-06-25 06:16:26,"Sitelinks, Reviews, Video, Popular products, Related searches",commercial,Organic
corner mount camera,33,33,140,7,1.92,https://cctvfactory.com/tamperproof-metal-corner-mount-camera-2-8mm-wide-angle-lens-580tvl-cctv-camera/,0,0,0,1,187,"11, 7, 100, 7, 7, 9, 9, 7, 5, 7, 7, 7",2026-07-22 21:46:54,"Image pack, Sitelinks, Reviews, Video, Image, Video Carousel, People also ask, Popular products, Related searches","commercial, informational",Organic
license plate camera reader,56,56,210,20,3.27,https://cctvfactory.com/license-plate-reader-camera/,0,0,0,0.53,184,"8, 20, 16, 24, 13, 16, 13, 16, 16, 6, 16, 13",2026-07-03 10:26:35,"Sitelinks, Reviews, Video, Image, Video Carousel, People also ask, Popular products, Related searches, AI overview",commercial,Organic
bnc to bnc,44,44,70,6,1.38,https://cctvfactory.com/bnc-to-bnc-connector/,0,0,0,1,198,"11, 11, 64, 11, 64, 11, 11, 23, 52, 29, 100, 41",2026-07-18 06:20:15,"Image pack, Sitelinks, Video, Video Carousel, People also ask, Popular products, Related searches",commercial,Organic
poe cat5 cable,30,30,110,21,0.88,https://cctvfactory.com/ethernet-cable-for-ip-camera-cat5-pre-made-50-feet/,0,0,0,0.16,194,"65, 53, 53, 42, 53, 65, 19, 34, 34, 34, 42, 34",2026-07-08 01:46:48,"Sitelinks, Video, Video Carousel, People also ask, Related searches, AI overview",commercial,Organic
unixcctv,44,44,590,24,2.07,https://cctvfactory.com/,0,0,0,0.16,113,"3, 24, 27, 16, 24, 13, 20, 16, 8, 10, 24, 8",2026-08-13 22:58:10,"Sitelinks, Reviews, Video, People also ask, Related searches",navigational,Organic
hdmi cable 25,38,38,170,24,0.59,https://cctvfactory.com/25ft-hdmi-cable/,0,0,0,1,182,"43, 34, 65, 34, 81, 53, 53, 34, 65, 53, 43, 43",2026-06-25 12:02:23,"Sitelinks, Reviews, Video, People also ask, Popular products, Related searches, Discussions and forums, AI overview",commercial,Organic
panasonic hd sdi,48,48,90,11,0,https://cctvfactory.com/cameras-dvr-nvr/hd-sdi/,0,0,0,0.78,182,"50, 50, 35, 50, 78, 78, 78, 64, 78, 78, 100, 78",2026-07-18 11:39:53,"Sitelinks, Video, People also ask, Popular products, Related searches",transactional,Organic
mobile license plate reader for sale,56,56,50,19,0,https://cctvfactory.com/license-plate-reader-camera/,0,0,0,0,151,"28, 71, 71, 100, 100, 71, 71, 100, 71, 71, 100, 100",2026-08-06 11:19:29,"Sitelinks, Reviews, Video, Ads bottom, Popular products, Related searches, AI overview",transactional,Organic
mobile license plate reader for sale,73,73,50,19,0,https://cctvfactory.com/license-plate-reader-camera/,0,0,0,0,151,"28, 71, 71, 100, 100, 71, 71, 100, 71, 71, 100, 100",2026-08-06 11:19:29,"Sitelinks, Reviews, Video, Ads bottom, Popular products, Related searches, AI overview",transactional,Organic
cctv camera distributors,50,0,30,20,6.83,https://cctvfactory.com/,0,0,0,0.16,187,"28, 28, 100, 14, 42, 14, 28, 28, 71, 14, 28, 42",2026-08-18 21:58:27,"Local pack, Sitelinks, Reviews, Video, People also ask, Popular products, Related searches",commercial,Organic
64 channel nvr,17,17,140,3,2.53,https://cctvfactory.com/hikvision-64ch-poe-8mp-4k-nvr-network-video-recorder-support-pos-integration/,0,0,0,1,178,"5, 5, 7, 8, 5, 8, 7, 5, 7, 5, 5, 4",2026-07-28 09:47:54,"Sitelinks, Reviews, Video, Image, Video Carousel, Popular products, Related searches, AI overview","commercial, informational",Organic
2mp ahd camera zooming cctv,32,32,40,,0,https://cctvfactory.com/2mp-network-ptz-dome-camera-20-optical-zoom-16-digitalzoom/,0,0,0,0.33,201,"100, 9, 9, 9, 9, 9, 9, 9, 9, 9, 9, 9",2026-07-12 08:55:06,"Sitelinks, Reviews, Video, Video Carousel, People also ask, Popular products","commercial, informational",Organic
bnc bnc,43,43,50,34,1.38,https://cctvfactory.com/bnc-to-bnc-connector/,0,0,0,1,192,"11, 11, 64, 11, 64, 11, 11, 11, 11, 11, 64, 11",2026-07-30 17:56:51,"Knowledge panel, Image pack, Sitelinks, Reviews, Video, Video Carousel, People also ask, Popular products, Related searches",informational,Organic
license plate reader for sale,41,41,70,26,2.07,https://cctvfactory.com/license-plate-reader-camera/,0,0,0,0.66,196,"5, 5, 5, 5, 5, 5, 12, 5, 5, 5, 5, 15",2026-08-11 04:29:05,"Sitelinks, Reviews, Video, Image, People also ask, Popular products, Related searches, AI overview",transactional,Organic
quadruple power,42,42,210,3,0,https://cctvfactory.com/one-to-four-power-quad-splitter-2-1mm-socket-to-4-x-2-1mm-power-plug/,0,0,0,0.33,197,"65, 65, 65, 65, 81, 65, 65, 65, 65, 100, 81, 81",2026-08-04 20:15:53,"Sitelinks, Reviews, Video, Video Carousel, Related searches, AI overview",informational,Organic
25 foot hdmi cord,30,30,210,29,0.38,https://cctvfactory.com/25ft-hdmi-cable/,0,0,0,1,180,"4, 62, 6, 10, 8, 8, 6, 6, 8, 4, 8, 5",2026-07-29 14:16:55,"Sitelinks, Video, Ads top, People also ask, Popular products, Related searches",commercial,Organic
ds150i manual,36,36,70,0,0,https://cctvfactory.com/bosch-ds150i-series-request-to-exit-detector/,0,0,0,0.33,95,"63, 63, 81, 63, 63, 45, 45, 63, 45, 63, 63, 63",2026-07-26 01:46:43,"Image pack, Reviews, Video, Related searches",informational,Organic
plate reader,79,79,2400,49,5.61,https://cctvfactory.com/license-plate-reader-camera/,0,0,0,0.68,196,"54, 43, 43, 100, 65, 54, 43, 43, 54, 54, 54, 54",2026-08-16 02:51:17,"Image pack, Sitelinks, Reviews, Video, People also ask, Popular products, Related searches, AI overview",informational,Organic
cctv dpr,46,46,260,23,0,https://cctvfactory.com/license-plate-reader-camera/,0,0,0,0.33,159,"0, 0, 100, 0, 0, 0, 0, 0, 0, 0, 0, 0",2026-08-11 08:34:38,"Reviews, Video, Related searches, AI overview",informational,Organic
security camera license plate reader,68,68,50,18,3.93,https://cctvfactory.com/license-plate-reader-camera/,0,0,0,1,190,"21, 14, 64, 78, 28, 50, 50, 50, 21, 14, 28, 14",2026-07-29 13:32:02,"Sitelinks, Reviews, Video, Image, Video Carousel, People also ask, Popular products, Related searches, AI overview",commercial,Organic
ip camera nvr system with,51,51,50,17,0,https://cctvfactory.com/security-camera-recorder/ip-hd-cameras-nvr/network-video-recorders-nvr/,0,0,0,0.33,166,"78, 100, 21, 50, 100, 35, 0, 0, 0, 0, 0, 0",2026-07-12 22:12:14,"Sitelinks, Reviews, Video, Video Carousel, Popular products, Related searches",commercial,Organic
ip dvr,28,28,30,17,1.25,https://cctvfactory.com/security-camera-recorder/ip-hd-cameras-nvr/ip-hd-cameras/,0,0,0,1,189,"7, 7, 7, 7, 7, 7, 7, 7, 65, 7, 7, 7",2026-06-24 09:40:03,"Image pack, Sitelinks, Video, Image, Video Carousel, People also ask, Popular products, Related searches",informational,Organic
cat 5 poe,40,40,70,23,0.88,https://cctvfactory.com/100-feet-high-speed-ethernet-network-cable-for-ip-poe-camera-cat5-pre-made/,0,0,0,0.16,195,"10, 23, 17, 17, 12, 66, 17, 23, 17, 7, 5, 12",2026-07-28 08:07:02,"Sitelinks, Reviews, Video, People also ask, Related searches, Short videos, Discussions and forums, AI overview",informational,Organic
25 foot hdmi,33,33,170,25,0.4,https://cctvfactory.com/25ft-hdmi-cable/,0,0,0,1,177,"100, 14, 80, 100, 100, 80, 100, 80, 100, 66, 42, 66",2026-07-18 04:16:35,"Sitelinks, Video, People also ask, Related searches, AI overview",commercial,Organic
hd sdi camera,31,31,210,6,0.77,https://cctvfactory.com/hd-sdi-2-megapixel-box-camera-30fps-real-time-1080p-hdcctv/,0,0,0,1,218,"66, 43, 43, 35, 100, 82, 43, 23, 66, 66, 53, 82",2026-08-03 08:06:34,"Image pack, Sitelinks, Video, Image, People also ask, Popular products, Related searches, AI overview",commercial,Organic
commercial video surveillance katy,59,59,110,3,0,https://cctvfactory.com/,0,0,0,0,185,"9, 100",2026-07-18 21:21:14,"Local pack, Reviews, Video, Popular products, Related searches",commercial,Organic
cctv supply,21,21,140,18,3.77,https://cctvfactory.com/,0,0,0,0.33,0,"28, 34, 28, 43, 28, 21, 28, 21, 21, 81, 100, 81",2026-08-10 12:17:06,"Local pack, Sitelinks, Reviews, Video, People also ask, Popular products, Related searches",navigational,Organic
25ft hdmi,29,29,110,9,0.38,https://cctvfactory.com/25ft-hdmi-cable/,0,0,0,0.97,207,"23, 12, 17, 17, 17, 28, 17, 100, 17, 23, 28, 17",2026-06-24 22:46:19,"Sitelinks, Reviews, Video, People also ask, Popular products, Related searches",commercial,Organic
alpr camera,62,62,3600,44,3.15,https://cctvfactory.com/license-plate-reader-camera/,0,0,0,0.16,195,"36, 36, 54, 24, 36, 54, 100, 43, 54, 28, 54, 81",2026-08-17 17:39:00,"Image pack, Video, Video Carousel, People also ask, Popular products, Related searches, AI overview",informational,Organic
definition camera bracket,34,34,40,10,0,https://cctvfactory.com/camera-bracket/,0,0,0,0.33,32600000,"35, 64, 50, 78, 100, 28, 0, 0, 0, 0, 0, 0",2026-07-12 18:47:51,"Sitelinks, Video, Video Carousel, People also ask, Related searches",informational,Organic
license plate capture camera,60,60,110,18,3.65,https://cctvfactory.com/license-plate-reader-camera/,0,0,0,0.95,193,"52, 52, 52, 82, 64, 82, 82, 100, 82, 52, 29, 52",2026-07-24 08:14:00,"Sitelinks, Reviews, Video, Video Carousel, People also ask, Popular products, Related searches, Discussions and forums, AI overview","commercial, informational",Organic
bnc connectors for cctv,42,42,40,3,0.38,https://cctvfactory.com/cables-accessories/new-category/,0,0,0,0.83,191,"0, 0, 55, 0, 44, 11, 100, 55, 55, 55, 77, 33",2026-08-16 01:17:03,"Image pack, Sitelinks, Reviews, Video, Video Carousel, People also ask, Popular products, Related searches",commercial,Organic
the lcd tv wall mount,44,44,40,41,0,https://cctvfactory.com/cables-accessories/tv-lcd-mount/,0,0,0,0.33,175,"28, 35, 50, 78, 100, 28, 0, 0, 0, 0, 0, 0",2026-07-13 04:54:49,"Sitelinks, Video, Video Carousel, People also ask, Related searches",commercial,Organic
bnc connector crimp,35,35,210,4,0.69,https://cctvfactory.com/rg59-bnc-crimp-on-connector/,0,0,0,1,165,"100, 82, 35, 43, 53, 43, 23, 53, 53, 0, 66, 53",2026-07-04 19:53:41,"Image pack, Sitelinks, Video, Video Carousel, People also ask, Popular products, Related searches, AI overview","commercial, informational",Organic
6ft hdmi cable,26,26,390,15,0.45,https://cctvfactory.com/6ft-hdmi-cable/,0,0,0,1,202,"36, 36, 44, 36, 36, 44, 54, 44, 36, 67, 100, 10",2026-08-13 13:57:45,"Image pack, Sitelinks, Video, Image, People also ask, Popular products, Related searches",commercial,Organic
24v to 12v dc converter,44,44,260,4,0.82,https://cctvfactory.com/power-converter-convert-24vac-to-12vdc/,0,0,0,0.99,187,"81, 65, 65, 81, 100, 100, 65, 81, 43, 65, 81, 81",2026-07-28 18:04:20,"Sitelinks, Video, Video Carousel, People also ask, Popular products, Related searches, Discussions and forums, AI overview","commercial, informational",Organic
ip camera and hd camera,61,61,40,11,0,https://cctvfactory.com/security-camera-recorder/ip-hd-cameras-nvr/ip-hd-cameras/,0,0,0,0,173,"7, 78, 100, 7, 7, 14, 7, 7, 14, 7",2026-06-30 15:44:47,"Image pack, Sitelinks, Video, Image, People also ask, Popular products, Related searches, Short videos, AI overview","commercial, informational",Organic
retail cctv systems,63,63,110,20,0,https://cctvfactory.com/,0,0,0,0.08,185,"100, 82, 82, 64, 41, 82, 64, 64, 64, 52, 52, 52",2026-08-02 03:59:11,"Local pack, Sitelinks, Reviews, Video, Ads bottom, Popular products, Related searches, Discussions and forums, AI overview","commercial, informational",Organic
cameras hd sdi,34,34,90,5,0.86,https://cctvfactory.com/cameras-dvr-nvr/hd-sdi/,0,0,0,1,196,"100, 0, 12, 3, 0, 0, 81, 3, 0, 15, 53, 21",2026-07-12 02:17:14,"Sitelinks, Reviews, Video, Video Carousel, People also ask, Popular products, Related searches",commercial,Organic
ndaa compliant nvr,61,61,50,2,3.54,https://cctvfactory.com/cameras-dvr-nvr/ip-hd-cameras-nvr/ultracctv-ndaa-compliance/,0,0,0,1,118,"27, 27, 45, 63, 45, 63, 63, 63, 45, 36, 45, 45",2026-07-23 22:10:20,"Sitelinks, Reviews, Video, People also ask, Related searches, AI overview",informational,Organic
16 camera dvr,26,26,30,8,1.94,https://cctvfactory.com/16ch-hd-cvi-720p-dvr-with-16-x-hd-cameras-and-1tb-hard-drive-package/,0,0,0,1,177,"5, 3, 6, 8, 6, 3, 6, 5, 5, 3, 3, 6",2026-07-29 14:55:51,"Sitelinks, Video, Ads top, Popular products, Related searches, AI overview",commercial,Organic
manufacturing cctv,7,7,30,18,4.66,http://www.cctvfactory.com/,0,0,0,0.11,12300,"100, 18, 18, 18, 18, 18, 18, 18, 18, 18, 18, 18",2026-07-28 20:09:58,"Local pack, Video, Video Carousel, People also ask, Related searches, AI overview",informational,Local pack
manufacturing cctv,31,31,30,18,4.66,https://cctvfactory.com/,0,0,0,0.11,12300,"100, 18, 18, 18, 18, 18, 18, 18, 18, 18, 18, 18",2026-07-28 20:09:58,"Local pack, Video, Video Carousel, People also ask, Related searches, AI overview",informational,Organic
cmc tech,44,44,90,45,0,https://cctvfactory.com/about-us/,0,0,0,0.03,122,"41, 11, 64, 64, 100, 82, 41, 52, 64, 41, 64, 52",2026-07-24 17:37:48,"Sitelinks, Video, Image, People also ask, Related searches",informational,Organic
cmc tech,64,64,90,45,0,https://cctvfactory.com/electronics/,0,0,0,0.03,122,"41, 11, 64, 64, 100, 82, 41, 52, 64, 41, 64, 52",2026-07-24 17:37:48,"Sitelinks, Video, Image, People also ask, Related searches",informational,Organic
surveillance cameras wholesale,45,0,30,14,8.75,https://cctvfactory.com/,0,0,0,0.72,161,"0, 0, 11, 0, 5, 5, 41, 0, 0, 100, 23, 11",2026-08-18 19:49:15,"Local pack, Sitelinks, Video, People also ask, Popular products, Related searches, AI overview",commercial,Organic
hikvision nvr 4 channel,27,27,70,13,0.46,https://cctvfactory.com/hikvision-4ch-poe-nvr-network-video-recorder/,0,0,0,0.17,192,"6, 6, 21, 21, 34, 53, 100, 6, 6, 6, 9, 9",2026-08-01 04:02:04,"Image pack, Sitelinks, Reviews, Video, Image, Video Carousel, People also ask, Related searches, AI overview",informational,Organic
nvr 4.0,18,18,40,10,2.87,https://cctvfactory.com/hikvision-4ch-poe-nvr-network-video-recorder/,0,0,0,0.66,180,"14, 9, 52, 9, 9, 9, 23, 14, 14, 19, 14, 9",2026-08-10 09:56:03,"Image pack, Sitelinks, Reviews, Video, Video Carousel, People also ask, AI overview",informational,Organic
24vac to 24vdc converter,40,40,70,6,0.91,https://cctvfactory.com/power-converter-convert-24vac-to-12vdc/,0,0,0,1,193,"5, 4, 4, 11, 7, 11, 5, 4, 11, 11, 2, 11",2026-07-18 07:53:24,"Image pack, Sitelinks, Video, Image, People also ask, Popular products, Related searches, Discussions and forums, AI overview",commercial,Organic
40va 24vac transformer,12,12,50,4,0.72,https://cctvfactory.com/transformer-24volt-ac-40va/,0,0,0,0.99,184,"18, 18, 18, 18, 18, 18, 18, 18, 100, 100, 100, 100",2026-07-06 11:31:27,"Sitelinks, Video, People also ask, Popular products, Related searches, AI overview","commercial, informational",Organic
40va 24vac transformer,21,21,50,4,0.72,https://cctvfactory.com/transformer-24volt-ac-40va/,0,0,0,0.99,184,"18, 18, 18, 18, 18, 18, 18, 18, 100, 100, 100, 100",2026-07-06 11:31:27,"Sitelinks, Video, People also ask, Popular products, Related searches, AI overview","commercial, informational",Organic
tag reader camera,71,0,210,20,3.33,https://cctvfactory.com/license-plate-reader-camera/,0,0,0,0.37,189,"65, 100, 81, 65, 43, 34, 81, 65, 53, 65, 53, 81",2026-08-18 23:36:57,"Image pack, Sitelinks, Reviews, Video, Image, Ads bottom, Video Carousel, People also ask, Popular products, Related searches, AI overview",informational,Organic
hd cvi,29,29,40,7,1.71,https://cctvfactory.com/cameras-dvr-nvr/coaxial-hd-hybrid-dvr/,0,0,0,0.48,132,"28, 42, 71, 71, 57, 28, 28, 42, 100, 57, 57, 57",2026-06-30 21:04:05,"Image pack, Sitelinks, Video, Video Carousel, People also ask, Related searches, AI overview",informational,Organic
hd cvi,56,56,40,7,1.71,https://cctvfactory.com/hd-cvi/,0,0,0,0.48,132,"28, 42, 71, 71, 57, 28, 28, 42, 100, 57, 57, 57",2026-06-30 21:04:05,"Image pack, Sitelinks, Video, Video Carousel, People also ask, Related searches, AI overview",informational,Organic
hd cvi,58,58,40,7,1.71,https://cctvfactory.com/hd-cvi/,0,0,0,0.48,132,"28, 42, 71, 71, 57, 28, 28, 42, 100, 57, 57, 57",2026-06-30 21:04:05,"Image pack, Sitelinks, Video, Video Carousel, People also ask, Related searches, AI overview",informational,Organic
anpr camera price,50,50,30,9,1.62,https://cctvfactory.com/license-plate-reader-camera/,0,0,0,0.53,156,"18, 18, 45, 63, 18, 18, 18, 18, 18, 18, 18, 18",2026-07-04 11:26:13,"Sitelinks, Video, Image, People also ask, Popular products, Related searches, AI overview",transactional,Organic
cctv pos integration,53,53,30,2,8.8,https://cctvfactory.com/video-integration/pos-camera-integration/,0,0,0,0.32,117,"55, 55, 33, 44, 22, 22, 0, 22, 22, 22, 22, 22",2026-07-20 15:58:10,"Sitelinks, Reviews, Video, Video Carousel, People also ask, Related searches, Discussions and forums",informational,Organic
wholesale security camera,52,52,170,26,6.12,https://cctvfactory.com/,0,0,0,0.61,175,"0, 0, 12, 82, 66, 82, 100, 82, 10, 23, 53, 28",2026-06-30 18:55:51,"Local pack, Sitelinks, Reviews, Video, People also ask, Popular products, Related searches",commercial,Organic
wholesale security camera sales,54,54,170,22,0,https://cctvfactory.com/,0,0,0,0,174,"11, 7, 53, 100, 100, 100, 100, 100, 0, 65, 80, 80",2026-06-30 15:08:37,"Sitelinks, Reviews, Video, Popular products, Related searches",transactional,Organic
25ft hdmi cord,25,25,260,24,0.38,https://cctvfactory.com/25ft-hdmi-cable/,0,0,0,1,189,"76, 8, 13, 10, 10, 8, 8, 45, 5, 10, 6, 10",2026-08-07 21:20:06,"Sitelinks, Reviews, Video, People also ask, Popular products, Related searches, AI overview","commercial, informational",Organic
24v ac transformer,25,25,320,26,0.63,https://cctvfactory.com/transformer-24volt-ac-40va/,0,0,0,1,233,"19, 29, 36, 29, 23, 81, 66, 100, 29, 100, 15, 19",2026-07-14 06:53:07,"Image pack, Sitelinks, Video, Image, People also ask, Popular products, Related searches, AI overview","commercial, informational",Organic
cctv warehouse,55,55,70,1,3.83,https://cctvfactory.com/,0,0,0,0.4,205,"3, 3, 1, 1, 1, 0, 0, 0, 3, 0, 1, 1",2026-07-21 04:52:56,"Sitelinks, Reviews, Video, Video Carousel, People also ask, Related searches",navigational,Organic
lpr camera price tampa,98,0,40,17,0,https://cctvfactory.com/alpr-sola-120-license-plate-capture-camera-global-shutter-700tvl-analog-24vac/,0,0,0,0,28700,"0, 33, 33, 22, 44, 44, 100, 100, 33, 22, 33, 33",2026-08-18 09:49:41,"Sitelinks, Reviews, Video, People also ask, Popular products, Related searches, AI overview",transactional,Organic
lens cs mount 4mm,13,13,40,2,0,https://cctvfactory.com/1-3-economic-lens-4mm-f1-2-cs-mount/,0,0,0,0.33,210,"35, 14, 78, 100, 21, 14, 14, 14, 14, 14, 0, 14",2026-08-06 12:15:20,"Sitelinks, Reviews, Video, Ads bottom, Popular products, Related searches, AI overview",commercial,Organic
alprs camera,69,69,70,27,2.37,https://cctvfactory.com/license-plate-reader-camera/,0,0,0,0.18,192,"17, 17, 11, 11, 64, 64, 82, 11, 11, 100, 29, 82",2026-08-07 02:04:59,"Sitelinks, Video, Video Carousel, People also ask, Related searches, AI overview",informational,Organic
lcd tv wall mount bracket,48,48,40,21,0,https://cctvfactory.com/cables-accessories/tv-lcd-mount/,0,0,0,0.08,188,"52, 9, 9, 52, 52, 9, 9, 9, 9, 9, 9, 9",2026-06-30 22:31:54,"Image pack, Sitelinks, Video, Video Carousel, Popular products, Related searches",commercial,Organic
cctv lens,42,42,110,8,1.11,https://cctvfactory.com/cables-accessories/camera-lens/,0,0,0,0.67,192,"43, 43, 28, 34, 34, 28, 43, 34, 34, 28, 34, 34",2026-08-09 01:08:01,"Image pack, Sitelinks, Video, Video Carousel, People also ask, Popular products, Related searches, AI overview",informational,Organic
professional cctv systems,47,47,40,51,7.92,https://cctvfactory.com/,0,0,0,0.68,198,"11, 22, 44, 22, 55, 44, 33, 77, 100, 44, 55, 22",2026-08-07 01:27:37,"Sitelinks, Reviews, Video, Ads bottom, Popular products, Related searches, AI overview","commercial, navigational",Organic
cctv distributors,44,44,70,14,5.45,https://cctvfactory.com/,0,0,0,0.23,206,"2, 2, 2, 11, 5, 17, 4, 7, 3, 3, 32, 5",2026-07-11 21:06:53,"Local pack, Reviews, Video, Popular products, Related searches, AI overview",commercial,Organic
4ch nvr hikvision,19,19,50,7,1.14,https://cctvfactory.com/hikvision-4ch-poe-nvr-network-video-recorder/,0,0,0,0.33,173,"35, 50, 78, 100, 21, 14, 14, 14, 14, 21, 14, 14",2026-08-09 08:56:29,"Sitelinks, Reviews, Video, Image, Video Carousel, People also ask, Related searches, AI overview",commercial,Organic
24v 40 va transformer,23,23,70,13,0.62,https://cctvfactory.com/transformer-24volt-ac-40va/,0,0,0,1,189,"21, 21, 12, 6, 6, 15, 43, 9, 34, 21, 28, 15",2026-07-22 18:17:18,"Sitelinks, Video, People also ask, Popular products, Related searches",commercial,Organic
bnc twist on,41,41,70,4,0.56,https://cctvfactory.com/rg59-twist-on-bnc-connector/,0,0,0,1,171,"64, 11, 11, 11, 11, 64, 64, 82, 52, 41, 41, 41",2026-07-05 19:59:52,"Image pack, Sitelinks, Reviews, Video, Video Carousel, People also ask, Related searches",informational,Organic
lpr cameras for sale,48,48,30,18,3.51,https://cctvfactory.com/license-plate-reader-camera/,0,0,0,0.83,189,"11, 11, 17, 17, 11, 11, 11, 23, 23, 17, 11, 11",2026-07-19 22:25:06,"Local pack, Sitelinks, Reviews, Video, People also ask, Popular products, Related searches, AI overview",transactional,Organic
corner camera,27,27,140,5,1.57,https://cctvfactory.com/tamperproof-metal-corner-mount-camera-2-8mm-wide-angle-lens-580tvl-cctv-camera/,0,0,0,0.97,180,"82, 64, 82, 82, 64, 64, 82, 64, 64, 64, 64, 82",2026-07-07 18:24:05,"Image pack, Sitelinks, Video, Image, Video Carousel, People also ask, Popular products, Related searches, Discussions and forums",informational,Organic
bnc to bnc connector,31,31,260,13,0.72,https://cctvfactory.com/bnc-to-bnc-connector/,0,0,0,1,202,"29, 29, 54, 35, 35, 35, 29, 35, 100, 100, 100, 100",2026-08-05 15:37:27,"Sitelinks, Video, Image, Video Carousel, People also ask, Popular products, Related searches, AI overview",commercial,Organic
sdi camera,43,43,390,21,0.86,https://cctvfactory.com/cameras-dvr-nvr/hd-sdi/,0,0,0,1,215,"66, 54, 54, 66, 44, 66, 44, 54, 54, 44, 66, 54",2026-07-18 00:39:54,"Image pack, Sitelinks, Video, Image, Video Carousel, People also ask, Popular products, Related searches, AI overview","commercial, informational",Organic
hdmi 6ft cable,26,26,140,15,0.45,https://cctvfactory.com/6ft-hdmi-cable/,0,0,0,1,202,"11, 18, 11, 18, 11, 11, 15, 18, 18, 35, 100, 18",2026-08-06 20:17:11,"Sitelinks, Video, People also ask, Popular products, Related searches",commercial,Organic
camera kit 4mp 8 ch,46,46,40,0,0,https://cctvfactory.com/8mp-security-system-kit-with-8-x-3-6-mm-fixed-lens-4k-dome/,0,0,0,0.33,1110000,"35, 50, 50, 78, 100, 28, 7, 0, 0, 0, 0, 0",2026-07-12 16:28:56,"Sitelinks, Reviews, Popular products, Related searches",commercial,Organic
16 channel cctv dvr,41,41,30,,2.07,https://cctvfactory.com/16ch-hd-cvi-720p-dvr-with-16-x-hd-cameras-and-1tb-hard-drive-package/,0,0,0,1,183,"9, 0, 36, 45, 36, 36, 36, 18, 18, 18, 18, 18",2026-07-22 15:46:12,"Sitelinks, Video, Video Carousel, People also ask, Popular products, Related searches, AI overview",commercial,Organic
outdoor industrial cctv systems,71,71,50,27,0,https://cctvfactory.com/,0,0,0,0,180,"0, 0, 0, 9, 27, 81, 100, 100, 100, 81, 63, 81",2026-07-17 07:02:18,"Sitelinks, Reviews, Video, Video Carousel, Popular products, Related searches",commercial,Organic
cct v4,61,61,1000,29,0,https://cctvfactory.com/ultracctv/,0,0,0,0.33,176,"55, 3, 24, 44, 34, 34, 30, 34, 44, 34, 34, 24",2026-08-04 17:30:14,"Reviews, Video, Video Carousel, Related searches, AI overview",informational,Organic
cct v4,74,74,1000,29,0,https://cctvfactory.com/ultracctv/,0,0,0,0.33,176,"55, 3, 24, 44, 34, 34, 30, 34, 44, 34, 34, 24",2026-08-04 17:30:14,"Reviews, Video, Video Carousel, Related searches, AI overview",informational,Organic
dwc vstb04bi,49,49,70,6,1.22,https://cctvfactory.com/complete-systems/,0,0,0,0.99,169,"5, 11, 100, 23, 5, 64, 11, 11, 64, 64, 64, 11",2026-08-07 15:53:34,"Knowledge panel, Sitelinks, Video, Ads top, Ads bottom, Related searches",informational,Organic
dwc vstb04bi,53,53,70,6,1.22,https://cctvfactory.com/complete-systems/,0,0,0,0.99,169,"5, 11, 100, 23, 5, 64, 11, 11, 64, 64, 64, 11",2026-08-07 15:53:34,"Knowledge panel, Sitelinks, Video, Ads top, Ads bottom, Related searches",informational,Organic
supplier cctv,29,29,110,40,3.18,https://cctvfactory.com/,0,0,0,0.13,214,"34, 42, 34, 26, 42, 26, 26, 34, 26, 42, 100, 100",2026-07-30 01:58:03,"Local pack, Sitelinks, Reviews, Video, Popular products, Related searches, AI overview",commercial,Organic
supplier cctv,45,45,110,40,3.18,https://cctvfactory.com/,0,0,0,0.13,214,"34, 42, 34, 26, 42, 26, 26, 34, 26, 42, 100, 100",2026-07-30 01:58:03,"Local pack, Sitelinks, Reviews, Video, Popular products, Related searches, AI overview",commercial,Organic
outdoor access control,41,41,70,1,0,https://cctvfactory.com/surface-mount-outdoor-access-keypad/,0,0,0,0.99,198,"36, 63, 81, 63, 81, 81, 100, 100, 18, 27, 81, 45",2026-08-13 17:20:52,"Image pack, Sitelinks, Reviews, Video, Image, People also ask, Popular products, Related searches, AI overview",informational,Organic
license plate reader price,46,46,40,18,2.01,https://cctvfactory.com/license-plate-reader-camera/,0,0,0,0.14,189,"28, 28, 100, 100, 100, 100, 28, 28, 28, 57, 28, 28",2026-07-13 11:51:25,"Sitelinks, Reviews, Video, People also ask, Popular products, Related searches, AI overview",transactional,Organic
security cameras wholesale suppliers,48,48,30,26,5.49,https://cctvfactory.com/,0,0,0,0.78,1280,"7, 7, 11, 11, 15, 11, 15, 15, 11, 7, 7, 7",2026-07-29 06:58:02,"Local pack, Sitelinks, Reviews, Video, Image, Popular products, Related searches",commercial,Organic
cmctv,66,66,90,10,0,https://cctvfactory.com/ultracctv/,0,0,0,0.33,106,"0, 34, 34, 34, 34, 34, 28, 28, 0, 28, 34, 81",2026-06-26 21:41:16,"Knowledge panel, Reviews, Video, People also ask, Related searches",transactional,Organic
does cat5e support poe,56,56,90,4,0,https://cctvfactory.com/ethernet-cable-for-ip-camera-cat5-pre-made-50-feet/,0,0,0,0.33,128,"52, 52, 9, 14, 52, 52, 52, 33, 33, 33, 33, 52",2026-06-26 04:28:18,"Sitelinks, Video, Video Carousel, People also ask, Related searches, AI overview",informational,Organic
hd ip camera,41,41,170,13,1.65,https://cctvfactory.com/security-camera-recorder/ip-hd-cameras-nvr/ip-hd-cameras/,0,0,0,0.53,219,"18, 15, 18, 28, 44, 23, 28, 23, 23, 11, 100, 35",2026-07-03 10:29:15,"Image pack, Sitelinks, Reviews, Video, Video Carousel, People also ask, Popular products, Related searches, AI overview","commercial, informational",Organic
cctv suppliers,42,42,140,18,3.18,https://cctvfactory.com/,0,0,0,0.13,201,"22, 22, 29, 18, 35, 18, 14, 22, 14, 14, 54, 54",2026-07-07 10:04:16,"Local pack, Sitelinks, Video, Ads top, Popular products, Related searches, Ads middle",commercial,Organic
2.4 ghz wireless receiver,13,13,50,16,0,https://cctvfactory.com/2-watt-high-power-2-4ghz-wireless-sender-receiver-for-cctv-security-camera-video-and-audio/,0,0,0,0.33,192,"9, 9, 9, 9, 9, 9, 66, 52, 9, 9, 52, 9",2026-08-12 19:13:28,"Image pack, Sitelinks, Video, Image, Video Carousel, People also ask, Popular products, Related searches, Discussions and forums, AI overview","informational, transactional",Organic
bnc-2120,58,58,70,10,0,https://cctvfactory.com/cables-accessories/new-category/,0,0,0,0.99,171,"0, 0, 0, 41, 41, 100, 29, 52, 64, 41, 52, 52",2026-08-12 01:22:26,"Sitelinks, Reviews, Video, People also ask, Popular products, Related searches",commercial,Organic
hdmi 25,28,28,50,11,0.45,https://cctvfactory.com/25ft-hdmi-cable/,0,0,0,0.96,202,"33, 33, 100, 100, 77, 77, 77, 44, 77, 77, 44, 22",2026-06-27 17:04:15,"Sitelinks, Reviews, Video, Image, Popular products, Related searches, AI overview",commercial,Organic
hdmi 25,32,32,50,11,0.45,https://cctvfactory.com/25ft-hdmi-cable/,0,0,0,0.96,202,"33, 33, 100, 100, 77, 77, 77, 44, 77, 77, 44, 22",2026-06-27 17:04:15,"Sitelinks, Reviews, Video, Image, Popular products, Related searches, AI overview",commercial,Organic
smart ai camera,12,12,50,21,2.04,https://cctvfactory.com/cameras-dvr-nvr/ai/,0,0,0,0.72,175,"17, 17, 64, 41, 52, 52, 23, 23, 23, 11, 29, 29",2026-07-22 05:30:37,"Sitelinks, Reviews, Video, Image, Video Carousel, People also ask, Popular products, Related searches, AI overview",informational,Organic
camera ip nvr,9,9,170,18,1.9,https://cctvfactory.com/security-camera-recorder/ip-hd-cameras-nvr/,0,0,0,0.51,178,"67, 76, 8, 0, 0, 0, 0, 0, 0, 0, 0, 0",2026-07-04 02:00:57,"Image pack, Sitelinks, Video, Image, Video Carousel, People also ask, Popular products, Related searches, AI overview","commercial, informational",Organic
nvr poe 2mp 4ch,12,12,50,8,0,https://cctvfactory.com/hikvision-4ch-poe-nvr-network-video-recorder/,0,0,0,0.33,166,"35, 50, 50, 78, 100, 28, 14, 14, 14, 14, 14, 14",2026-07-13 00:38:43,"Sitelinks, Reviews, Video, People also ask, Popular products, Related searches",commercial,Organic
hdmi 25' cable,35,35,170,17,0.5,https://cctvfactory.com/25ft-hdmi-cable/,0,0,0,1,200,"82, 0, 0, 0, 53, 66, 66, 66, 28, 28, 35, 35",2026-08-10 14:32:37,"Sitelinks, Reviews, Video, People also ask, Popular products, Related searches, Discussions and forums",commercial,Organic
intelligent cameras,6,6,40,44,1.76,https://cctvfactory.com/cameras-dvr-nvr/ai/,0,0,0,0.99,162,"2, 2, 6, 3, 6, 3, 2, 2, 3, 1, 0, 0",2026-07-13 11:26:16,"Sitelinks, Video, Video Carousel, People also ask, Popular products, Related searches",informational,Organic
24 volt ac transformer,20,20,140,26,0.67,https://cctvfactory.com/transformer-24volt-ac-40va/,0,0,0,0.99,245,"42, 53, 80, 53, 34, 65, 80, 53, 53, 42, 42, 53",2026-07-04 15:36:49,"Image pack, Sitelinks, Video, Image, People also ask, Popular products, Related searches, AI overview",commercial,Organic
poe cable cat5e,27,27,480,11,0.84,https://cctvfactory.com/100-feet-high-speed-ethernet-network-cable-for-ip-poe-camera-cat5-pre-made/,0,0,0,0.23,194,"19, 54, 19, 19, 44, 54, 81, 67, 100, 81, 100, 81",2026-07-31 07:26:44,"Sitelinks, Video, Video Carousel, People also ask, Popular products, Related searches, AI overview",commercial,Organic
nvr hikvision 4 channel,19,19,50,18,0.56,https://cctvfactory.com/hikvision-4ch-poe-nvr-network-video-recorder/,0,0,0,0.16,204,"14, 0, 35, 21, 78, 100, 35, 35, 28, 50, 50, 35",2026-08-07 03:59:47,"Image pack, Sitelinks, Reviews, Video, Image, Video Carousel, People also ask, Related searches, AI overview","commercial, informational",Organic
centralized cctv,49,49,40,11,0,https://cctvfactory.com/,0,0,0,0.54,103,"14, 78, 14, 14, 14, 78, 100, 14, 14, 14, 14, 14",2026-07-08 08:49:35,"Sitelinks, Reviews, Video, Video Carousel, People also ask, Related searches, Ads middle, AI overview",informational,Organic
recorder cctv 4mp nvr,19,19,50,8,0,https://cctvfactory.com/security-camera-recorder/ip-hd-cameras-nvr/network-video-recorders-nvr/,0,0,0,0.33,548,"35, 35, 50, 100, 78, 28, 14, 14, 14, 14, 14, 14",2026-07-13 02:19:31,"Sitelinks, Reviews, Video, People also ask, Popular products, Related searches",commercial,Organic
cctv camera 2mp pal ahd,12,12,40,10,0,https://cctvfactory.com/ahd-megapixels-720p-analog-960h-ntsc-pal-switchable-with-3-6mm-wide-angle-lens-24-leds-night-vision-weatherproof-dome-camera-grey/,0,0,0,0.33,180,"18, 18, 63, 63, 100, 18, 18, 18, 18, 18, 18, 18",2026-07-15 15:36:54,"Sitelinks, Reviews, Video, People also ask, Popular products, Related searches, AI overview",commercial,Organic
60 inch plasma screen,27,27,90,21,0.24,https://cctvfactory.com/fits-30-to-60-inches-plasma-lcd-tv-maximum-load-up-to-110lbs/,0,0,0,0.53,172,"35, 35, 50, 50, 64, 64, 50, 100, 64, 50, 64, 64",2026-07-23 18:41:34,"Sitelinks, Reviews, Video, People also ask, Popular products, Related searches",commercial,Organic
nt98321 embedded linux,15,15,70,1,0,https://cctvfactory.com/64-ch-embedded-linux-nvr-12m-recording-2-4k-hdmi-1-vga-output-h-265-8-hdd-bays-2-rj-45-port/,0,0,0,0,568,100,2026-08-01 06:55:47,"Sitelinks, Reviews, Video, Related searches, AI overview",informational,Organic
jack power cctv,53,53,50,2,0,https://cctvfactory.com/cables-accessories/new-category/,0,0,0,0.86,206,"14, 14, 14, 100, 14, 100, 64, 14, 78, 64, 14, 14",2026-07-09 14:57:28,"Image pack, Sitelinks, Reviews, Video, Image, People also ask, Popular products, Related searches","commercial, informational",Organic
stand alone controller,62,62,50,4,0.57,https://cctvfactory.com/all-in-one-standalone-central-control-machine-no-pc-required/,0,0,0,1,190,"11, 11, 3, 11, 11, 0, 11, 1, 15, 11, 1, 18",2026-08-01 00:34:00,"Image pack, Sitelinks, Video, Image, Video Carousel, People also ask, Popular products, Related searches, Discussions and forums, AI overview",commercial,Organic
hikvision 8 ch nvr price,34,34,40,12,0,https://cctvfactory.com/hikvision-8ch-poe-8mp-4k-nvr-network-video-recorder/,0,0,0,0.14,97,"82, 100, 11, 0, 11, 11, 0, 11, 11, 11, 0, 11",2026-06-24 23:48:47,"Sitelinks, Reviews, Video, Related searches, AI overview",commercial,Organic
rim exit device,83,83,1300,9,4.13,https://cctvfactory.com/rim-type-exit-device/,0,0,0,1,198,"76, 76, 100, 100, 100, 100, 76, 76, 76, 76, 76, 100",2026-07-14 01:54:55,"Image pack, Sitelinks, Video, Ads bottom, Video Carousel, People also ask, Popular products, Related searches, AI overview",informational,Organic
waterproof hd ip camera model oc432,23,23,70,5,0,https://cctvfactory.com/security-camera-recorder/ip-hd-cameras-nvr/ip-hd-cameras/,0,0,0,0.05,214,"14, 14, 78, 14, 78, 14, 100, 14, 14, 78, 78, 50",2026-08-09 05:47:47,"Sitelinks, Reviews, People also ask, Popular products, Related searches, AI overview","commercial, informational",Organic
25 hdmi,33,33,90,24,0.5,https://cctvfactory.com/25ft-hdmi-cable/,0,0,0,0.68,194,"81, 100, 81, 81, 100, 81, 63, 63, 63, 63, 100, 100",2026-08-17 04:41:44,"Image pack, Sitelinks, Video, Ads bottom, People also ask, Popular products, Related searches",commercial,Organic
164cm tv,33,33,260,17,0,https://cctvfactory.com/fits-30-to-63-inches-plasma-lcd-tv-maximum-load-up-to-165lbs/,0,0,0,0.01,117,"35, 66, 29, 22, 29, 43, 54, 54, 66, 66, 81, 100",2026-07-07 08:52:20,"Sitelinks, Reviews, Video, People also ask, Related searches, AI overview",informational,Organic
gv video,15,15,50,14,0,https://cctvfactory.com/gv-video-server/,0,0,0,0.33,104,"14, 14, 14, 14, 14, 78, 100, 78, 14, 14, 14, 14",2026-08-17 16:42:38,"Video, Video Carousel, AI overview",informational,Organic
cat5 poe cable,26,26,390,19,0.84,https://cctvfactory.com/100-feet-high-speed-ethernet-network-cable-for-ip-poe-camera-cat5-pre-made/,0,0,0,0.23,201,"23, 23, 15, 23, 15, 54, 12, 10, 100, 81, 100, 81",2026-07-31 07:13:25,"Sitelinks, Reviews, Video, People also ask, Popular products, Related searches, AI overview","commercial, informational",Organic
6 ft hdmi cord,28,28,170,14,0.45,https://cctvfactory.com/6ft-hdmi-cable/,0,0,0,1,181,"34, 34, 43, 28, 28, 53, 65, 53, 43, 100, 100, 34",2026-08-17 15:43:31,"Sitelinks, Video, People also ask, Popular products, Related searches",commercial,Organic
dvr spy camera,19,19,70,6,0.63,https://cctvfactory.com/security-camera/spy-cameras/,0,0,0,0.97,199,"35, 12, 35, 12, 12, 12, 12, 17, 10, 10, 17, 17",2026-08-17 15:59:53,"Sitelinks, Reviews, Video, Video Carousel, People also ask, Popular products, Related searches, AI overview",commercial,Organic
cctvcctv,25,25,70,63,4.28,https://cctvfactory.com/,0,0,0,0.24,1390000,"0, 100, 0, 0, 6, 8, 0, 0, 0, 0, 0, 0",2026-06-25 10:06:35,"Sitelinks, Reviews, Video, Video Carousel, Related searches, AI overview",informational,Organic
cctvcctv,77,77,70,63,4.28,https://cctvfactory.com/ultracctv/,0,0,0,0.24,1390000,"0, 100, 0, 0, 6, 8, 0, 0, 0, 0, 0, 0",2026-06-25 10:06:35,"Sitelinks, Reviews, Video, Video Carousel, Related searches, AI overview",informational,Organic
how much does 42 inch tv weigh,68,68,40,19,0,https://cctvfactory.com/fits-13-to-42-inches-plasma-lcd-tv-maximum-load-up-to-44lbs/,0,0,0,0.33,108,"64, 64, 23, 11, 11, 11, 11, 11, 11, 11, 11, 11",2026-07-28 18:49:04,"Sitelinks, Video, People also ask, Related searches, AI overview",informational,Organic
lpr reader camera,63,63,30,19,3.74,https://cctvfactory.com/license-plate-reader-camera/,0,0,0,0.27,206,"33, 22, 77, 77, 22, 100, 33, 22, 22, 22, 22, 22",2026-06-30 19:05:09,"Sitelinks, Reviews, Video, Video Carousel, People also ask, Related searches, Ads middle, AI overview","commercial, informational",Organic
high definition ip camera,26,26,140,11,1.17,https://cctvfactory.com/security-camera-recorder/ip-hd-cameras-nvr/ip-hd-cameras/,0,0,0,0.76,196,"12, 17, 35, 35, 35, 23, 2, 17, 28, 100, 43, 23",2026-08-13 06:01:13,"Image pack, Sitelinks, Video, Video Carousel, People also ask, Popular products, Related searches, AI overview",commercial,Organic
high definition ip camera,29,29,140,11,1.17,https://cctvfactory.com/security-camera-recorder/ip-hd-cameras-nvr/ip-hd-cameras/,0,0,0,0.76,196,"12, 17, 35, 35, 35, 23, 2, 17, 28, 100, 43, 23",2026-08-13 06:01:13,"Image pack, Sitelinks, Video, Video Carousel, People also ask, Popular products, Related searches, AI overview",commercial,Organic
license plate capture cameras,63,63,590,27,3.92,https://cctvfactory.com/license-plate-reader-camera/,0,0,0,0.48,185,"8, 20, 3, 36, 4, 8, 2, 13, 100, 24, 20, 20",2026-07-10 08:53:43,"Sitelinks, Reviews, Video, Video Carousel, Popular products, Related searches, AI overview",commercial,Organic
cms v40bk,39,39,50,16,0,https://cctvfactory.com/electronics/,0,0,0,0.41,93,"0, 0, 4, 4, 0, 9, 66, 9, 80, 9, 52, 100",2026-08-16 08:05:13,"Sitelinks, Reviews, Video, AI overview",informational,Organic
100 foot cat5e ethernet cable,50,50,90,8,0.6,https://cctvfactory.com/100-feet-high-speed-ethernet-network-cable-for-ip-poe-camera-cat5-pre-made/,0,0,0,1,199,"4, 4, 4, 14, 35, 100, 8, 2, 18, 14, 8, 6",2026-07-12 12:59:00,"Sitelinks, Reviews, Video, Image, Popular products, Related searches, Discussions and forums",commercial,Organic
bnc t-connector,41,41,40,4,0.9,https://cctvfactory.com/bnc-t-adapter/,0,0,0,1,195,"0, 0, 4, 4, 14, 52, 19, 19, 23, 23, 33, 23",2026-07-21 01:55:20,"Sitelinks, Video, People also ask, Popular products, Related searches, AI overview",informational,Organic
capture advance tech support,58,58,40,0,0,https://cctvfactory.com/support/,0,0,0,0,110,"0, 57, 100, 71, 57, 71, 42, 42, 42, 14, 57, 28",2026-07-15 13:54:57,"Sitelinks, Reviews, Video, Video Carousel, Related searches, AI overview",informational,Organic
capture advance tech support,59,59,40,0,0,https://cctvfactory.com/support/,0,0,0,0,110,"0, 57, 100, 71, 57, 71, 42, 42, 42, 14, 57, 28",2026-07-15 13:54:57,"Sitelinks, Reviews, Video, Video Carousel, Related searches, AI overview",informational,Organic
lpr camera supplier,82,82,40,10,0,https://cctvfactory.com/license-plate-reader-camera/,0,0,0,0,205,"36, 100, 100, 9, 0, 0, 0, 0",2026-08-06 06:08:10,"Sitelinks, Video, Video Carousel, Popular products, Related searches, AI overview","commercial, informational",Organic
nvr with ai detection,12,12,40,7,0,https://cctvfactory.com/cameras-dvr-nvr/ai/,0,0,0,1,164,"0, 0, 0, 0, 41, 41, 100, 41, 23, 41, 11, 11",2026-07-12 06:35:19,"Sitelinks, Reviews, Video, Video Carousel, People also ask, Popular products, Related searches",commercial,Organic
bnc twist connector,43,43,70,2,0.56,https://cctvfactory.com/rg59-twist-on-bnc-connector/,0,0,0,1,189,"77, 77, 77, 55, 77, 77, 77, 77, 100, 77, 77, 77",2026-07-28 05:56:17,"Sitelinks, Reviews, Video, Video Carousel, Popular products, Related searches, AI overview","commercial, informational",Organic
lcd tv with wall mount,37,37,40,30,0.34,https://cctvfactory.com/cables-accessories/tv-lcd-mount/,0,0,0,0.88,240,"18, 18, 18, 18, 18, 18, 18, 18, 18, 100, 100, 18",2026-07-21 10:44:07,"Sitelinks, Video, Video Carousel, People also ask, Popular products, Related searches",commercial,Organic
ip camera dvr,30,30,90,20,1.04,https://cctvfactory.com/security-camera-recorder/ip-hd-cameras-nvr/ip-hd-cameras/,0,0,0,0.77,194,"34, 12, 34, 28, 34, 34, 28, 28, 43, 28, 34, 28",2026-07-08 16:09:36,"Image pack, Sitelinks, Reviews, Video, Video Carousel, People also ask, Popular products, Related searches, AI overview","commercial, informational",Organic
hdmi 25 ft cable,27,27,50,24,0.38,https://cctvfactory.com/25ft-hdmi-cable/,0,0,0,1,191,"17, 17, 17, 23, 12, 17, 10, 17, 12, 5, 0, 5",2026-08-07 12:33:39,"Sitelinks, Reviews, Video, People also ask, Popular products, Related searches",commercial,Organic
12v 500ma charger,37,37,110,24,0.4,https://cctvfactory.com/dc-power-adaptor-12vdc-500ma-2-1mm/,0,0,0,1,219,"64, 64, 64, 82, 64, 64, 41, 52, 64, 41, 41, 64",2026-06-25 09:51:31,"Image pack, Sitelinks, Reviews, Video, People also ask, Popular products, Related searches, Discussions and forums",commercial,Organic
12v 500ma charger,39,39,110,24,0.4,https://cctvfactory.com/dc-power-adaptor-12vdc-500ma-2-1mm/,0,0,0,1,219,"64, 64, 64, 82, 64, 64, 41, 52, 64, 41, 41, 64",2026-06-25 09:51:31,"Image pack, Sitelinks, Reviews, Video, People also ask, Popular products, Related searches, Discussions and forums",commercial,Organic
network video recorders,51,51,170,24,1.95,https://cctvfactory.com/security-camera-recorder/ip-hd-cameras-nvr/network-video-recorders-nvr/,0,0,0,0.86,197,"66, 17, 35, 53, 100, 28, 17, 66, 43, 28, 23, 17",2026-07-18 21:13:16,"Sitelinks, Video, People also ask, Popular products, Related searches, AI overview",informational,Organic
hdmi 6 feet,28,28,170,12,0.58,https://cctvfactory.com/6ft-hdmi-cable/,0,0,0,0.16,188,"17, 23, 35, 35, 35, 35, 35, 66, 35, 28, 100, 66",2026-07-31 12:55:31,"Sitelinks, Video, Popular products, Related searches, AI overview","commercial, informational",Organic
480tvl,28,28,90,10,0,https://cctvfactory.com/cameras-dvr-nvr/analog-cameras-standard-resolution/,0,0,0,0.33,70000,"42, 42, 42, 26, 34, 53, 34, 42, 34, 26, 53, 7",2026-07-08 08:00:59,"Sitelinks, Video, People also ask, AI overview",informational,Organic
camera ip hd,14,14,170,21,1.65,https://cctvfactory.com/security-camera-recorder/ip-hd-cameras-nvr/ip-hd-cameras/,0,0,0,0.53,200,"15, 11, 15, 66, 35, 18, 18, 18, 18, 18, 100, 35",2026-07-16 16:26:31,"Sitelinks, Video, Video Carousel, People also ask, Popular products, Related searches","commercial, informational",Organic
ip camera wholesale,33,33,30,27,4.64,https://cctvfactory.com/,0,0,0,0.88,168,"11, 11, 11, 11, 11, 29, 41, 52, 17, 11, 11, 11",2026-07-12 04:14:43,"Local pack, Sitelinks, Reviews, Video, Popular products, Related searches, AI overview","commercial, informational",Organic
bnc to vga converter,38,38,90,16,0.4,https://cctvfactory.com/bnc-composite-video-to-vga-converter/,0,0,0,1,196,"28, 17, 23, 28, 23, 28, 23, 17, 28, 28, 23, 28",2026-07-28 05:54:47,"Sitelinks, Video, Image, People also ask, Popular products, Related searches, Discussions and forums, AI overview",commercial,Organic
camera sdi,43,43,210,16,0.86,https://cctvfactory.com/hd-sdi-2-megapixel-box-camera-30fps-real-time-1080p-hdcctv/,0,0,0,1,194,"54, 54, 29, 100, 35, 22, 6, 18, 66, 54, 100, 18",2026-07-20 11:03:18,"Sitelinks, Video, Image, People also ask, Popular products, Related searches, AI overview",informational,Organic
4 ports nvr,65,65,40,12,0,https://cctvfactory.com/hikvision-4ch-poe-nvr-network-video-recorder/,0,0,0,0.33,196,"29, 29, 82, 100, 17, 0, 0, 0, 0, 0, 0, 0",2026-08-02 16:57:16,"Sitelinks, Reviews, Video, People also ask, Popular products, Related searches, AI overview",commercial,Organic
hdmi cable 25 ft,22,22,210,16,0.38,https://cctvfactory.com/25ft-hdmi-cable/,0,0,0,1,211,"3, 14, 21, 14, 17, 26, 59, 21, 11, 21, 14, 17",2026-07-03 00:32:06,"Sitelinks, Video, Image, People also ask, Popular products, Related searches",commercial,Organic
camera hd sdi output,49,49,70,18,0.54,https://cctvfactory.com/hd-sdi-2-megapixel-box-camera-30fps-real-time-1080p-hdcctv/,0,0,0,1,195,"100, 77, 44, 100, 100, 77, 77, 55, 55, 77, 77, 77",2026-07-31 10:02:11,"Sitelinks, Reviews, Video, Video Carousel, People also ask, Popular products, Related searches",commercial,Organic
cctv vendors,49,0,30,20,28.3,https://cctvfactory.com/,0,0,0,0.22,201,"18, 18, 45, 36, 18, 18, 18, 18, 18, 18, 100, 18",2026-08-18 14:25:38,"Local pack, Reviews, Video, People also ask, Popular products, Related searches",commercial,Organic
bnc t connector,53,53,210,5,0.9,https://cctvfactory.com/bnc-t-adapter/,0,0,0,1,187,"17, 17, 17, 21, 32, 21, 17, 21, 17, 21, 26, 21",2026-07-22 11:57:05,"Sitelinks, Video, People also ask, Popular products, Related searches, AI overview","commercial, informational",Organic
24vdc to 12vdc converter,39,39,260,5,0.77,https://cctvfactory.com/power-converter-convert-24vac-to-12vdc/,0,0,0,1,192,"66, 66, 66, 82, 82, 100, 53, 66, 53, 53, 53, 53",2026-07-06 09:22:38,"Image pack, Sitelinks, Video, Image, Video Carousel, People also ask, Popular products, Related searches, Discussions and forums",commercial,Organic
wireless license plate reader camera,54,54,40,16,3.06,https://cctvfactory.com/license-plate-reader-camera/,0,0,0,1,188,"42, 28, 57, 71, 71, 100, 71, 28, 100, 57, 28, 42",2026-06-30 20:30:53,"Sitelinks, Reviews, Video, Image, Ads top, Ads bottom, Video Carousel, People also ask, Popular products, Related searches, Discussions and forums, AI overview",commercial,Organic
camera bracket,43,43,320,8,0.49,https://cctvfactory.com/camera-mounting-bracket/,0,0,0,0.97,245,"23, 66, 81, 100, 66, 44, 35, 44, 23, 54, 44, 54",2026-08-17 13:43:54,"Image pack, Sitelinks, Video, Image, People also ask, Popular products, Related searches, Discussions and forums",informational,Organic
ip rated stereo camera,79,79,210,9,0,https://cctvfactory.com/security-camera-recorder/ip-hd-cameras-nvr/ip-hd-cameras/,0,0,0,0,54600000,"6, 65, 53, 43, 81, 81, 53, 81, 43, 100, 100, 100",2026-08-09 06:02:27,"Sitelinks, Video, Popular products, Related searches",commercial,Organic
ac 24 volt transformer,22,22,110,25,0.63,https://cctvfactory.com/transformer-24volt-ac-40va/,0,0,0,1,223,"17, 17, 17, 10, 100, 17, 35, 28, 23, 17, 7, 10",2026-07-03 14:16:05,"Sitelinks, Video, People also ask, Popular products, Related searches, AI overview",commercial,Organic
bnc cctv cable,40,40,50,4,0.64,https://cctvfactory.com/cables-power-accessories/,0,0,0,0.99,206,"11, 64, 11, 11, 11, 11, 11, 64, 64, 11, 11, 11",2026-08-13 20:29:18,"Image pack, Sitelinks, Reviews, Video, Video Carousel, People also ask, Popular products, Related searches, AI overview",commercial,Organic
corner mount cameras,31,31,140,5,1.92,https://cctvfactory.com/tamperproof-metal-corner-mount-camera-2-8mm-wide-angle-lens-580tvl-cctv-camera/,0,0,0,1,181,"26, 17, 100, 1, 0, 1, 0, 0, 0, 0, 4, 4",2026-07-01 03:26:20,"Image pack, Sitelinks, Reviews, Video, Image, Video Carousel, People also ask, Popular products, Related searches, Discussions and forums, AI overview","commercial, informational",Organic
ai-powered cameras,14,13,70,54,4.35,https://cctvfactory.com/cameras-dvr-nvr/ai/,0,0,0,0.69,183,"0, 0, 5, 29, 41, 41, 52, 100, 23, 17, 64, 64",2026-08-18 19:27:08,"Sitelinks, Reviews, Video, People also ask, Popular products, Related searches, AI overview","commercial, informational",Organic
t bnc connector,44,44,30,7,0.8,https://cctvfactory.com/bnc-t-adapter/,0,0,0,1,190,"14, 14, 14, 14, 14, 7, 14, 21, 64, 7, 7, 100",2026-06-24 09:04:09,"Image pack, Sitelinks, Video, Image, People also ask, Popular products, Related searches, AI overview","commercial, informational",Organic
cctv camera wholesale,35,35,40,45,0,https://cctvfactory.com/,0,0,0,0.08,193,"9, 9, 9, 9, 9, 4, 9, 9, 9, 80, 14, 66",2026-08-02 06:47:33,"Local pack, Sitelinks, Reviews, Video, Related searches",commercial,Organic
ccv camera,31,31,110,36,2.6,https://cctvfactory.com/,0,0,0,0.99,262,"3, 0, 0, 0, 54, 100, 44, 1, 28, 1, 0, 0",2026-08-08 17:01:20,"Sitelinks, Reviews, Video, People also ask, Popular products, Related searches, Discussions and forums, AI overview","commercial, informational",Organic
ip camera for nvr,7,7,30,5,1.9,https://cctvfactory.com/security-camera-recorder/ip-hd-cameras-nvr/ip-hd-cameras/,0,0,0,0.51,191,"0, 0, 0, 0, 0, 0, 0, 0, 0, 0, 100, 0",2026-07-21 10:34:55,"Sitelinks, Reviews, Video, Video Carousel, People also ask, Popular products, Related searches, AI overview","commercial, informational",Organic
cctv ip ptz camera zoom 20x 2mp,39,39,50,16,0,https://cctvfactory.com/2mp-network-ptz-dome-camera-20-optical-zoom-16-digitalzoom/,0,0,0,0.33,156,"50, 50, 50, 64, 100, 21, 14, 14, 14, 14, 14, 14",2026-07-12 16:55:00,"Sitelinks, Video, Video Carousel, People also ask, Popular products, Related searches",commercial,Organic
kramer fc-4044,54,54,50,2,0,https://cctvfactory.com/cables-accessories/new-category/,0,0,0,0.33,25200,"82, 52, 100, 11, 23, 11, 41, 11, 11, 11, 11, 11",2026-07-07 23:24:03,Sitelinks,informational,Organic
solar powered license plate reader,37,37,170,12,4.85,https://cctvfactory.com/license-plate-reader-camera/,0,0,0,0.06,155,"4, 22, 22, 100, 35, 81, 54, 10, 22, 18, 10, 29",2026-08-15 04:14:33,"Sitelinks, Reviews, Video, Video Carousel, People also ask, Popular products, Related searches, AI overview","commercial, informational",Organic
cm system camera,33,33,40,7,0,https://cctvfactory.com/,0,0,0,0.33,203,"100, 23, 23, 11, 11, 11, 11, 11, 11, 11, 11, 11",2026-08-03 22:07:34,"Sitelinks, Reviews, Video, Video Carousel, People also ask, Popular products, Related searches, AI overview","commercial, informational",Organic
cm system camera,50,50,40,7,0,https://cctvfactory.com/ultracctv/,0,0,0,0.33,203,"100, 23, 23, 11, 11, 11, 11, 11, 11, 11, 11, 11",2026-08-03 22:07:34,"Sitelinks, Reviews, Video, Video Carousel, People also ask, Popular products, Related searches, AI overview","commercial, informational",Organic
clearwater security cameras,43,43,30,15,5.3,https://cctvfactory.com/,0,0,0,0.81,181,"50, 25, 100, 100, 100, 100, 100, 100, 75, 50, 100, 75",2026-07-19 20:56:41,"Knowledge panel, Reviews, Video, Video Carousel, People also ask, Popular products, Related searches",transactional,Organic
unix cctv texas branch,14,14,140,27,0,https://cctvfactory.com/,0,0,0,0.03,7330,"43, 34, 34, 34, 43, 65, 21, 28, 81, 65, 100, 21",2026-07-03 23:57:22,"Knowledge panel, Sitelinks, Reviews, Related searches",navigational,Organic
license plate reader cost,54,54,50,16,2.69,https://cctvfactory.com/license-plate-reader-camera/,0,0,0,0.36,191,"45, 81, 45, 63, 36, 63, 63, 18, 18, 18, 45, 36",2026-08-12 14:12:51,"Sitelinks, Reviews, Video, Ads bottom, People also ask, Popular products, Related searches, AI overview","commercial, informational",Organic
ccd security camera,34,34,40,13,1.38,https://cctvfactory.com/ultracctv/,0,0,0,0.95,180,"35, 50, 35, 35, 14, 14, 14, 14, 14, 14, 14, 78",2026-07-10 07:02:54,"Image pack, Sitelinks, Video, People also ask, Popular products, Related searches, AI overview",informational,Organic
12mm lens for cctv camera,48,48,50,2,0,https://cctvfactory.com/cables-accessories/camera-lens/,0,0,0,0.33,206,"52, 100, 52, 52, 52, 17, 0, 0, 0, 0, 0, 0",2026-07-12 08:26:24,"Sitelinks, Video, Video Carousel, People also ask, Popular products, Related searches",commercial,Organic
mobile license plate reader cost,54,54,30,23,2.34,https://cctvfactory.com/license-plate-reader-camera/,0,0,0,0.21,164,"40, 40, 40, 100, 80, 60, 80, 80, 100, 40, 60, 80",2026-07-29 08:00:03,"Sitelinks, Reviews, Video, People also ask, Popular products, Related searches, AI overview","commercial, informational",Organic
24v to 12v power converter,26,26,90,2,0.64,https://cctvfactory.com/power-converter-convert-24vac-to-12vdc/,0,0,0,1,190,"44, 81, 0, 0, 0, 1, 15, 0, 0, 0, 1, 2",2026-07-14 05:36:47,"Sitelinks, Video, Image, Video Carousel, People also ask, Popular products, Related searches, Discussions and forums, AI overview",commercial,Organic
24v to 12v power converter,29,29,90,2,0.64,https://cctvfactory.com/power-converter-convert-24vac-to-12vdc/,0,0,0,1,190,"44, 81, 0, 0, 0, 1, 15, 0, 0, 0, 1, 2",2026-07-14 05:36:47,"Sitelinks, Video, Image, Video Carousel, People also ask, Popular products, Related searches, Discussions and forums, AI overview",commercial,Organic
nvr ip cameras,41,41,90,21,1.9,https://cctvfactory.com/security-camera-recorder/ip-hd-cameras-nvr/network-video-recorders-nvr/,0,0,0,0.51,189,"1, 1, 1, 100, 0, 0, 0, 1, 0, 0, 0, 0",2026-06-28 14:05:54,"Sitelinks, Video, Image, Video Carousel, People also ask, Popular products, Related searches, AI overview",commercial,Organic
camera hd sdi,33,33,70,3,0.86,https://cctvfactory.com/hd-sdi-2-megapixel-box-camera-30fps-real-time-1080p-hdcctv/,0,0,0,1,207,"100, 3, 12, 3, 0, 0, 81, 3, 0, 34, 28, 21",2026-07-30 08:30:30,"Image pack, Sitelinks, Video, Image, People also ask, Popular products, Related searches","commercial, informational",Organic
lock battery,46,46,140,7,0.44,https://cctvfactory.com/battery-for-locks/,0,0,0,0.3,183,"80, 52, 66, 66, 80, 66, 66, 66, 42, 33, 66, 66",2026-07-18 07:47:46,"Image pack, Sitelinks, Video, Video Carousel, People also ask, Popular products, Related searches, AI overview",informational,Organic
40va 24v transformer,24,24,90,22,0.58,https://cctvfactory.com/transformer-24volt-ac-40va/,0,0,0,0.99,251,"6, 6, 6, 6, 15, 34, 53, 34, 34, 34, 53, 43",2026-08-10 19:16:53,"Image pack, Sitelinks, Video, Image, People also ask, Popular products, Related searches",commercial,Organic
cctv camera manufacturer,22,0,40,13,2.7,https://cctvfactory.com/,0,0,0,0.12,190,"78, 0, 14, 0, 14, 0, 14, 0, 35, 7, 78, 100",2026-08-18 23:08:49,"Local pack, Sitelinks, Reviews, Video, Image, People also ask, Popular products, Related searches, AI overview",commercial,Organic
25' hdmi cable,20,20,170,23,0.63,https://cctvfactory.com/25ft-hdmi-cable/,0,0,0,1,192,"35, 43, 66, 81, 43, 4, 43, 35, 4, 14, 2, 29",2026-08-01 13:52:19,"Sitelinks, Reviews, Video, People also ask, Popular products, Related searches","commercial, informational",Organic
25' hdmi cable,22,22,170,23,0.63,https://cctvfactory.com/25ft-hdmi-cable/,0,0,0,1,192,"35, 43, 66, 81, 43, 4, 43, 35, 4, 14, 2, 29",2026-08-01 13:52:19,"Sitelinks, Reviews, Video, People also ask, Popular products, Related searches","commercial, informational",Organic
cctv direct,34,34,30,34,3.68,https://cctvfactory.com/,0,0,0,0.55,112,"23, 17, 11, 17, 17, 23, 11, 11, 11, 11, 5, 11",2026-07-19 08:27:21,"Sitelinks, Reviews, Video, People also ask, Related searches",informational,Organic
license plate recognition camera price,35,35,170,18,2.71,https://cctvfactory.com/license-plate-reader-camera/,0,0,0,0.94,191,"35, 35, 82, 66, 66, 53, 43, 43, 43, 17, 28, 28",2026-07-27 05:16:17,"Sitelinks, Reviews, Video, People also ask, Popular products, Related searches, AI overview",transactional,Organic
12 volt dc distribution panel,21,21,90,2,0.47,https://cctvfactory.com/12v-dc-power-distribution-box-for-4-cameras-10-amp/,0,0,0,0.99,184,"81, 45, 63, 81, 63, 81, 100, 81, 81, 81, 81, 81",2026-07-25 18:06:40,"Sitelinks, Video, Image, Video Carousel, People also ask, Popular products, Related searches, AI overview",commercial,Organic
ndaa compliant ptz cameras,74,74,40,4,0,https://cctvfactory.com/cameras-dvr-nvr/ip-hd-cameras-nvr/ultracctv-ndaa-compliance/,0,0,0,0,181,"14, 42, 42, 14, 100, 71, 57, 42, 57, 100, 71, 71",2026-08-16 11:00:31,"Sitelinks, Reviews, Video, People also ask, Popular products, Related searches, AI overview","commercial, informational",Organic
camera with sdi output,43,43,50,9,0.54,https://cctvfactory.com/cameras-dvr-nvr/hd-sdi/,0,0,0,1,207,"64, 50, 35, 50, 21, 78, 50, 28, 35, 50, 21, 50",2026-07-15 14:32:49,"Sitelinks, Video, Video Carousel, Popular products, Related searches, AI overview",commercial,Organic
bosch ds1501,30,30,50,11,1.36,https://cctvfactory.com/bosch-ds150i-series-request-to-exit-detector/,0,0,0,1,164,"7, 21, 21, 14, 35, 35, 28, 14, 78, 14, 21, 100",2026-08-07 02:51:34,"Knowledge panel, Image pack, Sitelinks, Reviews, Video, Related searches","informational, transactional",Organic
alpr for sale,18,18,50,26,1.73,https://cctvfactory.com/license-plate-reader-camera/,0,0,0,0.26,152,"29, 41, 52, 64, 23, 29, 17, 23, 23, 23, 29, 23",2026-07-07 01:10:44,"Image pack, Sitelinks, Reviews, Image, People also ask, Related searches, Ads middle, AI overview",informational,Organic
poe cat 5e,40,40,50,16,0.88,https://cctvfactory.com/ethernet-cable-for-ip-camera-cat5-pre-made-50-feet/,0,0,0,0.16,194,"36, 0, 45, 81, 100, 63, 63, 81, 27, 9, 9, 27",2026-07-10 12:55:50,"Image pack, Sitelinks, Video, People also ask, Related searches, AI overview",informational,Organic
poe cat 5e,50,50,50,16,0.88,https://cctvfactory.com/100-feet-high-speed-ethernet-network-cable-for-ip-poe-camera-cat5-pre-made/,0,0,0,0.16,194,"36, 0, 45, 81, 100, 63, 63, 81, 27, 9, 9, 27",2026-07-10 12:55:50,"Image pack, Sitelinks, Video, People also ask, Related searches, AI overview",informational,Organic
64 channel network video recorder,23,23,70,5,3.02,https://cctvfactory.com/hikvision-64ch-poe-8mp-4k-nvr-network-video-recorder-support-pos-integration/,0,0,0,1,180,"63, 36, 63, 63, 63, 45, 63, 63, 63, 100, 63, 63",2026-08-10 22:19:19,"Sitelinks, Reviews, Video, People also ask, Popular products, Related searches, AI overview",commercial,Organic
license plate readers for sale,45,45,90,33,2.08,https://cctvfactory.com/license-plate-reader-camera/,0,0,0,0.55,178,"29, 23, 52, 41, 52, 52, 52, 52, 64, 64, 52, 64",2026-07-04 12:30:52,"Sitelinks, Reviews, Video, People also ask, Popular products, Related searches",transactional,Organic
ip camera nvr,48,48,880,21,1.9,https://cctvfactory.com/security-camera-recorder/ip-hd-cameras-nvr/network-video-recorders-nvr/,0,0,0,0.51,189,"55, 67, 67, 55, 67, 55, 100, 67, 76, 45, 67, 30",2026-07-06 04:16:38,"Image pack, Sitelinks, Reviews, Video, Image, Ads bottom, Video Carousel, People also ask, Popular products, Related searches, AI overview","commercial, informational",Organic
hdmi cord 6ft,26,26,390,23,0.45,https://cctvfactory.com/6ft-hdmi-cable/,0,0,0,1,202,"29, 29, 36, 23, 36, 44, 54, 54, 36, 81, 100, 36",2026-08-16 23:33:17,"Sitelinks, Video, Video Carousel, People also ask, Popular products, Related searches",commercial,Organic
6mp camera,7,7,40,2,0,https://cctvfactory.com/6mp-fish-eye-network-camera-with-built-in-mic-and-audio-alarm/,0,0,0,0.12,205,"57, 71, 100, 42, 100, 57, 57, 57, 100, 100, 42, 28",2026-08-07 10:09:50,"Image pack, Reviews, Video, Video Carousel, People also ask, Popular products, Related searches, Short videos","commercial, informational",Organic
bnc connector to vga,25,25,70,1,0.27,https://cctvfactory.com/bnc-composite-video-to-vga-converter/,0,0,0,0.76,192,"41, 41, 41, 41, 41, 41, 41, 41, 29, 41, 41, 41",2026-07-02 14:17:35,"Image pack, Sitelinks, Video, Image, Video Carousel, Popular products, Related searches, Discussions and forums, AI overview",commercial,Organic
ip camera network video recorder,19,19,90,29,2.02,https://cctvfactory.com/security-camera-recorder/ip-hd-cameras-nvr/network-video-recorders-nvr/,0,0,0,0.78,197,"0, 0, 0, 0, 0, 0, 0, 0, 0, 100, 0, 0",2026-08-17 08:37:07,"Sitelinks, Reviews, Video, Video Carousel, People also ask, Popular products, Related searches, AI overview",commercial,Organic
ip camera network video recorder,71,71,90,29,2.02,https://cctvfactory.com/security-camera-recorder/ip-hd-cameras-nvr/ip-hd-cameras/,0,0,0,0.78,197,"0, 0, 0, 0, 0, 0, 0, 0, 0, 100, 0, 0",2026-08-17 08:37:07,"Sitelinks, Reviews, Video, Video Carousel, People also ask, Popular products, Related searches, AI overview",commercial,Organic
website cctv camera,43,43,40,60,0,https://cctvfactory.com/,0,0,0,0.14,203,"10, 8, 0, 0, 0, 1, 6, 6, 1, 1, 0, 1",2026-07-22 21:52:23,"Sitelinks, Reviews, Video, People also ask, Popular products, Related searches, AI overview","commercial, informational",Organic
quad-camera system,66,66,40,16,4.47,https://cctvfactory.com/quadview-oem/,0,0,0,1,189,"14, 14, 14, 100, 78, 50, 14, 14, 14, 14, 14, 14",2026-08-10 08:02:30,"Sitelinks, Video, Video Carousel, People also ask, Popular products, Related searches, Discussions and forums",commercial,Organic
license plate reader cameras,57,57,390,27,3.92,https://cctvfactory.com/license-plate-reader-camera/,0,0,0,0.48,193,"30, 16, 30, 45, 30, 36, 36, 36, 36, 36, 24, 36",2026-07-16 15:02:52,"Image pack, Sitelinks, Reviews, Video, Video Carousel, People also ask, Popular products, Related searches, Discussions and forums, AI overview",informational,Organic
cctv camera near me,49,49,170,43,3.54,https://cctvfactory.com/,0,0,0,0.72,109000000,"22, 43, 35, 35, 29, 29, 29, 29, 35, 29, 29, 35",2026-07-10 19:13:48,"Local pack, Sitelinks, Reviews, Video, People also ask, Popular products, Related searches",transactional,Organic
cctv camera suppliers,36,0,30,51,2.7,https://cctvfactory.com/,0,0,0,0.12,186,"75, 50, 100, 50, 25, 75, 50, 50, 50, 50, 100, 100",2026-08-18 23:17:57,"Local pack, Sitelinks, Reviews, Video, People also ask, Popular products, Related searches",commercial,Organic
solar security camera gulfton,94,94,40,13,0,https://cctvfactory.com/,0,0,0,0,1670,"60, 100, 100",2026-08-17 13:01:03,"Sitelinks, Reviews, Video, People also ask, Related searches, AI overview",commercial,Organic
ccd cctv camera,15,15,40,8,1.38,https://cctvfactory.com/1-3-sony-superhad-color-ccd-dsp-waterproof-ir-illumination-nightvision-cctv-camera-23-leds-4-3mm/,0,0,0,0.95,194,"45, 63, 45, 45, 18, 18, 18, 18, 18, 18, 18, 100",2026-07-10 06:59:34,"Image pack, Sitelinks, Video, Video Carousel, People also ask, Popular products, Related searches, AI overview",transactional,Organic
cctv camera dealers,20,20,260,31,0,https://cctvfactory.com/,0,0,0,0.05,197,"10, 1, 1, 1, 100, 1, 1, 2, 2, 3, 76, 36",2026-06-30 22:45:32,"Local pack, Sitelinks, Reviews, Video, Popular products, Related searches",commercial,Organic
analog high definition,57,57,90,3,0.48,https://cctvfactory.com/ahd-megapixels-720p-analog-960h-ntsc-pal-switchable-with-3-6mm-wide-angle-lens-24-leds-night-vision-weatherproof-dome-camera-grey/,0,0,0,0.35,184,"64, 78, 35, 64, 50, 64, 78, 78, 50, 50, 64, 50",2026-07-06 01:57:32,"Image pack, Sitelinks, Reviews, Video, Video Carousel, People also ask, Related searches, AI overview",informational,Organic
sdi cameras,39,39,90,13,0.85,https://cctvfactory.com/hd-sdi-2-megapixel-box-camera-30fps-real-time-1080p-hdcctv/,0,0,0,0.99,204,"21, 21, 15, 43, 34, 28, 28, 28, 34, 21, 28, 53",2026-06-25 11:43:07,"Image pack, Sitelinks, Video, Image, Video Carousel, People also ask, Popular products, Related searches, AI overview",commercial,Organic
cctv sales,35,35,30,22,2.81,https://cctvfactory.com/,0,0,0,0.41,205,"0, 28, 50, 28, 35, 14, 64, 14, 14, 14, 14, 14",2026-08-07 01:54:13,"Sitelinks, Reviews, Video, People also ask, Popular products, Related searches, AI overview",transactional,Organic
cable for cctv security camera,74,74,390,16,0.7,https://cctvfactory.com/ultracctv-cables/,0,0,0,1,170,"66, 36, 29, 81, 100, 81, 81, 66, 29, 19, 44, 36",2026-07-18 13:12:39,"Sitelinks, Reviews, Video, Video Carousel, People also ask, Popular products, Related searches",commercial,Organic
4 channel poe nvr,36,36,40,2,1.13,https://cctvfactory.com/hikvision-4ch-poe-nvr-network-video-recorder/,0,0,0,0.99,284,"63, 81, 100, 18, 36, 18, 18, 18, 18, 27, 18, 18",2026-08-09 07:01:50,"Image pack, Sitelinks, Reviews, Video, Video Carousel, People also ask, Popular products, Related searches",commercial,Organic
hdmi 25 ft,29,29,90,15,0.49,https://cctvfactory.com/25ft-hdmi-cable/,0,0,0,0.64,201,"34, 26, 34, 53, 53, 26, 26, 19, 26, 26, 15, 42",2026-07-28 00:12:44,"Sitelinks, Reviews, Video, Image, People also ask, Popular products, Related searches",commercial,Organic
ip dome camera auto focus,10,10,40,0,0,https://cctvfactory.com/ip-camera-3-megapixel-2-7-12mm-auto-focus-vari-focal-motorized-lens-98-feet-smart-ir-leds-waterproof-vandal-dome-white-12vdc-poe/,0,0,0,0,180,"19, 100, 19, 33, 19, 19, 9, 9, 9, 9, 9, 0",2026-07-12 22:04:06,"Sitelinks, Reviews, Video, Video Carousel, People also ask, Popular products",commercial,Organic
25 ft cable,22,22,90,23,0,https://cctvfactory.com/25ft-hdmi-cable/,0,0,0,0.5,223,"81, 63, 81, 100, 63, 63, 81, 81, 36, 63, 63, 100",2026-07-27 07:05:42,"Sitelinks, Video, Image, People also ask, Popular products, Related searches",commercial,Organic
megapixel ip,69,69,12100,13,1.7,https://cctvfactory.com/hd-ip-1080p-30fps-mega-pixels-ip-dome-cameras-2-8-12mm-lens-0-2lux-color-0-01lux-b-w-0lux-ir-on-42-ir-weatherproof-12v-dc-poe-dome/,0,0,0,0.01,192,"0, 0, 0, 0, 0, 0, 81, 81, 67, 54, 100, 44",2026-08-14 07:01:34,"Sitelinks, Video, People also ask, Popular products, Related searches, AI overview","commercial, informational",Organic
lcd television wall mounts,50,50,50,42,0,https://cctvfactory.com/cables-accessories/tv-lcd-mount/,0,0,0,0.08,200,"29, 41, 41, 64, 100, 29, 5, 5, 5, 0, 11, 0",2026-07-12 23:01:01,"Sitelinks, Video, Video Carousel, Popular products, Related searches",commercial,Organic
1/2.7,54,54,590,19,0,https://cctvfactory.com/sony-exmor-2-1-mega-pixel-1-2-7-image-sensor-42-ir-leds-2-8-12mm-vari-focal-lens-weatherproof-dome-12vdc-white-1080p/,0,0,0,0.33,0,"100, 3, 4, 3, 100, 13, 8, 8, 0, 7, 7, 13",2026-07-18 17:00:46,"Instant answer, Reviews, Video, People also ask",informational,Organic
16 channel dvr with hard drive,28,28,70,6,1.69,https://cctvfactory.com/16ch-hd-cvi-720p-dvr-with-16-x-hd-cameras-and-1tb-hard-drive-package/,0,0,0,1,233,"41, 52, 52, 41, 52, 52, 64, 52, 52, 29, 11, 41",2026-07-04 06:46:04,"Sitelinks, Reviews, Video, Image, Video Carousel, People also ask, Popular products, Related searches, AI overview","commercial, informational",Organic
befaco vcmc,66,66,40,10,0,https://cctvfactory.com/electronics/,0,0,0,0.2,171,"14, 21, 14, 35, 14, 28, 21, 28, 28, 35, 78, 35",2026-08-10 09:29:49,"Knowledge panel, Image pack, Video, Video Carousel, Related searches","informational, transactional",Organic
ctv cameras,39,39,110,40,4.96,https://cctvfactory.com/,0,0,0,0.66,218,"0, 0, 0, 3, 0, 0, 100, 0, 36, 2, 1, 2",2026-07-29 18:28:58,"Sitelinks, Reviews, Video, People also ask, Popular products, Related searches, AI overview","commercial, informational",Organic
x1232,32,32,40,1,0,https://cctvfactory.com/cameras-dvr-nvr/coaxial-cameras-hybrid-dvrs/hybrid-recorders-coaxial-ip/,0,0,0,0,110,"11, 11, 11, 11, 11, 11, 100, 23, 41, 11, 11, 0",2026-07-20 11:09:59,"Image pack, Sitelinks, Video, Related searches",informational,Organic
license plate scanner for sale,44,44,50,24,2.08,https://cctvfactory.com/license-plate-reader-camera/,0,0,0,0.55,175,"35, 35, 35, 35, 28, 28, 21, 35, 35, 28, 28, 35",2026-07-08 14:27:17,"Sitelinks, Reviews, Video, People also ask, Popular products, Related searches",transactional,Organic
license plate reader camera,67,67,2400,18,2.94,https://cctvfactory.com/license-plate-reader-camera/,0,0,0,0.6,188,"28, 24, 28, 43, 54, 24, 28, 28, 24, 43, 36, 100",2026-08-13 04:09:21,"Sitelinks, Reviews, Video, Image, Video Carousel, People also ask, Popular products, Related searches, Things to know, AI overview","commercial, informational",Organic
sony xm camera,90,90,40,21,0,https://cctvfactory.com/22x-optical-zoom-auto-focus-high-resolution-500tvl-sony-ccd-camera/,0,0,0,0.2,3200000,"14, 100, 64, 14, 64, 14, 14, 14, 14, 14, 14, 14",2026-06-26 11:19:49,"Sitelinks, Video, Video Carousel, People also ask, Related searches, AI overview","commercial, informational",Organic
cctv manufacturers,43,43,30,20,4.66,https://cctvfactory.com/,0,0,0,0.11,117,"100, 18, 18, 18, 18, 18, 45, 18, 18, 18, 18, 36",2026-07-07 12:58:54,"Local pack, Sitelinks, Reviews, Video, People also ask, Related searches, AI overview",informational,Organic
superhad,10,10,70,61,1.95,https://cctvfactory.com/1-3-sony-superhad-color-ccd-dsp-480-lines-high-resolution-mini-dome-cctv-security-camera/,0,0,0,0.33,185,"0, 0, 0, 2, 1, 0, 0, 0, 0, 37, 0, 0",2026-06-28 10:01:14,"Knowledge panel, Sitelinks, Reviews, Video, Image, Video Carousel, Related searches, Short videos","informational, transactional",Organic
superhad,37,37,70,61,1.95,https://cctvfactory.com/vandal-proof-1-3-sony-superhad-color-ccd-dsp-weatherproof-armor-dome-4-0mm-lens/,0,0,0,0.33,185,"0, 0, 0, 2, 1, 0, 0, 0, 0, 37, 0, 0",2026-06-28 10:01:14,"Knowledge panel, Sitelinks, Reviews, Video, Image, Video Carousel, Related searches, Short videos","informational, transactional",Organic
superhad,65,65,70,61,1.95,https://cctvfactory.com/1-3-sony-superhad-color-ccd-dsp-vari-focal-auto-iris-3-7-12-0mm-hi-end-security-medium-dome-camera/,0,0,0,0.33,185,"0, 0, 0, 2, 1, 0, 0, 0, 0, 37, 0, 0",2026-06-28 10:01:14,"Knowledge panel, Sitelinks, Reviews, Video, Image, Video Carousel, Related searches, Short videos","informational, transactional",Organic
superhad,84,84,70,61,1.95,https://cctvfactory.com/1-3-sony-superhad-color-ccd-dsp-vari-focal-auto-iris-3-7-12-0mm-hi-end-security-medium-dome-camera/,0,0,0,0.33,185,"0, 0, 0, 2, 1, 0, 0, 0, 0, 37, 0, 0",2026-06-28 10:01:14,"Knowledge panel, Sitelinks, Reviews, Video, Image, Video Carousel, Related searches, Short videos","informational, transactional",Organic
network video recorder,53,53,6600,32,1.63,https://cctvfactory.com/security-camera-recorder/ip-hd-cameras-nvr/network-video-recorders-nvr/,0,0,0,0.65,200,"66, 36, 54, 44, 66, 44, 23, 54, 54, 54, 66, 66",2026-08-17 06:32:41,"Sitelinks, Video, Ads bottom, Video Carousel, People also ask, Popular products, Related searches, AI overview",informational,Organic
hdmi cable 6 foot,31,31,40,12,0.45,https://cctvfactory.com/6ft-hdmi-cable/,0,0,0,1,195,"14, 14, 23, 19, 14, 9, 9, 23, 33, 19, 23, 14",2026-08-15 16:21:50,"Sitelinks, Video, Ads bottom, Video Carousel, People also ask, Popular products, Related searches",commercial,Organic
ip cameras with nvr,38,38,40,20,1.9,https://cctvfactory.com/security-camera-recorder/ip-hd-cameras-nvr/ip-hd-cameras/,0,0,0,0.51,189,"0, 12, 0, 0, 0, 100, 0, 0, 0, 0, 0, 0",2026-07-25 19:59:55,"Sitelinks, Reviews, Video, Image, Video Carousel, People also ask, Popular products, Related searches, AI overview","commercial, informational",Organic
cctv camera distributor,47,47,140,20,17.05,https://cctvfactory.com/,0,0,0,0.14,202,"5, 2, 11, 11, 7, 2, 7, 2, 100, 5, 4, 11",2026-07-29 18:53:54,"Local pack, Reviews, Video, People also ask, Popular products, Related searches",commercial,Organic
bnc t,50,50,170,5,0.79,https://cctvfactory.com/bnc-t-adapter/,0,0,0,1,193,"14, 17, 17, 26, 17, 17, 17, 17, 21, 26, 17, 14",2026-08-13 09:31:27,"Image pack, Sitelinks, Video, Image, People also ask, Popular products, Related searches","commercial, informational",Organic
hdmi 6 ft cable,32,32,40,13,0.48,https://cctvfactory.com/6ft-hdmi-cable/,0,0,0,0.93,202,"52, 23, 9, 9, 9, 4, 33, 0, 42, 4, 19, 4",2026-07-28 05:26:15,"Sitelinks, Video, Image, People also ask, Popular products, Related searches",commercial,Organic
kit nvr 8 camera dome,24,24,40,2,0,https://cctvfactory.com/8mp-security-system-kit-with-16-x-3-6-mm-fixed-lens-4k-dome-lifetime-support/,0,0,0,0.33,174,"45, 36, 63, 100, 100, 36, 0, 0, 0, 0, 0, 0",2026-07-12 22:52:50,"Sitelinks, Video, Popular products, Related searches",commercial,Organic
24 ac transformer,31,31,50,18,0.67,https://cctvfactory.com/transformer-24volt-ac-40va/,0,0,0,0.99,233,"19, 33, 42, 23, 42, 9, 42, 23, 33, 23, 19, 23",2026-07-23 19:08:52,"Image pack, Sitelinks, Video, Image, People also ask, Popular products, Related searches","commercial, informational",Organic
16ch 8mp poe nvr,8,8,50,0,0,https://cctvfactory.com/hikvision-16ch-poe-8mp-4k-nvr-network-video-recorder-support-pos-integration/,0,0,0,0.33,163,"50, 50, 35, 78, 100, 28, 14, 14, 14, 14, 14, 14",2026-07-01 00:09:06,"Sitelinks, Reviews, Video, Popular products, Related searches, Discussions and forums",commercial,Organic
16ch 8mp poe nvr,10,10,50,0,0,https://cctvfactory.com/hikvision-16ch-poe-8mp-4k-nvr-network-video-recorder-support-pos-integration/,0,0,0,0.33,163,"50, 50, 35, 78, 100, 28, 14, 14, 14, 14, 14, 14",2026-07-01 00:09:06,"Sitelinks, Reviews, Video, Popular products, Related searches, Discussions and forums",commercial,Organic
store cctv,23,23,70,34,3.37,https://cctvfactory.com/,0,0,0,0.2,221,"42, 7, 11, 42, 7, 7, 7, 7, 7, 100, 65, 26",2026-08-13 10:03:28,"Local pack, Image pack, Sitelinks, Video, People also ask, Popular products, Related searches",commercial,Organic
bnc connect,55,55,50,16,0.75,https://cctvfactory.com/bnc-to-bnc-connector/,0,0,0,1,182,"100, 1, 0, 0, 1, 0, 0, 0, 1, 0, 0, 0",2026-07-06 01:50:05,"Sitelinks, Reviews, Video, Video Carousel, People also ask, Popular products, Related searches, AI overview","commercial, informational",Organic
24v to 12 volt converter,39,39,50,2,0.51,https://cctvfactory.com/power-converter-convert-24vac-to-12vdc/,0,0,0,1,195,"12, 9, 19, 23, 5, 0, 2, 1, 0, 1, 1, 1",2026-08-10 16:50:53,"Sitelinks, Video, Video Carousel, People also ask, Popular products, Related searches, Discussions and forums",commercial,Organic
dvr lock box,44,44,70,1,0.64,https://cctvfactory.com/dvr-vcr-security-lock-box-lockbox-with-fan/,0,0,0,1,195,"28, 21, 21, 28, 28, 28, 21, 21, 21, 21, 21, 15",2026-07-27 11:31:49,"Image pack, Sitelinks, Video, Image, People also ask, Popular products","informational, transactional",Organic
fhd 30,21,21,320,29,0,https://cctvfactory.com/hd-sdi-2-megapixel-box-camera-30fps-real-time-1080p-hdcctv/,0,0,0,0.33,178,"15, 23, 18, 35, 15, 66, 66, 100, 100, 81, 81, 100",2026-07-23 09:55:28,"Sitelinks, Video, Video Carousel, People also ask, Popular products, Related searches, AI overview",informational,Organic
25 ft hdmi,30,30,140,26,0.4,https://cctvfactory.com/25ft-hdmi-cable/,0,0,0,1,217,"42, 80, 34, 100, 53, 34, 34, 42, 80, 19, 19, 26",2026-07-22 20:32:02,"Sitelinks, Reviews, Video, Image, People also ask, Popular products, Related searches",commercial,Organic
50 ft cat5 ethernet cable,58,58,260,26,0.35,https://cctvfactory.com/100-feet-high-speed-ethernet-network-cable-for-ip-poe-camera-cat5-pre-made/,0,0,0,1,209,"79, 10, 0, 0, 0, 0, 41, 0, 8, 0, 0, 0",2026-07-04 06:51:44,"Sitelinks, Video, People also ask, Popular products, Related searches, Discussions and forums",commercial,Organic
hikvision 8ch nvr poe,6,6,50,0,0,https://cctvfactory.com/hikvision-8ch-poe-nvr-network-video-recorder/,0,0,0,0.06,141,"29, 41, 52, 82, 100, 29, 11, 11, 11, 11, 17, 11",2026-06-30 05:50:51,"Reviews, Video, Video Carousel, Related searches, AI overview","commercial, informational",Organic
black cameras with solar panels,3,3,50,16,1.15,https://cctvfactory.com/dual-pana-180-camera-wifi-100-watt-solar-powered-security-camera-system-with-13-black-cctv-pole/,0,0,0,0.51,136,"18, 18, 100, 18, 100, 100, 18, 18, 18, 18, 18, 100",2026-07-20 19:49:42,"Image pack, Sitelinks, Video, Image, People also ask, Popular products, Related searches, AI overview",informational,Image pack
4k network video recorder,25,25,70,3,1.9,https://cctvfactory.com/security-camera-recorder/ip-hd-cameras-nvr/network-video-recorders-nvr/,0,0,0,0.82,158,"11, 11, 17, 41, 11, 11, 11, 17, 64, 82, 52, 100",2026-07-20 04:49:28,"Sitelinks, Video, Video Carousel, People also ask, Popular products, Related searches",commercial,Organic
number plate recognition camera price,36,36,110,19,2.71,https://cctvfactory.com/license-plate-reader-camera/,0,0,0,0.94,186,"34, 53, 34, 26, 42, 53, 53, 42, 42, 26, 42, 42",2026-07-21 07:46:59,"Sitelinks, Reviews, Video, People also ask, Popular products, Related searches, AI overview",transactional,Organic
25 ft hdmi cord,26,26,140,25,0.38,https://cctvfactory.com/25ft-hdmi-cable/,0,0,0,1,786,"9, 21, 34, 21, 34, 53, 65, 100, 43, 28, 28, 43",2026-07-29 21:36:17,"Sitelinks, Video, People also ask, Popular products, Related searches, AI overview",commercial,Organic
what are the black poles with solar panels and cameras,43,43,70,19,0,https://cctvfactory.com/50wsolar-powered-security-camera-system-with-pana-180-camera-wifi-with-black-metal-pole-13-feet-total-height/,0,0,0,0.01,95,"100, 100, 100, 18, 100, 18, 18, 18, 18, 18, 63, 63",2026-07-27 08:12:50,"Sitelinks, Video, People also ask, Related searches, AI overview",informational,Organic
cctv dvr 16 channel,47,47,40,4,2.07,https://cctvfactory.com/16ch-hd-cvi-720p-dvr-with-16-x-hd-cameras-and-1tb-hard-drive-package/,0,0,0,1,192,"2, 0, 1, 1, 3, 2, 1, 2, 2, 1, 2, 2",2026-07-29 06:38:42,"Sitelinks, Video, Image, Video Carousel, Popular products, Related searches",commercial,Organic
cctv l bracket,17,17,40,14,0,https://cctvfactory.com/l-wall-bracket-for-vandal-proof-dome-camera-silver-color/,0,0,0,0.4,206,"11, 11, 26, 100, 19, 0, 0, 0, 0, 0, 0, 0",2026-08-03 09:01:25,"Image pack, Sitelinks, Video, Image, Video Carousel, People also ask, Popular products, Related searches",informational,Organic
bnc vga connector,33,33,70,5,0.27,https://cctvfactory.com/bnc-composite-video-to-vga-converter/,0,0,0,0.76,199,"50, 50, 35, 50, 50, 50, 50, 50, 35, 50, 50, 50",2026-07-22 15:34:19,"Image pack, Sitelinks, Video, Image, Video Carousel, People also ask, Popular products, Related searches, Discussions and forums",commercial,Organic
1 ch channel,72,72,70,23,0,https://cctvfactory.com/one-channel-rf-transmitter-315mhz/,0,0,0,0.33,2110000000,"35, 50, 50, 50, 50, 64, 64, 64, 50, 50, 50, 64",2026-08-14 04:48:59,"Sitelinks, Reviews, Video, Video Carousel, Related searches, AI overview",informational,Organic
plate reading camera,53,53,30,12,2.12,https://cctvfactory.com/license-plate-reader-camera/,0,0,0,0.76,182,"9, 9, 23, 23, 9, 33, 14, 9, 9, 14, 9, 9",2026-06-27 09:36:53,"Sitelinks, Reviews, Video, Image, Video Carousel, People also ask, Popular products, Related searches, AI overview",commercial,Organic
6 foot hdmi cord,20,20,260,22,0.47,https://cctvfactory.com/6ft-hdmi-cable/,0,0,0,0.7,186,"36, 23, 15, 15, 12, 12, 19, 19, 66, 36, 81, 100",2026-07-19 00:08:23,"Sitelinks, Video, People also ask, Popular products, Related searches, AI overview",commercial,Organic
lpr system cost,73,73,40,14,5.33,https://cctvfactory.com/license-plate-reader-camera/,0,0,0,0.49,166,"18, 27, 81, 81, 36, 18, 18, 18, 18, 18, 18, 18",2026-07-07 19:45:56,"Sitelinks, Reviews, Video, People also ask, Popular products, Related searches, Discussions and forums, AI overview","commercial, informational",Organic
nvr poe 8 channel,16,16,40,1,1.91,https://cctvfactory.com/hikvision-8ch-poe-nvr-network-video-recorder/,0,0,0,1,168,"9, 52, 9, 52, 52, 9, 9, 9, 9, 9, 9, 9",2026-07-06 22:02:10,"Sitelinks, Reviews, Video, Video Carousel, Popular products, Related searches, AI overview",commercial,Organic
60 inch plasma screen tv,14,14,90,25,0.24,https://cctvfactory.com/fits-30-to-60-inches-plasma-lcd-tv-maximum-load-up-to-110lbs/,0,0,0,0.53,195,"100, 63, 100, 100, 63, 81, 100, 100, 81, 81, 81, 100",2026-07-02 22:01:48,"Sitelinks, Reviews, Video, People also ask, Popular products, Related searches","commercial, informational",Organic
security camera wholesale,44,44,70,12,6.12,https://cctvfactory.com/,0,0,0,0.61,175,"29, 29, 41, 52, 29, 64, 64, 52, 41, 52, 29, 41",2026-07-06 23:22:41,"Local pack, Sitelinks, Reviews, Video, Image, People also ask, Popular products, Related searches, Ads middle",commercial,Organic
industrial cctv system,66,66,30,24,28.86,https://cctvfactory.com/,0,0,0,0.99,174,"100, 40, 40, 60, 40, 40, 40, 40, 40, 100, 60, 60",2026-08-09 05:33:58,"Sitelinks, Reviews, Video, Image, Ads bottom, Video Carousel, People also ask, Popular products, Related searches",commercial,Organic
industrial cctv system,72,72,30,24,28.86,https://cctvfactory.com/,0,0,0,0.99,174,"100, 40, 40, 60, 40, 40, 40, 40, 40, 100, 60, 60",2026-08-09 05:33:58,"Sitelinks, Reviews, Video, Image, Ads bottom, Video Carousel, People also ask, Popular products, Related searches",commercial,Organic
cat5 poe,18,18,90,14,1.03,https://cctvfactory.com/ethernet-cable-for-ip-camera-cat5-pre-made-50-feet/,0,0,0,0.17,192,"0, 80, 26, 53, 15, 53, 34, 100, 53, 7, 7, 7",2026-08-03 12:57:23,"Sitelinks, Video, People also ask, Related searches, Short videos, Discussions and forums, AI overview",informational,Organic
hdmi cable 25ft,25,25,170,24,0.38,https://cctvfactory.com/25ft-hdmi-cable/,0,0,0,1,178,"43, 35, 29, 22, 43, 35, 43, 54, 35, 18, 29, 35",2026-07-03 00:19:07,"Sitelinks, Reviews, Video, People also ask, Popular products, Related searches",commercial,Organic
hdmi cable 25ft,29,29,170,24,0.38,https://cctvfactory.com/25ft-hdmi-cable/,0,0,0,1,178,"43, 35, 29, 22, 43, 35, 43, 54, 35, 18, 29, 35",2026-07-03 00:19:07,"Sitelinks, Reviews, Video, People also ask, Popular products, Related searches",commercial,Organic
best license plate reader camera,59,59,70,10,4.64,https://cctvfactory.com/license-plate-reader-camera/,0,0,0,1,162,"12, 28, 34, 34, 28, 34, 15, 12, 9, 21, 15, 15",2026-06-28 00:53:05,"Sitelinks, Reviews, Video, Video Carousel, Popular products, Related searches, Discussions and forums, AI overview",commercial,Organic
ntsc camera,29,29,90,9,0.9,https://cctvfactory.com/ahd-megapixels-720p-analog-960h-ntsc-pal-switchable-with-3-6mm-wide-angle-lens-24-leds-night-vision-weatherproof-dome-camera-white/,0,0,0,0.85,193,"3, 5, 6, 8, 5, 6, 5, 5, 5, 10, 5, 8",2026-08-14 01:50:22,"Image pack, Sitelinks, Video, Video Carousel, People also ask, Popular products, Related searches, AI overview",informational,Organic
svsi,89,89,40,2,0,https://cctvfactory.com/video-serial-interface-vsi-pro/,0,0,0,0.33,119,"41, 41, 41, 29, 11, 11, 29, 11, 11, 11, 11, 11",2026-08-05 08:07:13,"Image pack, Video, Video Carousel, Related searches, AI overview",informational,Organic
100 foot cat5e network cable,26,26,70,22,0.6,https://cctvfactory.com/100-feet-high-speed-ethernet-network-cable-for-ip-poe-camera-cat5-pre-made/,0,0,0,1,187,"4, 4, 4, 6, 8, 100, 8, 2, 18, 14, 8, 6",2026-07-26 11:23:43,"Sitelinks, Reviews, Video, People also ask, Popular products, Related searches, Discussions and forums, AI overview",commercial,Organic
license reader camera,57,57,50,14,3.43,https://cctvfactory.com/license-plate-reader-camera/,0,0,0,0.39,161,"14, 9, 33, 23, 19, 23, 23, 33, 42, 19, 9, 14",2026-06-27 04:48:33,"Sitelinks, Reviews, Video, Video Carousel, People also ask, Popular products, Related searches, AI overview","commercial, informational",Organic
license reader camera,83,83,50,14,3.43,https://cctvfactory.com/license-plate-reader-camera/,0,0,0,0.39,161,"14, 9, 33, 23, 19, 23, 23, 33, 42, 19, 9, 14",2026-06-27 04:48:33,"Sitelinks, Reviews, Video, Video Carousel, People also ask, Popular products, Related searches, AI overview","commercial, informational",Organic
cctv co,33,33,70,59,15.39,https://cctvfactory.com/,0,0,0,0.16,209,"42, 52, 52, 42, 52, 52, 23, 14, 23, 33, 33, 33",2026-08-02 02:14:05,"Sitelinks, Reviews, Video, People also ask, Related searches, AI overview",informational,Organic
hdmi cables 25 ft,30,30,720,26,0.38,https://cctvfactory.com/25ft-hdmi-cable/,0,0,0,1,207,"5, 76, 76, 8, 55, 24, 55, 55, 76, 55, 67, 55",2026-07-28 20:40:20,"Sitelinks, Reviews, Video, People also ask, Popular products, Related searches",commercial,Organic
bnc rca,41,41,90,12,0.44,https://cctvfactory.com/bnc-to-rca-connector/,0,0,0,1,255,"43, 43, 4, 14, 8, 6, 18, 14, 22, 8, 6, 18",2026-07-30 07:58:45,"Sitelinks, Video, Video Carousel, People also ask, Popular products, Related searches",commercial,Organic
latch battery,42,42,110,3,0,https://cctvfactory.com/battery-for-locks/,0,0,0,0.11,173,"78, 64, 100, 50, 78, 78, 78, 78, 78, 78, 100, 100",2026-08-10 02:48:01,"Image pack, Sitelinks, Reviews, Video, Video Carousel, People also ask, Popular products, Related searches",transactional,Organic
power connector cctv,32,32,40,7,0,https://cctvfactory.com/cables-accessories/new-category/,0,0,0,0.82,195,"18, 100, 18, 18, 100, 18, 18, 18, 18, 18, 18, 18",2026-07-13 01:49:42,"Image pack, Sitelinks, Reviews, Video, Video Carousel, People also ask, Popular products, Related searches","commercial, informational",Organic
rim devices,66,66,30,3,2.71,https://cctvfactory.com/rim-type-exit-device/,0,0,0,1,192,"20, 40, 80, 100, 100, 80, 100, 80, 60, 40, 40, 60",2026-07-09 10:59:08,"Image pack, Sitelinks, Video, Video Carousel, People also ask, Popular products, Related searches, AI overview",informational,Organic
hdmi cable 6 ft,29,29,90,14,0.45,https://cctvfactory.com/6ft-hdmi-cable/,0,0,0,1,198,"52, 64, 82, 41, 29, 64, 23, 64, 41, 41, 52, 52",2026-08-10 19:11:53,"Sitelinks, Video, People also ask, Popular products, Related searches",commercial,Organic
hdmi cable 6 ft,31,31,90,14,0.45,https://cctvfactory.com/6ft-hdmi-cable/,0,0,0,1,198,"52, 64, 82, 41, 29, 64, 23, 64, 41, 41, 52, 52",2026-08-10 19:11:53,"Sitelinks, Video, People also ask, Popular products, Related searches",commercial,Organic
home cct,51,51,90,53,0,https://cctvfactory.com/,0,0,0,0.08,138,"100, 81, 81, 100, 63, 81, 63, 81, 63, 81, 100, 63",2026-08-11 05:30:46,"Sitelinks, Reviews, Video, Video Carousel, People also ask, Related searches, Discussions and forums, AI overview",informational,Organic
bnc crimp,39,39,70,13,0.69,https://cctvfactory.com/rg59-bnc-crimp-on-connector/,0,0,0,1,163,"15, 12, 34, 6, 9, 6, 3, 3, 0, 100, 15, 34",2026-07-04 03:07:41,"Image pack, Sitelinks, Video, Video Carousel, People also ask, Popular products, Related searches",informational,Organic
outdoor keypad,11,11,30,12,1.7,https://cctvfactory.com/surface-mount-outdoor-access-keypad/,0,0,0,1,157,"18, 27, 27, 27, 27, 18, 18, 63, 18, 63, 18, 36",2026-07-19 05:01:26,"Sitelinks, Popular products, Related searches",commercial,Organic
25 feet hdmi cable,28,28,590,28,0.38,https://cctvfactory.com/25ft-hdmi-cable/,0,0,0,1,232,"67, 45, 36, 10, 100, 55, 67, 45, 45, 16, 45, 45",2026-07-18 04:58:39,"Image pack, Sitelinks, Video, Image, People also ask, Popular products, Related searches, AI overview",commercial,Organic
ds150i bosch,31,31,40,7,1.47,https://cctvfactory.com/bosch-ds150i-series-request-to-exit-detector/,0,0,0,1,167,"9, 4, 23, 23, 33, 100, 19, 14, 0, 9, 4, 9",2026-08-01 00:45:50,"Knowledge panel, Sitelinks, Video, Related searches",informational,Organic
hdmi to hdmi cable 6ft,38,38,260,14,0.45,https://cctvfactory.com/6ft-hdmi-cable/,0,0,0,1,187,"65, 53, 65, 65, 100, 81, 65, 65, 81, 100, 81, 100",2026-07-18 20:42:01,"Sitelinks, Reviews, Video, Popular products, Related searches",commercial,Organic
alpr cameras,42,42,720,39,3.92,https://cctvfactory.com/license-plate-reader-camera/,0,0,0,0.48,197,"16, 16, 25, 16, 46, 46, 37, 100, 31, 31, 46, 68",2026-07-19 01:22:19,"Sitelinks, Video, Video Carousel, People also ask, Popular products, Related searches, Discussions and forums, AI overview",informational,Organic
bnc t adapter,38,38,50,3,0.94,https://cctvfactory.com/bnc-t-adapter/,0,0,0,0.98,202,"17, 52, 29, 23, 29, 64, 41, 11, 17, 64, 17, 29",2026-07-29 13:27:24,"Image pack, Sitelinks, Video, Image, People also ask, Popular products, Related searches","informational, transactional",Organic
factory camera,9,9,110,22,0.26,https://cctvfactory.com/,0,0,0,0.36,74,"66, 19, 52, 66, 52, 66, 52, 80, 66, 52, 9, 66",2026-07-21 23:42:26,"Image pack, Video, Video Carousel, People also ask, Related searches",informational,Organic
sdi output cameras,48,48,40,10,0.47,https://cctvfactory.com/cameras-dvr-nvr/hd-sdi/,0,0,0,1,193,"63, 45, 45, 27, 45, 63, 27, 45, 27, 18, 18, 27",2026-08-16 14:41:22,"Sitelinks, Video, Ads bottom, Video Carousel, People also ask, Popular products, Related searches, AI overview","commercial, informational",Organic
ai detection camera,20,20,30,40,5.85,https://cctvfactory.com/cameras-dvr-nvr/ai/,0,0,0,0.76,174,"100, 18, 63, 27, 18, 18, 18, 18, 18, 18, 0, 9",2026-07-29 00:15:39,"Sitelinks, Video, Video Carousel, People also ask, Related searches, AI overview",informational,Organic
ai detection camera,21,21,30,40,5.85,https://cctvfactory.com/cameras-dvr-nvr/ai/,0,0,0,0.76,174,"100, 18, 63, 27, 18, 18, 18, 18, 18, 18, 0, 9",2026-07-29 00:15:39,"Sitelinks, Video, Video Carousel, People also ask, Related searches, AI overview",informational,Organic
ptz 1200mm cctv camera,72,72,40,0,0,https://cctvfactory.com/hi-res-compact-ptz-10x-optical-zoom-outdoor-indoor-speed-dome-cctv-security-camera-wall-bracket/,0,0,0,0,22800,"11, 44, 100, 22",2026-08-15 13:57:02,"Sitelinks, Reviews, Video, Ads bottom, Video Carousel, People also ask, Related searches, AI overview","commercial, informational",Organic
pole light bracket,40,40,40,1,1.22,https://cctvfactory.com/lamp-pole-bracket/,0,0,0,1,196,"100, 33, 33, 33, 33, 33, 22, 33, 44, 44, 11, 55",2026-07-22 17:10:41,"Image pack, Sitelinks, Reviews, Video, Popular products, Related searches, AI overview","informational, transactional",Organic
poe nvr 4 channel,41,41,30,12,2.05,https://cctvfactory.com/hikvision-4ch-poe-nvr-network-video-recorder/,0,0,0,1,167,"11, 11, 11, 64, 11, 11, 11, 11, 11, 11, 11, 11",2026-06-30 19:46:33,"Sitelinks, Reviews, Video, Image, Video Carousel, Popular products, Related searches",commercial,Organic
cctv supplies,27,27,70,7,3.77,https://cctvfactory.com/,0,0,0,0.33,201,"10, 12, 12, 10, 7, 5, 5, 7, 23, 66, 35, 17",2026-08-13 12:49:16,"Knowledge panel, Sitelinks, Video, Popular products, Related searches",commercial,Organic
where to buy spy camera,30,30,260,45,0.46,https://cctvfactory.com/security-camera/spy-cameras/,0,0,0,0.99,228,"82, 53, 82, 66, 28, 66, 82, 53, 66, 66, 53, 53",2026-07-02 10:13:02,"Local pack, Sitelinks, Video, People also ask, Popular products, Related searches",transactional,Organic
bosch ds150i,36,36,210,7,1.47,https://cctvfactory.com/bosch-ds150i-series-request-to-exit-detector/,0,0,0,1,166,"66, 53, 66, 53, 53, 66, 53, 35, 43, 53, 53, 53",2026-07-21 11:37:06,"Knowledge panel, Image pack, Sitelinks, Video, Related searches",informational,Organic
camera mounting bracket,44,44,480,8,0.61,https://cctvfactory.com/camera-mounting-bracket/,0,0,0,1,194,"81, 81, 81, 100, 81, 100, 81, 81, 54, 81, 100, 100",2026-07-02 09:43:28,"Image pack, Sitelinks, Video, Popular products, Related searches",commercial,Organic
cctv network video recorder,34,34,90,9,1.92,https://cctvfactory.com/security-camera-recorder/ip-hd-cameras-nvr/network-video-recorders-nvr/,0,0,0,1,189,"52, 82, 41, 41, 64, 82, 23, 64, 41, 52, 64, 52",2026-07-13 21:44:10,"Sitelinks, Video, Ads top, Video Carousel, People also ask, Popular products, Related searches, Ads middle, AI overview","commercial, informational",Organic
what is a rim exit device,89,89,70,2,2.33,https://cctvfactory.com/rim-type-exit-device/,0,0,0,0.24,193,"52, 33, 23, 33, 33, 33, 23, 33, 33, 33, 23, 52",2026-07-18 19:09:50,"Sitelinks, Video, Video Carousel, People also ask, Related searches, AI overview",informational,Organic
network video recorder system,47,47,170,26,3.69,https://cctvfactory.com/security-camera-recorder/ip-hd-cameras-nvr/network-video-recorders-nvr/,0,0,0,1,198,"23, 23, 19, 19, 81, 12, 12, 9, 12, 23, 12, 15",2026-08-07 19:38:57,"Sitelinks, Video, Image, Video Carousel, People also ask, Popular products, Related searches, AI overview","commercial, informational",Organic
cctv camera retailers,32,32,50,5,0,https://cctvfactory.com/,0,0,0,0.33,209,"9, 4, 100, 0, 42, 52, 66, 4, 0, 0, 0, 0",2026-08-03 09:15:48,"Local pack, Sitelinks, Reviews, Video, People also ask, Popular products, Related searches",commercial,Organic
6 foot hdmi cable,34,34,320,9,0.46,https://cctvfactory.com/6ft-hdmi-cable/,0,0,0,1,187,"82, 66, 100, 66, 82, 66, 100, 66, 35, 66, 82, 82",2026-08-09 15:04:52,"Sitelinks, Video, Image, People also ask, Popular products, Related searches",commercial,Organic
bnc to vga adapter,25,25,70,15,0.4,https://cctvfactory.com/bnc-composite-video-to-vga-converter/,0,0,0,1,189,"35, 50, 50, 78, 35, 64, 64, 50, 78, 78, 50, 64",2026-07-18 16:38:22,"Image pack, Sitelinks, Video, Image, Video Carousel, People also ask, Popular products, Related searches, Discussions and forums","informational, transactional",Organic
alpr license plate reader,80,80,50,52,2.8,https://cctvfactory.com/license-plate-reader-camera/,0,0,0,0.29,200,"11, 11, 17, 29, 29, 64, 100, 17, 11, 11, 11, 11",2026-06-30 19:10:24,"Sitelinks, Reviews, Video, People also ask, Related searches, Discussions and forums, Ads middle, AI overview",informational,Organic
24 volt 40 va transformer,23,23,50,21,0.65,https://cctvfactory.com/transformer-24volt-ac-40va/,0,0,0,1,189,"14, 28, 21, 28, 35, 35, 100, 78, 35, 14, 28, 21",2026-08-07 03:33:58,"Sitelinks, Video, People also ask, Popular products, Related searches, AI overview",commercial,Organic
wholesale surveillance cameras,47,47,70,12,7.39,https://cctvfactory.com/,0,0,0,0.48,170,"64, 52, 41, 29, 52, 82, 52, 52, 5, 41, 29, 11",2026-06-25 02:57:31,"Local pack, Sitelinks, Reviews, Video, Popular products, Related searches, AI overview",commercial,Organic
ethernet cable for cctv camera,49,49,210,5,1.08,https://cctvfactory.com/100-feet-high-speed-ethernet-network-cable-for-ip-poe-camera-cat5-pre-made/,0,0,0,0.74,180,"66, 82, 28, 35, 35, 35, 35, 43, 82, 66, 66, 66",2026-07-03 10:35:50,"Image pack, Sitelinks, Video, Video Carousel, People also ask, Popular products, Related searches, Discussions and forums",commercial,Organic
lockable dvr box,34,34,70,2,0.64,https://cctvfactory.com/dvr-vcr-security-lock-box-lockbox-with-fan/,0,0,0,1,210,"63, 63, 63, 45, 63, 63, 63, 63, 63, 63, 63, 18",2026-07-04 02:52:55,"Sitelinks, Video, People also ask, Popular products, Related searches",commercial,Organic
lpr camera for home,61,61,70,7,2.25,https://cctvfactory.com/license-plate-reader-camera/,0,0,0,0.99,183,"23, 23, 23, 42, 42, 33, 33, 14, 33, 52, 23, 52",2026-06-28 08:54:37,"Sitelinks, Reviews, Video, Video Carousel, Popular products, Related searches, Discussions and forums, AI overview","commercial, informational",Organic
hd-sdi camera,30,30,90,6,0.86,https://cctvfactory.com/cameras-dvr-nvr/hd-sdi/,0,0,0,1,198,"0, 0, 0, 23, 12, 2, 0, 28, 100, 23, 43, 28",2026-07-04 09:57:57,"Sitelinks, Video, Video Carousel, People also ask, Popular products, Related searches, AI overview",commercial,Organic
hdmi cables 6ft,31,31,140,13,0.46,https://cctvfactory.com/6ft-hdmi-cable/,0,0,0,1,141,"29, 29, 18, 18, 22, 22, 14, 22, 22, 29, 29, 100",2026-06-25 11:50:46,"Sitelinks, Video, People also ask, Popular products, Related searches",commercial,Organic
6' hdmi cable,31,31,70,26,0.78,https://cctvfactory.com/6ft-hdmi-cable/,0,0,0,1,143,"52, 100, 64, 64, 64, 11, 5, 11, 64, 5, 0, 0",2026-07-18 21:52:19,"Sitelinks, Video, People also ask, Popular products, Related searches",commercial,Organic
bosch ds150i manual,47,47,170,1,0,https://cctvfactory.com/bosch-ds150i-series-request-to-exit-detector/,0,0,0,0.01,103,"52, 80, 80, 80, 80, 80, 66, 100, 100, 100, 100, 80",2026-08-10 00:27:57,"Image pack, Sitelinks, Video, Related searches",informational,Organic
cmc technologies,39,39,70,12,0,https://cctvfactory.com/,0,0,0,0.03,122,"17, 5, 23, 17, 28, 23, 23, 12, 17, 17, 23, 17",2026-07-30 11:49:59,"Knowledge panel, Sitelinks, Video, People also ask, Related searches, AI overview","informational, navigational",Organic
cmc technologies,75,75,70,12,0,https://cctvfactory.com/ultracctv/,0,0,0,0.03,122,"17, 5, 23, 17, 28, 23, 23, 12, 17, 17, 23, 17",2026-07-30 11:49:59,"Knowledge panel, Sitelinks, Video, People also ask, Related searches, AI overview","informational, navigational",Organic
x57vr,43,43,40,22,0,https://cctvfactory.com/ai-powered-hd-8ch-xvr-camera-system-with-8-x-5mp-xvi-hd-day-and-night-cameras-complete-system-lifetime-technical-support/,0,0,0,0.33,2490,"0, 33, 4, 0, 23, 100, 4, 9, 4, 9, 9, 9",2026-07-20 11:21:46,"Image pack, Sitelinks, Video, Image, Related searches",informational,Organic
hdmi to hdmi cable 25 feet,32,32,210,28,0.38,https://cctvfactory.com/25ft-hdmi-cable/,0,0,0,1,199,"62, 6, 10, 8, 8, 6, 6, 8, 4, 8, 5, 8",2026-08-07 07:55:22,"Sitelinks, Reviews, Video, People also ask, Popular products, Related searches",commercial,Organic
quad cameras,54,54,50,8,1.3,https://cctvfactory.com/quadview-oem/,0,0,0,0.09,186,"2, 100, 0, 2, 2, 0, 0, 0, 0, 17, 2, 23",2026-06-24 20:54:15,"Image pack, Sitelinks, Reviews, Video, Image, Video Carousel, People also ask, Popular products, Related searches, AI overview",commercial,Organic
ds150i,37,37,210,8,1.82,https://cctvfactory.com/bosch-ds150i-series-request-to-exit-detector/,0,0,0,0.99,104,"81, 81, 81, 81, 65, 81, 53, 65, 65, 65, 81, 81",2026-07-01 05:01:57,"Image pack, Sitelinks, Video, Image, Related searches",informational,Organic
cctv manufacturer,17,17,30,20,4.68,https://cctvfactory.com/,0,0,0,0.48,189,"14, 42, 0, 14, 71, 71, 100, 28, 28, 42, 42, 42",2026-08-18 18:41:50,"Local pack, Reviews, Video, People also ask, Related searches, AI overview",informational,Organic
12v500ma charger,33,33,50,,0.44,https://cctvfactory.com/dc-power-adaptor-12vdc-500ma-2-1mm/,0,0,0,1,205,"0, 0, 0, 0, 41, 29, 52, 41, 41, 29, 41, 41",2026-07-11 16:38:42,"Sitelinks, Video, People also ask, Popular products, Related searches, Discussions and forums, AI overview","commercial, informational",Organic
nvr 64 channel,16,16,30,5,2.53,https://cctvfactory.com/hikvision-64ch-poe-8mp-4k-nvr-network-video-recorder-support-pos-integration/,0,0,0,1,174,"9, 36, 27, 36, 9, 9, 0, 36, 27, 63, 27, 18",2026-07-21 08:47:08,"Sitelinks, Reviews, Video, Image, Video Carousel, People also ask, Popular products, Related searches, AI overview",commercial,Organic
camera ip hd 1080p,22,22,110,9,0,https://cctvfactory.com/security-camera-recorder/ip-hd-cameras-nvr/ip-hd-cameras/,0,0,0,0.75,192,"3, 3, 3, 100, 66, 8, 8, 8, 11, 8, 15, 5",2026-06-29 17:16:35,"Sitelinks, Video, Video Carousel, Popular products, Related searches","informational, transactional",Organic
cat5e poe cable,29,29,320,15,0.84,https://cctvfactory.com/100-feet-high-speed-ethernet-network-cable-for-ip-poe-camera-cat5-pre-made/,0,0,0,0.23,191,"23, 23, 12, 19, 44, 54, 7, 10, 100, 81, 100, 5",2026-07-31 06:16:55,"Image pack, Sitelinks, Reviews, Video, Image, People also ask, Popular products, Related searches, AI overview","commercial, informational",Organic
camera ip dvr,17,17,50,,1.04,https://cctvfactory.com/security-camera-recorder/ip-hd-cameras-nvr/ip-hd-cameras/,0,0,0,0.77,193,"0, 0, 0, 0, 50, 64, 64, 0, 78, 50, 78, 100",2026-07-20 21:26:46,"Sitelinks, Video, Image, Video Carousel, People also ask, Popular products, Related searches, AI overview","commercial, informational",Organic
camera ip dvr,18,18,50,,1.04,https://cctvfactory.com/security-camera-recorder/ip-hd-cameras-nvr/ip-hd-cameras/,0,0,0,0.77,193,"0, 0, 0, 0, 50, 64, 64, 0, 78, 50, 78, 100",2026-07-20 21:26:46,"Sitelinks, Video, Image, Video Carousel, People also ask, Popular products, Related searches, AI overview","commercial, informational",Organic
eternal living drone with hd camera,58,58,110,22,0.3,https://cctvfactory.com/ahd-megapixels-720p-analog-960h-ntsc-pal-switchable-with-3-6mm-wide-angle-lens-24-leds-night-vision-weatherproof-dome-camera-white/,0,0,0,0.98,149,"52, 52, 42, 66, 52, 100, 52, 100, 33, 14, 23, 66",2026-07-31 12:58:09,"Knowledge panel, Sitelinks, Video, People also ask, Related searches, AI overview",informational,Organic
24 to 12v converter,44,44,140,3,0.64,https://cctvfactory.com/power-converter-convert-24vac-to-12vdc/,0,0,0,1,194,"21, 5, 14, 0, 4, 3, 1, 1, 39, 0, 0, 72",2026-07-19 05:36:13,"Sitelinks, Video, Image, People also ask, Popular products, Related searches, Discussions and forums",commercial,Organic
security camera that can read license plates,79,79,50,14,2.1,https://cctvfactory.com/license-plate-reader-camera/,0,0,0,1,118,"2, 1, 2, 2, 1, 4, 2, 5, 1, 0, 2, 1",2026-07-07 15:02:30,"Sitelinks, Reviews, Video, Ads top, Ads bottom, Video Carousel, People also ask, Popular products, Related searches, Discussions and forums, AI overview",commercial,Organic
2160/8,62,62,70,15,0.36,https://cctvfactory.com/security-camera-recorder/xvi-hd-cameras-cvi-tvi-ahd/8-megapixels-4k-uhd-2160p-3840-x-2160/,0,0,0,0.14,0,"0, 0, 0, 0, 0, 0, 7, 0, 24, 0, 0, 5",2026-08-17 21:58:55,"Instant answer, Sitelinks, Reviews, Video, Video Carousel, Related searches",informational,Organic
alpr watch,61,61,50,,0,https://cctvfactory.com/license-plate-reader-camera/,0,0,0,0.01,197,"0, 0, 0, 0, 0, 0, 0, 100, 100, 19, 42, 15",2026-07-12 15:05:07,"Sitelinks, Video, Video Carousel, People also ask, Related searches, AI overview",informational,Organic
industrial cctv systems,67,67,50,29,28.86,https://cctvfactory.com/,0,0,0,0.67,181,"63, 27, 100, 63, 18, 27, 18, 18, 18, 63, 81, 81",2026-08-09 04:05:58,"Local pack, Sitelinks, Reviews, Video, Image, Video Carousel, People also ask, Popular products, Related searches, AI overview","commercial, informational",Organic
m cctv,26,28,40,16,2.54,https://cctvfactory.com/,0,0,0,0.87,213,"14, 14, 14, 14, 14, 14, 100, 14, 14, 14, 14, 100",2026-08-18 19:57:14,"Image pack, Sitelinks, Reviews, Video, People also ask, Popular products, Related searches, AI overview",informational,Organic
m cctv,29,28,40,16,2.54,https://cctvfactory.com/,0,0,0,0.87,213,"14, 14, 14, 14, 14, 14, 100, 14, 14, 14, 14, 100",2026-08-18 19:57:14,"Image pack, Sitelinks, Reviews, Video, People also ask, Popular products, Related searches, AI overview",informational,Organic
