Keyword,Position,Previous position,Search Volume,Keyword Difficulty,CPC,URL,Traffic,Traffic (%),Traffic Cost,Competition,Number of Results,Trends,Timestamp,SERP Features by Keyword,Keyword Intents,Position Type
dvr dvr,1,1,390,24,0.37,https://www.enster.com/4ch-8ch-6-in-1-dvr/4ch-1080p-xvr-dvr-6304mh.html,16,12.69,5,0.26,197,"13, 5, 2, 3, 13, 5, 4, 4, 3, 4, 8, 8",2026-07-26 09:48:54,"Image pack, Sitelinks, Video, People also ask, Popular products, Related searches, Things to know, AI overview",informational,Image pack
dvr dvr,1,1,390,24,0.37,https://www.enster.com/4ch-8ch-6-in-1-dvr/4ch-1080p-xvr-dvr-6304mh.html,16,12.69,5,0.26,197,"13, 5, 2, 3, 13, 5, 4, 4, 3, 4, 8, 8",2026-07-26 09:48:54,"Image pack, Sitelinks, Video, People also ask, Popular products, Related searches, Things to know, AI overview",informational,Image pack
hvr,3,3,1300,19,7.06,https://www.enster.com/16-32ch-cctv-dvr/1080p-video-security-dvr-hvr-6316mh.html,10,7.93,70,0.02,177,"36, 36, 36, 44, 44, 44, 36, 44, 36, 36, 36, 36",2026-08-06 12:18:21,"Image pack, Reviews, Video, People also ask, Related searches, AI overview",informational,Image pack
nbd8004r fw,1,1,40,0,0,https://www.enster.com/faq/xmeye-solution-nvr-factory-win10-ui-firmware.html,9,7.14,0,0.33,103,"14, 14, 50, 100, 14, 50, 14, 0, 14, 14, 14, 14",2026-07-18 15:08:57,"Video, Related searches",informational,Organic
camera fixe,1,1,170,3,0.98,https://www.enster.com/fr/fixed-bullet-ip-camera/Bullet-IP-Camera-nst-iph6363.html,7,5.55,6,0.12,189,"43, 43, 35, 28, 35, 43, 12, 23, 82, 82, 100, 23",2026-07-07 20:35:43,"Image pack, Sitelinks, Video, Video Carousel, People also ask, Popular products, Related searches",commercial,Image pack
wireless camera with monitor,3,3,590,2,1.5,https://www.enster.com/products-detail-466393,6,4.76,9,1,194,"100, 48, 59, 88, 72, 59, 72, 59, 72, 17, 72, 72",2026-06-29 01:42:54,"Image pack, Sitelinks, Reviews, Video, Image, Video Carousel, Popular products, Related searches, Discussions and forums",commercial,Image pack
outdoor waterproof smart wifi camera mini ptz dome machine,1,1,170,0,0,https://www.enster.com/wireless-ptz-camera,5,3.96,0,0.96,175,"43, 43, 28, 21, 43, 53, 81, 81, 81, 53, 81, 100",2026-07-18 11:47:15,"Sitelinks, Reviews, Video, Video Carousel, Popular products, Related searches","informational, transactional",Organic
wifi 4ch ip camera nvr kit,8,8,260,7,0,https://www.enster.com/wireless-camera-kit,4,3.17,0,0,146,"100, 4, 20, 4, 0, 0, 0, 0, 0, 0, 0, 0",2026-08-17 19:45:59,"Sitelinks, Video, People also ask, Popular products, Related searches, AI overview",commercial,Organic
cctv recorder,1,1,70,26,1.38,https://www.enster.com/4ch-8ch-6-in-1-dvr/CCTV-Security-System-Digital-V.html,4,3.17,5,1,182,"34, 26, 34, 26, 19, 26, 7, 53, 7, 42, 11, 42",2026-07-04 09:06:40,"Image pack, Sitelinks, Reviews, Video, Image, Video Carousel, People also ask, Popular products, Related searches, AI overview","commercial, informational",Image pack
download videolink,3,3,70,19,0.93,https://www.enster.com/Videolink-Camera,4,3.17,3,0.01,111,"0, 24, 0, 0, 8, 0, 0, 0, 0, 0, 13, 0",2026-08-01 16:31:47,"Reviews, Video, Related searches, AI overview",informational,Organic
dvr hd,1,1,70,15,0.91,https://www.enster.com/4ch-8ch-6-in-1-dvr/4ch-1080p-xvr-dvr-6304mh.html,4,3.17,3,0.61,218,"100, 29, 23, 41, 52, 41, 29, 41, 52, 52, 41, 29",2026-07-11 06:55:44,"Image pack, Sitelinks, Reviews, Video, People also ask, Popular products, Related searches",informational,Image pack
dvr hd,1,1,70,15,0.91,https://www.enster.com/4ch-8ch-6-in-1-dvr/4ch-1080p-xvr-dvr-6304mh.html,4,3.17,3,0.61,218,"100, 29, 23, 41, 52, 41, 29, 41, 52, 52, 41, 29",2026-07-11 06:55:44,"Image pack, Sitelinks, Reviews, Video, People also ask, Popular products, Related searches",informational,Image pack
xmeye,7,7,880,57,1.73,https://www.enster.com/xmeye-download,4,3.17,6,0.05,103,"8, 10, 8, 10, 10, 10, 10, 10, 8, 7, 7, 5",2026-08-07 22:35:08,"Sitelinks, Reviews, Video, People also ask, Related searches, Things to know, AI overview",informational,Organic
xmeye for pc,4,4,170,30,0,https://www.enster.com/xmeye-download,3,2.38,0,0.04,106,"29, 23, 23, 29, 23, 100, 15, 12, 15, 9, 12, 19",2026-07-04 09:19:19,"Reviews, Video, Video Carousel, People also ask, Related searches, AI overview",informational,Organic
panoramic cctv,1,1,90,21,1.82,https://www.enster.com/fisheye-ip-camera/Fisheye-Lens-IP-Camera-nst-iph3502-f.html,3,2.38,5,1,172,"11, 11, 52, 41, 64, 100, 52, 41, 52, 52, 64, 52",2026-06-27 05:17:26,"Image pack, Sitelinks, Video, Image, Video Carousel, People also ask, Popular products, Related searches","commercial, informational",Image pack
nt98321 embedded linux dvr,4,4,70,0,0,https://www.enster.com/4ch-8ch-6-in-1-dvr/TV-Video-Recorder-Enster-with.html,3,2.38,0,0,580,100,2026-08-01 06:59:02,"Sitelinks, Reviews, Video, Related searches, AI overview",informational,Organic
switch 32,1,1,40,21,0,https://www.enster.com/pt/poe-switch/32-Port-PoE-Switch.html,2,1.58,0,0.06,5,"7, 100, 7, 7, 7, 7, 7, 7, 7, 7, 7, 7",2026-07-27 04:03:08,"Image pack, Sitelinks, People also ask, Popular products, Related searches, AI overview","commercial, informational",Image pack
embeded dvr,1,1,90,2,3.47,https://www.enster.com/4ch-8ch-6-in-1-dvr/HD-DVR-Recorder-Enster-with-VG.html,2,1.58,6,0.53,181,"100, 28, 66, 43, 17, 0, 0, 0, 0, 7, 0, 0",2026-08-08 21:15:51,"Image pack, Sitelinks, Video, People also ask, Popular products, Related searches, AI overview",informational,Image pack
installation camera ip,7,7,260,8,3.46,https://www.enster.com/a-news-wireless-ip-camera-installation-tips-for-seamless-setup,1,0.79,3,0.18,167,"0, 0, 2, 2, 3, 2, 2, 100, 5, 2, 2, 4",2026-07-13 09:00:00,"Image pack, Sitelinks, Video, Video Carousel, Related searches, AI overview",informational,Organic
ip camera installation,7,7,260,18,4.38,https://www.enster.com/a-news-wireless-ip-camera-installation-tips-for-seamless-setup,1,0.79,4,0.15,171,"3, 4, 3, 4, 2, 2, 100, 5, 2, 2, 5, 4",2026-08-05 09:28:28,"Local pack, Image pack, Video, Video Carousel, People also ask, Related searches, Discussions and forums, AI overview",informational,Organic
4ch ip camera nvr kit cctv system 5mp,7,7,90,0,0,https://www.enster.com/cctv-kit,1,0.79,0,0.33,175,"21, 43, 34, 81, 100, 21, 6, 6, 6, 6, 9, 6",2026-06-28 06:03:30,"Sitelinks, Video, Popular products, Related searches",commercial,Organic
digital ccd camera,1,1,170,34,1.32,https://www.enster.com/special-hd-camera/digital-ccd-camera.html,1,0.79,1,0.89,238,"34, 65, 65, 28, 65, 15, 21, 81, 28, 65, 81, 81",2026-07-07 12:39:41,"Image pack, Sitelinks, Video, Video Carousel, People also ask, Popular products, Related searches",informational,Image pack
crosshair camera,1,1,40,7,0,https://www.enster.com/camera-with-crosshair,1,0.79,0,0.33,189,"18, 100, 18, 100, 18, 18, 18, 18, 18, 18, 18, 18",2026-08-02 19:43:37,"Image pack, Sitelinks, Reviews, Video, Video Carousel, People also ask, Popular products, AI overview",informational,Image pack
camara cctv,1,1,70,50,1.79,https://www.enster.com/es/special-ip-camera/Face-recognition-IP-Camera-Sys.html,1,0.79,1,0.99,7640,"19, 9, 9, 9, 66, 9, 4, 80, 52, 100, 19, 4",2026-07-29 07:19:19,"Image pack, Sitelinks, Reviews, Video, Video Carousel, People also ask, Popular products, Related searches, AI overview",informational,Image pack
face recognition camera,7,7,720,24,2.61,https://www.enster.com/new-cctv-product/Face-Recognition-Camera-System90da161f7bdd729972f88ecb.html,1,0.79,2,0.71,160,"30, 34, 20, 24, 34, 24, 16, 24, 30, 16, 30, 24",2026-07-17 01:30:56,"Image pack, Sitelinks, Image, People also ask, Popular products, Related searches, AI overview","commercial, informational",Image pack
camera 3g wireless spy,8,8,110,8,0,https://www.enster.com/4g-security-camera/4G-Hidden-Camera.html,1,0.79,0,0.33,375000,"5, 35, 43, 100, 100, 35, 5, 5, 5, 5, 12, 5",2026-06-29 17:17:01,"Sitelinks, Reviews, Video, People also ask, Popular products, Related searches",commercial,Organic
nbd8004r fw,5,5,40,0,0,https://www.enster.com/faq/xmeye-solution-nvr-factory-neutral-ui-firmware.html,1,0.79,0,0.33,103,"14, 14, 50, 100, 14, 50, 14, 0, 14, 14, 14, 14",2026-07-18 15:08:57,"Video, Related searches",informational,Organic
miniature router,2,2,590,8,1.96,https://www.enster.com/poe-switch/mini-wifi-router.html,1,0.79,1,0.74,217,"67, 30, 36, 36, 24, 30, 36, 45, 45, 100, 55, 55",2026-07-06 08:54:50,"Image pack, Sitelinks, Video, Image, Video Carousel, People also ask, Popular products, Related searches, Short videos, Discussions and forums",commercial,Image pack
hi3520 firmware,4,4,50,9,0,https://www.enster.com/xmeye-dvr-factory-latest-firmware,1,0.79,0,0.33,100,"5, 0, 0, 5, 5, 100, 5, 5, 5, 5, 5, 5",2026-07-28 22:47:24,"Video, Video Carousel, Related searches",informational,Organic
ai57031,9,9,50,19,0,https://www.enster.com/products-detail-3377998,1,0.79,0,0,380,"7, 100, 21, 14, 35",2026-06-28 08:04:09,,informational,Organic
ptz 4x zoom 1080p bullet,4,4,50,4,0,https://www.enster.com/wireless-ptz-camera/1080P-Full-HD-4X-Optical-Zoom.html,1,0.79,0,0.33,154,"41, 41, 41, 64, 100, 23, 11, 11, 11, 11, 11, 11",2026-07-12 10:47:54,"Sitelinks, Reviews, Video, Popular products",commercial,Organic
xmeye dvr busybox linux,6,0,70,18,0,https://www.enster.com/xmeye-download,1,0.79,0,0,419,"11, 29, 17, 41, 100",2026-08-18 18:23:11,"Sitelinks, Reviews, Video, Video Carousel, People also ask, Related searches, AI overview",informational,Organic
dvr xmeye,1,1,50,32,0,https://www.enster.com/ar/latest-firmware-of-XMEYE-DVR,1,0.79,0,1,164,"82, 41, 64, 100, 23, 11, 11, 11, 11, 23, 11, 11",2026-08-14 17:00:55,"Image pack, Sitelinks, Reviews, Video, Video Carousel, People also ask, Popular products, Related searches, AI overview",informational,Image pack
xmeye vms,5,5,50,50,0,https://www.enster.com/xmeye-download,1,0.79,0,0.05,79,"42, 42, 71, 71, 57, 100, 57, 57, 71, 42, 57, 71",2026-07-05 07:57:37,"Reviews, Video, Video Carousel, People also ask, Related searches",informational,Organic
motorized camera,1,1,110,15,0.8,https://www.enster.com/ip-ptz-camera/Auto-Focus-IP-Camera-nst-iph5814-a.html,1,0.79,0,0.41,219,"66, 42, 66, 42, 42, 42, 42, 52, 33, 42, 52, 42",2026-07-31 23:54:31,"Image pack, Sitelinks, Reviews, Video, Video Carousel, People also ask, Popular products, Related searches",informational,Image pack
imx307,3,3,140,9,0,https://www.enster.com/products-detail-3394012,1,0.79,0,0.69,121,"5, 5, 15, 10, 12, 2, 2, 2, 100, 2, 2, 5",2026-07-19 23:52:42,"Image pack, Reviews, Video, People also ask, Related searches, AI overview",informational,Image pack
imx307,9,9,140,9,0,https://www.enster.com/products-detail-3394012,1,0.79,0,0.69,121,"5, 5, 15, 10, 12, 2, 2, 2, 100, 2, 2, 5",2026-07-19 23:52:42,"Image pack, Reviews, Video, People also ask, Related searches, AI overview",informational,Organic
solar power supply,6,6,1900,36,2.28,https://www.enster.com/products/4g-camera/Solar-System-Accessories/60W-Solar-Pannel-DC-12V-30AH-S.html,1,0.79,2,0.74,200,"44, 65, 82, 100, 55, 44, 82, 65, 65, 65, 82, 65",2026-08-17 04:21:03,"Knowledge panel, Image pack, Sitelinks, Video, Video Carousel, People also ask, Popular products, Related searches, Discussions and forums, AI overview",informational,Image pack
outdoor video camera 4g sim,19,0,40,27,0,https://www.enster.com/4g-camera,0,0,0,0.33,214,"36, 63, 81, 100, 18, 18, 18, 18, 18, 18, 18, 18",2026-08-18 13:59:19,"Sitelinks, Reviews, Video, Video Carousel, People also ask, Popular products, Related searches, Discussions and forums",commercial,Organic
camera poe ptz,9,9,70,14,1.18,https://www.enster.com/fr/ptz-camera,0,0,0,1,184,"63, 63, 36, 63, 63, 63, 81, 45, 45, 18, 18, 100",2026-07-16 14:07:45,"Image pack, Sitelinks, Video, People also ask, Popular products, Related searches, AI overview","commercial, informational",Image pack
gsm remote camera,29,29,70,2,0,https://www.enster.com/4g-camera,0,0,0,0.05,184,"14, 14, 14, 14, 14, 78, 78, 100, 78, 78, 78, 78",2026-07-01 22:53:31,"Image pack, Sitelinks, Reviews, Video, People also ask, Popular products",commercial,Organic
ahd dvr 8 camera kit,12,12,480,24,0,https://www.enster.com/hd-camera-kit,0,0,0,0.33,166,"2, 100, 2, 2, 2, 0, 0, 0, 0, 0, 0, 0",2026-06-28 18:41:57,"Sitelinks, Reviews, Video, People also ask, Popular products, Related searches, AI overview","commercial, informational",Organic
construction site cameras wireless,25,25,110,20,13.24,https://www.enster.com/a-news-wireless-ip-cameras-for-construction-site-security-and-monitoring,0,0,0,0.86,180,"26, 15, 53, 65, 53, 100, 53, 42, 42, 34, 42, 42",2026-07-20 09:53:19,"Sitelinks, Reviews, Video, Image, People also ask, Popular products, Related searches",commercial,Organic
ptz5a4m 25x,34,34,30,1,1.45,https://www.enster.com/mini-ptz,0,0,0,0.94,170,"14, 14, 14, 28, 28, 50, 14, 14, 0, 14, 14, 14",2026-06-27 14:01:01,"Sitelinks, Video, Video Carousel, Popular products, Related searches",commercial,Organic
camera an ninh,32,32,40,48,0,https://www.enster.com/vi/mini-camera,0,0,0,0.63,193,"81, 81, 18, 27, 27, 36, 27, 18, 18, 18, 18, 63",2026-06-25 14:55:37,"Image pack, Sitelinks, Reviews, Video, Popular products, Related searches",informational,Organic
camera varifocal cctv,21,21,40,10,0,https://www.enster.com/varifocal-camera,0,0,0,0.33,177,"29, 41, 41, 64, 100, 29, 5, 0, 0, 0, 0, 0",2026-07-12 16:51:28,"Sitelinks, Reviews, Video, Video Carousel, People also ask, Popular products, Related searches, AI overview",commercial,Organic
camaras de seguridad kits nvr,9,9,70,16,0,https://www.enster.com/es/cctv-kit,0,0,0,0.33,196,"6, 34, 28, 100, 34, 6, 6, 6, 6, 6, 6, 6",2026-07-28 00:36:51,"Sitelinks, Video, Video Carousel, People also ask, Popular products, AI overview",transactional,Organic
camaras de seguridad kits nvr,37,37,70,16,0,https://www.enster.com/es/cctv-kit-list-2?gad_source=1,0,0,0,0.33,196,"6, 34, 28, 100, 34, 6, 6, 6, 6, 6, 6, 6",2026-07-28 00:36:51,"Sitelinks, Video, Video Carousel, People also ask, Popular products, AI overview",transactional,Organic
camaras de seguridad kits nvr,48,48,70,16,0,https://www.enster.com/es/wireless-camera-kit,0,0,0,0.33,196,"6, 34, 28, 100, 34, 6, 6, 6, 6, 6, 6, 6",2026-07-28 00:36:51,"Sitelinks, Video, Video Carousel, People also ask, Popular products, AI overview",transactional,Organic
wifi 4ch ip camera nvr kit,36,36,260,7,0,https://www.enster.com/cctv-kit,0,0,0,0,146,"100, 4, 20, 4, 0, 0, 0, 0, 0, 0, 0, 0",2026-08-17 19:45:59,"Sitelinks, Video, People also ask, Popular products, Related searches, AI overview",commercial,Organic
12mm poe cam,21,21,140,23,0,https://www.enster.com/12mp-ip-camera,0,0,0,0.33,199,"0, 5, 54, 81, 100, 28, 0, 0, 0, 0, 8, 0",2026-06-28 05:47:14,"Sitelinks, Reviews, Video, People also ask, Popular products, Related searches","commercial, informational",Organic
3g mini camera sim card,25,25,40,13,0,https://www.enster.com/products-detail-386518,0,0,0,0.33,31100000,"36, 18, 18, 81, 100, 18, 18, 18, 18, 18, 18, 18",2026-07-14 15:28:31,"Sitelinks, Reviews, Video, People also ask, Popular products, Related searches, AI overview",commercial,Organic
varifocal camera,37,37,90,19,2.25,https://www.enster.com/varifocal-camera,0,0,0,0.73,175,"66, 66, 52, 33, 80, 42, 14, 42, 42, 23, 42, 33",2026-07-05 02:00:10,"Image pack, Sitelinks, Reviews, Video, Image, Video Carousel, People also ask, Popular products, Related searches, AI overview","commercial, informational",Organic
pan tilt zoom camera mount,58,58,210,7,0.78,https://www.enster.com/pan-tilt-zoom-camera,0,0,0,1,189,"53, 53, 43, 34, 65, 81, 34, 34, 100, 65, 81, 81",2026-07-10 01:53:07,"Image pack, Sitelinks, Video, Popular products, Related searches",commercial,Organic
pan tilt zoom camera mount,60,60,210,7,0.78,https://www.enster.com/pan-tilt-zoom-camera,0,0,0,1,189,"53, 53, 43, 34, 65, 81, 34, 34, 100, 65, 81, 81",2026-07-10 01:53:07,"Image pack, Sitelinks, Video, Popular products, Related searches",commercial,Organic
cctv tester,9,9,260,16,0.41,https://www.enster.com/other-cctv-accessories/HD-CCTV-Tester-Monitor.html,0,0,0,1,9,"100, 81, 81, 81, 81, 53, 81, 65, 65, 65, 65, 65",2026-07-27 09:52:51,"Image pack, Sitelinks, Video, People also ask, Popular products, Related searches",commercial,Image pack
nvr ip camera kit,25,25,40,14,0,https://www.enster.com/cctv-kit,0,0,0,0,140,"18, 100, 18, 100, 100, 18, 18, 18, 18, 18, 18, 0",2026-07-13 00:52:15,"Sitelinks, Video, Video Carousel, People also ask, Popular products, Related searches",commercial,Organic
sony imx307,23,23,30,14,2.08,https://www.enster.com/products-detail-4724056,0,0,0,0.52,182,"23, 17, 29, 11, 11, 11, 11, 11, 11, 11, 11, 11",2026-07-12 15:00:28,"Image pack, Sitelinks, Reviews, Video, People also ask, Popular products, Related searches, AI overview","commercial, informational",Organic
camaras de seguridad con alarma sonora,17,17,70,19,1.86,https://www.enster.com/es/Sound-Light-Alarm-Camera,0,0,0,1,244,"11, 23, 23, 11, 11, 52, 11, 11, 64, 100, 100, 11",2026-07-27 05:28:26,"Image pack, Sitelinks, Video, Video Carousel, People also ask, Popular products, Related searches, Short videos","commercial, informational",Organic
xmeye camera,14,14,110,48,1.63,https://www.enster.com/xmeye-download,0,0,0,0.91,159,"34, 34, 53, 28, 34, 15, 28, 34, 28, 28, 34, 28",2026-07-27 12:16:43,"Sitelinks, Reviews, Video, Video Carousel, People also ask, Popular products, Related searches, AI overview",informational,Organic
pir 1080p camera 940nm,14,14,90,8,0.79,https://www.enster.com/stealth-ip-camera,0,0,0,0.96,189,"19, 53, 53, 100, 100, 34, 3, 0, 0, 0, 11, 0",2026-07-30 17:13:57,"Video, Popular products, Related searches",commercial,Organic
h 265 hevc,89,89,90,44,0,https://www.enster.com/ja/industry-news21453695d5c56903b6724d1b/What-is-HEVC--H265.html,0,0,0,0.01,193,"53, 19, 53, 53, 15, 53, 19, 53, 19, 26, 26, 53",2026-06-27 06:37:34,"Sitelinks, Reviews, Video, Video Carousel, People also ask, Related searches, Things to know, AI overview",informational,Organic
wifi camera ptz outdoor,25,25,140,11,1.02,https://www.enster.com/wireless-ptz-camera,0,0,0,1,205,"17, 82, 43, 35, 100, 35, 17, 17, 17, 12, 28, 10",2026-07-31 01:05:17,"Image pack, Sitelinks, Reviews, Video, Video Carousel, People also ask, Popular products, Related searches, Discussions and forums",commercial,Organic
nvr cctv kit,18,18,50,28,0,https://www.enster.com/cctv-kit,0,0,0,0,183,"14, 78, 14, 100, 100, 14, 14, 14, 14, 14, 14, 7",2026-06-30 15:01:30,"Sitelinks, Reviews, Video, Video Carousel, People also ask, Popular products, Related searches",commercial,Organic
network video recorder installation,23,23,40,12,5.37,https://www.enster.com/a-news-setting-up-a-network-video-recorder-a-step-by-step-guide,0,0,0,0.31,165,"18, 18, 63, 45, 100, 18, 18, 18, 18, 18, 18, 18",2026-06-30 18:17:21,"Sitelinks, Reviews, Video, Video Carousel, People also ask, Related searches",informational,Organic
hd ip camera auto focus,23,23,50,0,0,https://www.enster.com/Motorized-Lens-IP-Camera,0,0,0,0,196,"66, 100, 100, 19, 19, 9, 0, 0, 0, 0, 0, 0",2026-07-11 16:29:30,"Sitelinks, Reviews, Video, People also ask, Popular products",commercial,Organic
imx 568,30,30,30,6,2.74,https://www.enster.com/Global-Shutter-Camera,0,0,0,0.64,114,"22, 22, 100, 22, 22, 22, 22, 22, 22, 22, 22, 22",2026-08-02 06:33:18,"Image pack, Video, People also ask, Related searches, AI overview",informational,Organic
camaras de seguridad ocultas,2,2,90,23,0.19,https://www.enster.com/es/hidden-camera,0,0,0,1,209,"28, 34, 34, 34, 28, 28, 28, 28, 34, 21, 34, 28",2026-08-14 09:42:30,"Image pack, Sitelinks, Video, Video Carousel, People also ask, Popular products, Related searches",commercial,Image pack
imx335,39,39,140,10,2.2,https://www.enster.com/products-detail-3394163,0,0,0,0.44,129,"52, 66, 80, 80, 52, 52, 66, 66, 66, 80, 66, 66",2026-08-07 19:07:06,"Image pack, Sitelinks, Video, Video Carousel, People also ask, Related searches, AI overview",informational,Organic
coax dvr,39,39,170,6,0.71,https://www.enster.com/coaxial-cctv-camera,0,0,0,1,278,"1, 1, 100, 8, 6, 5, 5, 3, 3, 3, 6, 5",2026-07-29 18:57:23,"Image pack, Sitelinks, Reviews, Video, Video Carousel, People also ask, Popular products, Related searches, AI overview","commercial, informational",Organic
kit video surveillance system 4ch ahd,9,9,40,14,0,https://www.enster.com/hd-camera-kit,0,0,0,0,193,"12, 12, 28, 28, 7, 5, 5, 5, 5, 5, 5, 0",2026-08-17 13:02:28,"Sitelinks, Reviews, Video, Ads bottom, Video Carousel, Popular products, Related searches, AI overview",commercial,Organic
onvif port,39,39,170,15,0,https://www.enster.com/onvif-port,0,0,0,0.01,104,"65, 65, 65, 53, 53, 53, 53, 53, 43, 53, 53, 53",2026-08-02 03:46:42,"Image pack, Video, Video Carousel, People also ask, Related searches, AI overview",informational,Organic
ahd dvr kit for home,8,8,110,10,0,https://www.enster.com/hd-camera-kit,0,0,0,0.33,164,"4, 100, 4, 14, 4, 2, 2, 2, 2, 2, 2, 2",2026-07-07 21:52:29,"Sitelinks, Video, Video Carousel, People also ask, Popular products, Related searches",commercial,Organic
ahd dvr kit for home,10,10,110,10,0,https://www.enster.com/hd-camera-kit,0,0,0,0.33,164,"4, 100, 4, 14, 4, 2, 2, 2, 2, 2, 2, 2",2026-07-07 21:52:29,"Sitelinks, Video, Video Carousel, People also ask, Popular products, Related searches",commercial,Organic
cámara 4g sim batería,8,8,40,16,0,https://www.enster.com/es/4g-solar-camera,0,0,0,0,202,"36, 36, 100, 100, 18, 18, 18, 18, 18, 18, 18, 0",2026-08-04 02:44:08,"Sitelinks, Video, People also ask, Popular products, Related searches",commercial,Organic
ptz camera outdoor wireless,17,17,50,25,1.2,https://www.enster.com/wireless-ptz-camera,0,0,0,1,166,"45, 63, 81, 100, 45, 45, 36, 36, 45, 63, 36, 27",2026-08-05 16:35:20,"Sitelinks, Reviews, Video Carousel, People also ask, Popular products, Related searches, AI overview","commercial, informational",Organic
outdoor ethernet switch,32,32,170,4,0.87,https://www.enster.com/outdoor-poe-switch,0,0,0,1,199,"53, 65, 81, 81, 65, 53, 43, 34, 43, 34, 43, 65",2026-07-27 05:37:06,"Image pack, Sitelinks, Video, Image, People also ask, Popular products, Related searches, Discussions and forums, AI overview",commercial,Organic
ip camera kit nvr,19,19,90,10,0,https://www.enster.com/wireless-camera-kit,0,0,0,0,175,"6, 34, 43, 81, 100, 28, 6, 6, 6, 6, 12, 0",2026-06-29 22:05:26,"Sitelinks, Video, Video Carousel, Popular products, Related searches",commercial,Organic
ip camera kit nvr,41,41,90,10,0,https://www.enster.com/cctv-kit,0,0,0,0,175,"6, 34, 43, 81, 100, 28, 6, 6, 6, 6, 12, 0",2026-06-29 22:05:26,"Sitelinks, Video, Video Carousel, Popular products, Related searches",commercial,Organic
1080 poe nvr cctv kit,36,36,40,7,0,https://www.enster.com/cctv-kit,0,0,0,0.33,174,"35, 35, 50, 100, 100, 0, 0, 0, 0, 0, 0, 0",2026-07-01 00:47:19,"Sitelinks, Video, Video Carousel, Popular products, Related searches",commercial,Organic
remote dvr,21,21,70,19,0,https://www.enster.com/a-news-digital-video-recorder-remote-configuration-managing-systems-remotely,0,0,0,0.25,197,"64, 11, 17, 64, 11, 11, 17, 64, 100, 64, 11, 11",2026-08-08 21:45:34,"Image pack, Sitelinks, Reviews, Video, Image, Video Carousel, People also ask, Popular products, Related searches, Discussions and forums, AI overview","commercial, informational",Organic
cardap,43,43,90,17,0,https://www.enster.com/indoor-wireless-ip-camera/Support-TF-Card-AP-Mode-WiFi-I-nst-iph7592-w.html,0,0,0,0.33,129000,"100, 0, 35, 64, 78, 78, 78, 100, 0, 0, 78, 78",2026-07-05 08:48:54,"Image pack, Reviews, Video, People also ask, AI overview",informational,Organic
camera nvr kit wifi,14,14,40,15,0,https://www.enster.com/wireless-camera-kit,0,0,0,0.33,164,"41, 100, 41, 64, 0, 23, 0, 0, 0, 0, 11, 0",2026-07-10 21:05:42,"Sitelinks, Reviews, Video, Video Carousel, People also ask, Popular products, Related searches",transactional,Organic
camera nvr kit wifi,22,22,40,15,0,https://www.enster.com/cctv-kit,0,0,0,0.33,164,"41, 100, 41, 64, 0, 23, 0, 0, 0, 0, 11, 0",2026-07-10 21:05:42,"Sitelinks, Reviews, Video, Video Carousel, People also ask, Popular products, Related searches",transactional,Organic
camera nvr kit wifi,39,39,40,15,0,https://www.enster.com/cctv-kit,0,0,0,0.33,164,"41, 100, 41, 64, 0, 23, 0, 0, 0, 0, 11, 0",2026-07-10 21:05:42,"Sitelinks, Reviews, Video, Video Carousel, People also ask, Popular products, Related searches",transactional,Organic
8 camera kit nvr free,28,28,90,10,0,https://www.enster.com/cctv-kit,0,0,0,0.33,179,"19, 65, 53, 100, 100, 26, 7, 7, 7, 7, 15, 7",2026-06-28 05:58:32,"Sitelinks, Reviews, Video, People also ask, Popular products, Related searches, AI overview",commercial,Organic
8 camera kit nvr free,30,30,90,10,0,https://www.enster.com/cctv-kit,0,0,0,0.33,179,"19, 65, 53, 100, 100, 26, 7, 7, 7, 7, 15, 7",2026-06-28 05:58:32,"Sitelinks, Reviews, Video, People also ask, Popular products, Related searches, AI overview",commercial,Organic
cctv camera kit nvr monitor,16,16,50,28,0,https://www.enster.com/cctv-kit,0,0,0,0.33,174,"35, 35, 35, 64, 100, 28, 14, 14, 14, 14, 14, 14",2026-07-12 16:11:58,"Sitelinks, Video, Video Carousel, People also ask, Popular products, Related searches",commercial,Organic
loss prevention cameras,45,45,50,7,17.4,https://www.enster.com/a-news-the-role-of-wireless-ip-cameras-in-retail-loss-prevention,0,0,0,0.45,170,"19, 14, 23, 42, 23, 33, 33, 23, 33, 19, 9, 19",2026-07-29 01:56:21,"Sitelinks, Video, Video Carousel, People also ask, Popular products, Related searches, Discussions and forums, AI overview",informational,Organic
دوربین مداربسته,55,55,390,28,0,https://www.enster.com/fa/tuya-cctv,0,0,0,0.13,128,"36, 20, 20, 36, 30, 30, 81, 6, 13, 3, 5, 6",2026-08-03 03:49:47,"Image pack, Sitelinks, Reviews, Video, Image, Video Carousel, Related searches, AI overview",informational,Organic
camera outdoor wifi nvr kit,20,20,40,25,1.7,https://www.enster.com/wireless-camera-kit,0,0,0,1,167,"41, 41, 29, 64, 100, 23, 0, 0, 0, 0, 0, 0",2026-07-19 00:46:04,"Sitelinks, Video, People also ask, Popular products, Related searches",commercial,Organic
camera outdoor wifi nvr kit,40,40,40,25,1.7,https://www.enster.com/cctv-kit,0,0,0,1,167,"41, 41, 29, 64, 100, 23, 0, 0, 0, 0, 0, 0",2026-07-19 00:46:04,"Sitelinks, Video, People also ask, Popular products, Related searches",commercial,Organic
camera outdoor wifi nvr kit,42,42,40,25,1.7,https://www.enster.com/cctv-kit,0,0,0,1,167,"41, 41, 29, 64, 100, 23, 0, 0, 0, 0, 0, 0",2026-07-19 00:46:04,"Sitelinks, Video, People also ask, Popular products, Related searches",commercial,Organic
varifocal camera price,15,15,40,8,0,https://www.enster.com/varifocal-camera,0,0,0,0,156,"100, 7, 78, 100, 7, 7, 7, 7, 7, 7, 7, 7",2026-08-07 00:19:29,"Sitelinks, Video, People also ask, Popular products, Related searches",transactional,Organic
ip camera manufacturer,22,22,30,20,3.29,https://www.enster.com/video/a-products-custom-ip-ptz-camera-company-manufacturer-enster,0,0,0,0.22,176,"7, 7, 11, 11, 11, 15, 19, 26, 7, 7, 7, 7",2026-07-09 08:54:41,"Local pack, Sitelinks, Reviews, Video, People also ask, Related searches, AI overview",informational,Organic
ip camera manufacturer,41,41,30,20,3.29,https://www.enster.com/video/a-products-custom-ip-ptz-camera-company-manufacturer-enster,0,0,0,0.22,176,"7, 7, 11, 11, 11, 15, 19, 26, 7, 7, 7, 7",2026-07-09 08:54:41,"Local pack, Sitelinks, Reviews, Video, People also ask, Related searches, AI overview",informational,Organic
what is wdr on dash cam,55,55,70,2,0.11,https://www.enster.com/faq/D-WDR-vs-WDR-vs-BLC-technology.html,0,0,0,0.04,127,"23, 33, 42, 33, 52, 23, 42, 33, 33, 19, 42, 42",2026-08-10 02:31:12,"Sitelinks, Video, People also ask, Related searches, AI overview",informational,Organic
ip camera with pan tilt and zoom,46,46,260,23,1.75,https://www.enster.com/pan-tilt-zoom-camera-list-2,0,0,0,1,227,"23, 15, 23, 35, 35, 44, 44, 100, 66, 66, 35, 35",2026-08-13 02:26:55,"Sitelinks, Video, Video Carousel, People also ask, Popular products, Related searches",commercial,Organic
ip camera with pan tilt and zoom,55,55,260,23,1.75,https://www.enster.com/pan-tilt-zoom-camera,0,0,0,1,227,"23, 15, 23, 35, 35, 44, 44, 100, 66, 66, 35, 35",2026-08-13 02:26:55,"Sitelinks, Video, Video Carousel, People also ask, Popular products, Related searches",commercial,Organic
ip camera with pan tilt and zoom,93,93,260,23,1.75,https://www.enster.com/pan-tilt-zoom-camera-list-2,0,0,0,1,227,"23, 15, 23, 35, 35, 44, 44, 100, 66, 66, 35, 35",2026-08-13 02:26:55,"Sitelinks, Video, Video Carousel, People also ask, Popular products, Related searches",commercial,Organic
oceanpro as aquaculture underwater camera,30,30,40,16,0,https://www.enster.com/5mp-316-stainless-steel-seawater-aquaculture-underwater-camera.html,0,0,0,0,5910,"40, 80, 100, 100",2026-08-17 03:28:11,"Reviews, Video, People also ask, Related searches, AI overview",informational,Organic
nvr kit poe cctv system,16,16,50,31,0,https://www.enster.com/poe-camera-kit,0,0,0,0,175,"81, 12, 12, 12, 34, 9, 6, 6, 6, 6, 6, 0",2026-06-29 17:55:43,"Sitelinks, Reviews, Video, Video Carousel, Popular products, Related searches",commercial,Organic
instv 618,71,71,40,9,0,https://www.enster.com/solar-onvif-ptz-camera.html,0,0,0,0.33,74100000,"14, 14, 78, 14, 28, 100, 14, 0, 14, 14, 14, 14",2026-07-06 15:15:28,,informational,Organic
ip camera nvr kit,23,23,40,3,0,https://www.enster.com/wireless-camera-kit,0,0,0,0,183,"18, 100, 18, 100, 100, 18, 18, 18, 18, 18, 18, 0",2026-07-12 22:12:32,"Sitelinks, Reviews, Video, Video Carousel, People also ask, Popular products, Related searches",commercial,Organic
ip camera nvr kit,48,48,40,3,0,https://www.enster.com/cctv-kit,0,0,0,0,183,"18, 100, 18, 100, 100, 18, 18, 18, 18, 18, 18, 0",2026-07-12 22:12:32,"Sitelinks, Reviews, Video, Video Carousel, People also ask, Popular products, Related searches",commercial,Organic
camera with sim card,4,4,90,23,0.85,https://www.enster.com/products-detail-1423781,0,0,0,1,253,"53, 53, 15, 19, 53, 42, 53, 42, 3, 42, 7, 42",2026-08-04 17:06:24,"Image pack, Sitelinks, Video, Image, People also ask, Popular products, Related searches",commercial,Image pack
xmeye cameras,15,15,90,37,1.63,https://www.enster.com/xmeye-download,0,0,0,0.91,170,"42, 42, 34, 34, 34, 42, 42, 34, 34, 26, 34, 34",2026-07-05 12:03:05,"Sitelinks, Reviews, Video, Video Carousel, People also ask, Popular products, Related searches, Discussions and forums, AI overview",commercial,Organic
8mp ip camera 36x zoom,15,15,50,3,0,https://www.enster.com/high-zoom-camera,0,0,0,0.33,188,"35, 35, 50, 78, 100, 28, 14, 28, 14, 14, 14, 14",2026-08-01 05:49:37,"Sitelinks, Reviews, Video, Video Carousel, People also ask, Popular products, Related searches, AI overview","commercial, informational",Organic
دوربین مداربسته آنالوگ,38,16,50,0,0,https://www.enster.com/fa/varifocus-bullet-hd-camera/AHD-Bullet-Camera5f35a62d982cb585dc969069.html,0,0,0,0,111,"45, 45, 36, 18, 45, 45, 63, 100, 27, 18, 36, 18",2026-08-18 18:58:16,"Image pack, Sitelinks, Reviews, Video, Image, Video Carousel, Related searches, AI overview",informational,Organic
دوربین مداربسته آنالوگ,54,54,50,0,0,https://www.enster.com/fa/dome-hd-camera/AHD-IR-Dome-Camera33594a695649e5bcc6a4ea8f.html,0,0,0,0,111,"45, 45, 36, 18, 45, 45, 63, 100, 27, 18, 36, 18",2026-08-18 18:58:16,"Image pack, Sitelinks, Reviews, Video, Image, Video Carousel, Related searches, AI overview",informational,Organic
camera ptz wifi ip66,18,18,40,3,0,https://www.enster.com/wireless-ptz-camera,0,0,0,0,192,"6, 12, 6, 12, 100, 6, 0, 0, 0, 0, 0, 0",2026-07-28 00:52:36,"Sitelinks, Reviews, Video, Video Carousel, People also ask, Popular products, Related searches, AI overview",commercial,Organic
camera 4ch dvr kits,8,8,50,0,0,https://www.enster.com/hd-camera-kit,0,0,0,0.33,186,"45, 45, 81, 100, 100, 27, 18, 18, 18, 18, 18, 18",2026-07-12 16:45:14,"Sitelinks, Reviews, Video, Video Carousel, Popular products, Related searches, AI overview",commercial,Organic
kit ip camera poe nvr,43,43,40,26,0,https://www.enster.com/cctv-kit,0,0,0,0,196,"18, 18, 100, 18, 100, 27, 18, 18, 18, 18, 18, 0",2026-07-18 05:52:32,"Sitelinks, Reviews, Video, Video Carousel, Popular products, Related searches",commercial,Organic
imx 335,47,47,30,9,2.36,https://www.enster.com/products-detail-3394163,0,0,0,0.65,191,"4, 14, 23, 19, 23, 14, 4, 14, 4, 52, 4, 4",2026-07-02 05:06:28,"Image pack, Sitelinks, Video, Image, Video Carousel, People also ask, Popular products, Related searches, Short videos, AI overview","commercial, informational",Organic
mini wifi router,4,4,390,29,1.33,https://www.enster.com/poe-switch/mini-wifi-router.html,0,0,0,1,241,"66, 81, 66, 66, 66, 44, 44, 44, 15, 54, 44, 44",2026-08-07 15:02:47,"Image pack, Sitelinks, Video, Video Carousel, People also ask, Popular products, Related searches, Discussions and forums",commercial,Image pack
camara ip domo xmeye,1,1,40,40,0,https://www.enster.com/xmeye-download,0,0,0,0,165000,"33, 42, 42, 100, 19, 4, 0, 0, 0, 9, 4, 0",2026-08-11 02:50:42,"Sitelinks, Reviews, Video, People also ask, Popular products, Related searches, AI overview","commercial, informational",AI overview
camara ip domo xmeye,7,7,40,40,0,https://www.enster.com/xmeye-download,0,0,0,0,165000,"33, 42, 42, 100, 19, 4, 0, 0, 0, 9, 4, 0",2026-08-11 02:50:42,"Sitelinks, Reviews, Video, People also ask, Popular products, Related searches, AI overview","commercial, informational",Organic
xmeye app,9,9,260,47,0.34,https://www.enster.com/firmware-of-XMEYE-IP-Camera,0,0,0,0.08,51,"44, 54, 54, 29, 36, 36, 36, 29, 36, 29, 36, 29",2026-07-27 06:15:47,"Sitelinks, Reviews, Video, People also ask, Related searches, Things to know, AI overview",informational,Things to know
xmeye app,9,9,260,47,0.34,https://www.enster.com/xmeye-nvr-version-Information,0,0,0,0.08,51,"44, 54, 54, 29, 36, 36, 36, 29, 36, 29, 36, 29",2026-07-27 06:15:47,"Sitelinks, Reviews, Video, People also ask, Related searches, Things to know, AI overview",informational,Things to know
nvr poe,2,2,40,14,1.59,https://www.enster.com/es/poe-nvr/16-Channel-POE-NVR.html,0,0,0,0.99,272,"6, 5, 3, 5, 6, 1, 2, 1, 1, 1, 1, 1",2026-08-13 09:06:36,"Image pack, Sitelinks, Video, Video Carousel, People also ask, Popular products, Related searches, AI overview",commercial,Image pack
camara exterior domo,18,18,40,19,0,https://www.enster.com/es/hd-dome-camera,0,0,0,1,231,"0, 18, 18, 100, 100, 18, 18, 18, 18, 18, 18, 18",2026-07-12 16:59:54,"Image pack, Sitelinks, Video, Image, Video Carousel, Popular products, Related searches",informational,Organic
camara exterior domo,27,27,40,19,0,https://www.enster.com/es/hd-dome-camera,0,0,0,1,231,"0, 18, 18, 100, 100, 18, 18, 18, 18, 18, 18, 18",2026-07-12 16:59:54,"Image pack, Sitelinks, Video, Image, Video Carousel, Popular products, Related searches",informational,Organic
camara ip por pilas,12,12,40,13,0,https://www.enster.com/es/solar-battery-wifi-camera,0,0,0,0.33,189,"50, 50, 35, 64, 100, 14, 0, 0, 0, 0, 0, 0",2026-07-12 16:42:14,"Sitelinks, Reviews, Video, People also ask, Popular products, Related searches",commercial,Organic
eastern cctv,33,33,30,8,2.89,https://www.enster.com/,0,0,0,0.3,123,"9, 9, 52, 9, 9, 9, 0, 9, 9, 9, 9, 9",2026-07-24 12:48:17,"Sitelinks, Reviews, Video, Related searches, AI overview",navigational,Organic
cctv with built in microphone,6,6,50,10,0,https://www.enster.com/products-detail-418260,0,0,0,1,210,"18, 18, 18, 18, 18, 18, 100, 18, 18, 100, 100, 18",2026-07-08 08:37:42,"Image pack, Sitelinks, Reviews, Video, Image, Video Carousel, People also ask, Popular products, Related searches, Discussions and forums, AI overview","commercial, informational",Image pack
wireless nvr kit hd wifi,16,16,40,24,0,https://www.enster.com/wireless-camera-kit,0,0,0,0,193,"35, 14, 14, 78, 100, 28, 14, 14, 14, 14, 14, 0",2026-07-13 07:29:36,"Sitelinks, Reviews, Video, People also ask, Popular products, Related searches",commercial,Organic
wireless nvr kit hd wifi,37,37,40,24,0,https://www.enster.com/cctv-kit,0,0,0,0,193,"35, 14, 14, 78, 100, 28, 14, 14, 14, 14, 14, 0",2026-07-13 07:29:36,"Sitelinks, Reviews, Video, People also ask, Popular products, Related searches",commercial,Organic
sd xmeye ip camera,23,23,50,22,0,https://www.enster.com/firmware-of-XMEYE-IP-Camera,0,0,0,0.43,151,"41, 29, 41, 64, 100, 23, 11, 11, 11, 11, 11, 11",2026-07-13 03:04:29,"Sitelinks, Reviews, Video, Video Carousel, People also ask, Popular products, Related searches, AI overview",commercial,Organic
sd xmeye ip camera,32,32,50,22,0,https://www.enster.com/firmware-of-XMEYE-IP-Camera,0,0,0,0.43,151,"41, 29, 41, 64, 100, 23, 11, 11, 11, 11, 11, 11",2026-07-13 03:04:29,"Sitelinks, Reviews, Video, Video Carousel, People also ask, Popular products, Related searches, AI overview",commercial,Organic
sd xmeye ip camera,40,40,50,22,0,https://www.enster.com/XMEYE-IP-Camera-Version-Information,0,0,0,0.43,151,"41, 29, 41, 64, 100, 23, 11, 11, 11, 11, 11, 11",2026-07-13 03:04:29,"Sitelinks, Reviews, Video, Video Carousel, People also ask, Popular products, Related searches, AI overview",commercial,Organic
cctv lte solar,26,26,40,15,0,https://www.enster.com/4g-solar-camera,0,0,0,0.33,189,"23, 41, 41, 52, 100, 17, 5, 0, 0, 0, 5, 0",2026-07-12 16:07:47,"Sitelinks, Reviews, Video, Video Carousel, Popular products, Related searches",commercial,Organic
camera exterieur 4g solaire,23,23,40,12,0,https://www.enster.com/fr/solar-4g-camera,0,0,0,0,198,"14, 21, 64, 100, 21, 14, 14, 14, 14, 14, 14, 0",2026-08-03 06:10:49,"Sitelinks, Reviews, Video, Video Carousel, People also ask, Popular products, Related searches, AI overview",commercial,Organic
embeded dvr,23,23,90,2,3.47,https://www.enster.com/digital-video-recorder,0,0,0,0.53,181,"100, 28, 66, 43, 17, 0, 0, 0, 0, 7, 0, 0",2026-08-08 21:15:51,"Image pack, Sitelinks, Video, People also ask, Popular products, Related searches, AI overview",informational,Organic
advanced cctv kit,18,18,50,8,0,https://www.enster.com/cctv-kit,0,0,0,0.33,193,"41, 29, 41, 100, 100, 29, 11, 0, 0, 0, 11, 0",2026-08-01 09:45:56,"Sitelinks, Video, Video Carousel, People also ask, Popular products, Related searches, AI overview",commercial,Organic
nvr hdmi vga کاربرد,23,23,90,,0,https://www.enster.com/fa/nvr-with-four-hdmi-heterogeneous-outputs,0,0,0,0,121,100,2026-07-25 04:41:08,"Reviews, Video, Video Carousel, AI overview",informational,Organic
crosshair camera,23,23,40,7,0,https://www.enster.com/camera-with-crosshair,0,0,0,0.33,189,"18, 100, 18, 100, 18, 18, 18, 18, 18, 18, 18, 18",2026-08-02 19:43:37,"Image pack, Sitelinks, Reviews, Video, Video Carousel, People also ask, Popular products, AI overview",informational,Organic
fisheye 180 camera wifi,22,22,40,16,0,https://www.enster.com/fisheye-panoramic-lens-ip-camera,0,0,0,0.33,183,"14, 14, 14, 50, 100, 21, 14, 14, 14, 14, 14, 14",2026-07-17 18:52:30,"Sitelinks, Reviews, Video, Video Carousel, Popular products, Related searches","commercial, informational",Organic
camera 4g wifi onvif,15,15,40,10,0,https://www.enster.com/products-detail-895238,0,0,0,0,165,"36, 9, 100, 100, 18, 18, 18, 18, 18, 18, 18, 0",2026-08-15 01:02:16,"Sitelinks, Reviews, Video, People also ask, Popular products, Related searches, Discussions and forums",commercial,Organic
shenzhen bilian camera,23,23,40,12,0,https://www.enster.com/hidden-camera,0,0,0,0.66,167,"10, 10, 14, 10, 10, 10, 4, 4, 4, 4, 4, 4",2026-08-14 09:06:47,"Sitelinks, Video, People also ask, Related searches, AI overview",informational,Organic
xvr-2500,42,42,40,0,0,https://www.enster.com/4ch-8ch-6-in-1-dvr/8ch-1080n-xvr-dvr-6108nh.html,0,0,0,0.33,396000,"11, 11, 100, 41, 0, 64, 11, 11, 11, 11, 0, 11",2026-08-11 11:29:43,"Sitelinks, Video, Popular products",commercial,Organic
flame detection camera,3,3,30,0,6.27,https://www.enster.com/flame-detection-camera,0,0,0,0.49,178,"9, 9, 14, 9, 14, 14, 19, 23, 19, 19, 9, 9",2026-07-09 09:47:46,"Image pack, Sitelinks, Reviews, Video, Video Carousel, Popular products, Related searches","commercial, informational",Image pack
is hevc h265,80,80,50,33,0,https://www.enster.com/ja/industry-news21453695d5c56903b6724d1b/What-is-HEVC--H265.html,0,0,0,0.01,128,"0, 5, 5, 5, 5, 5, 100, 5, 5, 5, 5, 5",2026-08-09 10:52:54,"Sitelinks, Video, Video Carousel, People also ask, Related searches, Discussions and forums, AI overview",informational,Organic
nvr wifi kit,13,13,40,8,0,https://www.enster.com/wireless-camera-kit,0,0,0,0.8,152,"18, 100, 18, 18, 100, 18, 18, 18, 18, 18, 18, 18",2026-07-13 00:52:14,"Sitelinks, Video, Video Carousel, People also ask, Popular products, Related searches, AI overview",commercial,Organic
nvr wifi kit,18,18,40,8,0,https://www.enster.com/cctv-kit,0,0,0,0.8,152,"18, 100, 18, 18, 100, 18, 18, 18, 18, 18, 18, 18",2026-07-13 00:52:14,"Sitelinks, Video, Video Carousel, People also ask, Popular products, Related searches, AI overview",commercial,Organic
nvr wifi kit,33,33,40,8,0,https://www.enster.com/cctv-kit,0,0,0,0.8,152,"18, 100, 18, 18, 100, 18, 18, 18, 18, 18, 18, 18",2026-07-13 00:52:14,"Sitelinks, Video, Video Carousel, People also ask, Popular products, Related searches, AI overview",commercial,Organic
camaras ip wifi exterior ptz,24,24,50,11,0,https://www.enster.com/wireless-ptz-camera,0,0,0,0.33,230,"100, 21, 21, 28, 28, 12, 0, 0, 0, 0, 0, 0",2026-07-29 10:59:34,"Sitelinks, Reviews, Video, Video Carousel, Popular products, Related searches, AI overview",commercial,Organic
street view public street solar powered security camera with pole,42,42,210,22,0,https://www.enster.com/solar-street-light-camera,0,0,0,0,197,"100, 0, 0, 0, 0, 0, 0, 0, 1, 0, 0",2026-08-11 04:21:22,"Sitelinks, Reviews, Video, Ads bottom, Video Carousel, People also ask, Related searches, AI overview",informational,Organic
4 g solar ıp kamera,7,7,50,13,0,https://www.enster.com/4g-solar-camera,0,0,0,0,178,"9, 52, 33, 100, 100, 23, 0, 0, 0, 0, 0, 0",2026-07-12 08:36:42,"Reviews, Video, Video Carousel, Popular products, Related searches",commercial,Organic
wireless ip camera ptz,10,10,90,13,0,https://www.enster.com/wireless-ptz-camera,0,0,0,0.57,192,"64, 64, 64, 100, 100, 50, 35, 35, 50, 35, 64, 78",2026-06-27 13:12:29,"Sitelinks, Reviews, Video, Video Carousel, Popular products, Related searches",commercial,Organic
forster camera,35,35,390,20,0,https://www.enster.com/wifi-camera,0,0,0,0.03,199,"100, 81, 81, 81, 81, 81, 66, 81, 100, 66, 81, 100",2026-07-29 03:20:44,"Sitelinks, Reviews, Video, People also ask, Popular products, Related searches","commercial, navigational",Organic
forster camera,90,90,390,20,0,https://www.enster.com/outdoor-wifi-camera,0,0,0,0.03,199,"100, 81, 81, 81, 81, 81, 66, 81, 100, 66, 81, 100",2026-07-29 03:20:44,"Sitelinks, Reviews, Video, People also ask, Popular products, Related searches","commercial, navigational",Organic
cctv camera ajaster,40,40,40,3,0,https://www.enster.com/cctv-accessories,0,0,0,0,176,"29, 41, 41, 64, 100, 23, 5, 0, 0, 0, 0, 0",2026-07-20 16:38:41,"Sitelinks, Reviews, Video, Video Carousel, People also ask, Popular products, Related searches",commercial,Organic
wifi wireless camera nvr kit,14,14,50,19,0,https://www.enster.com/wireless-camera-kit,0,0,0,0.33,186,"35, 50, 50, 78, 100, 35, 14, 14, 14, 14, 14, 14",2026-06-26 13:34:08,"Sitelinks, Reviews, Video, Video Carousel, Popular products, Related searches",commercial,Organic
wifi wireless camera nvr kit,34,34,50,19,0,https://www.enster.com/cctv-kit,0,0,0,0.33,186,"35, 50, 50, 78, 100, 35, 14, 14, 14, 14, 14, 14",2026-06-26 13:34:08,"Sitelinks, Reviews, Video, Video Carousel, Popular products, Related searches",commercial,Organic
video surveillance kit ip 264,26,26,40,2,0,https://www.enster.com/wireless-camera-kit,0,0,0,0.33,203,"36, 45, 100, 100, 36, 18, 18, 18, 18, 18, 18, 18",2026-08-07 00:37:16,"Sitelinks, Reviews, Video, Ads bottom, People also ask, Popular products, Related searches",commercial,Organic
video surveillance kit ip 264,61,61,40,2,0,https://www.enster.com/cctv-kit,0,0,0,0.33,203,"36, 45, 100, 100, 36, 18, 18, 18, 18, 18, 18, 18",2026-08-07 00:37:16,"Sitelinks, Reviews, Video, Ads bottom, People also ask, Popular products, Related searches",commercial,Organic
sony imx335,35,35,70,12,0,https://www.enster.com/products-detail-3394163,0,0,0,0.54,184,"42, 33, 52, 52, 42, 23, 52, 9, 9, 9, 9, 52",2026-07-17 23:07:04,"Image pack, Reviews, Video, Image, Video Carousel, People also ask, Popular products, Related searches, AI overview","commercial, informational",Organic
sea-tek as aquaculture camera,34,34,50,0,0,https://www.enster.com/5mp-316-stainless-steel-seawater-aquaculture-underwater-camera.html,0,0,0,0,38600,"42, 100, 100",2026-08-15 20:33:38,"Reviews, Video, People also ask, Related searches",informational,Organic
wireless nvr kit home,21,21,90,16,0,https://www.enster.com/cctv-kit,0,0,0,0,172,"6, 19, 12, 100, 6, 2, 2, 2, 2, 2, 2, 0",2026-07-11 12:01:06,"Sitelinks, Reviews, Video, Image, Video Carousel, Popular products, Related searches",commercial,Organic
wireless nvr kit home,53,53,90,16,0,https://www.enster.com/cctv-kit,0,0,0,0,172,"6, 19, 12, 100, 6, 2, 2, 2, 2, 2, 2, 0",2026-07-11 12:01:06,"Sitelinks, Reviews, Video, Image, Video Carousel, Popular products, Related searches",commercial,Organic
cctv camera with microphone,5,5,30,14,1.66,https://www.enster.com/products-detail-418260,0,0,0,1,289,"33, 33, 23, 23, 9, 9, 9, 9, 9, 9, 9, 9",2026-07-31 13:51:15,"Image pack, Sitelinks, Reviews, Video, Image, Video Carousel, People also ask, Popular products, Related searches, Discussions and forums, AI overview","commercial, informational",Image pack
camhipro for pc,16,16,110,15,0,https://www.enster.com/enster-support/Camhi-Download,0,0,0,0.33,149,"53, 53, 65, 65, 19, 26, 34, 34, 53, 34, 26, 15",2026-08-14 02:58:39,"Reviews, Video, Video Carousel, People also ask, Related searches, AI overview",informational,Organic
camaras con sim card y panel solar,8,8,50,21,0,https://www.enster.com/es/4g-solar-camera,0,0,0,1,194,"100, 64, 78, 14, 14, 14, 28, 28, 14, 14, 14, 14",2026-08-15 09:52:47,"Sitelinks, Video, Video Carousel, People also ask, Popular products, Related searches, AI overview",commercial,Organic
wireless construction cameras,23,23,50,17,22.7,https://www.enster.com/a-news-wireless-ip-cameras-for-construction-site-security-and-monitoring,0,0,0,0.68,178,"33, 77, 77, 100, 55, 100, 77, 55, 44, 55, 55, 55",2026-08-11 01:46:35,"Image pack, Sitelinks, Reviews, Video, Ads top, Ads bottom, People also ask, Popular products, Related searches",commercial,Organic
camara domo en pared,21,21,40,13,0,https://www.enster.com/es/hd-dome-camera,0,0,0,0.33,196,"0, 11, 64, 100, 11, 0, 23, 11, 11, 11, 11, 11",2026-08-15 22:03:31,"Image pack, Sitelinks, Video, Video Carousel, People also ask, Short videos, AI overview","informational, transactional",Organic
dvr 8 input,15,15,50,16,0,https://www.enster.com/4ch-8ch-6-in-1-dvr/8ch-1080p-hd-xvr-dvr-6308mh.html,0,0,0,0,175,"50, 100, 35, 78, 100, 28, 0, 0, 0, 0, 0, 0",2026-06-30 04:47:19,"Sitelinks, Reviews, Video, Video Carousel, People also ask, Popular products, Related searches",commercial,Organic
nvms v3 download,61,61,210,11,0,https://www.enster.com/fa/download_list,0,0,0,0.33,108,"100, 81, 100, 81, 81, 65, 53, 53, 65, 65, 53, 53",2026-07-22 21:51:35,"Reviews, Video, Related searches",informational,Organic
xmee,20,20,320,4,0,https://www.enster.com/xmeye-download,0,0,0,0.33,109,"81, 81, 100, 81, 36, 36, 29, 23, 19, 19, 19, 29",2026-07-19 02:54:05,"Image pack, Sitelinks, Reviews, Video, Related searches, AI overview",informational,Organic
wdr camera definition,22,22,50,4,0,https://www.enster.com/faq/D-WDR-vs-WDR-vs-BLC-technology.html,0,0,0,0.02,123,"26, 26, 26, 19, 19, 15, 7, 53, 26, 7, 7, 7",2026-07-31 19:04:04,"Sitelinks, Video, Video Carousel, People also ask, Related searches, Short videos, AI overview",informational,Organic
ipvr-331,93,93,480,8,0,https://www.enster.com/products-detail-4036031,0,0,0,0.33,15400,"100, 10, 0, 0, 0, 0, 0, 0, 0",2026-08-09 20:58:41,"Sitelinks, Reviews",informational,Organic
wireless camera for construction site,27,27,40,23,13.24,https://www.enster.com/a-news-wireless-ip-cameras-for-construction-site-security-and-monitoring,0,0,0,0.86,186,"28, 28, 42, 57, 57, 42, 71, 42, 57, 71, 71, 71",2026-07-18 08:48:48,"Sitelinks, Reviews, Video, People also ask, Popular products, Related searches, Discussions and forums, AI overview",commercial,Organic
wireless camera for construction site,35,35,40,23,13.24,https://www.enster.com/a-news-wireless-ip-cameras-for-construction-site-security-and-monitoring,0,0,0,0.86,186,"28, 28, 42, 57, 57, 42, 71, 42, 57, 71, 71, 71",2026-07-18 08:48:48,"Sitelinks, Reviews, Video, People also ask, Popular products, Related searches, Discussions and forums, AI overview",commercial,Organic
setup ip camera,12,12,260,22,3.46,https://www.enster.com/a-news-wireless-ip-camera-installation-tips-for-seamless-setup,0,0,0,0.18,167,"3, 3, 4, 3, 5, 2, 2, 100, 5, 2, 2, 4",2026-07-07 18:43:09,"Image pack, Sitelinks, Video, Video Carousel, People also ask, Related searches, Discussions and forums, AI overview",informational,Organic
setup ip camera,18,18,260,22,3.46,https://www.enster.com/a-news-wireless-ip-camera-installation-tips-for-seamless-setup,0,0,0,0.18,167,"3, 3, 4, 3, 5, 2, 2, 100, 5, 2, 2, 4",2026-07-07 18:43:09,"Image pack, Sitelinks, Video, Video Carousel, People also ask, Related searches, Discussions and forums, AI overview",informational,Organic
gsm solar camera outdoor,27,27,50,17,0,https://www.enster.com/4g-solar-camera,0,0,0,0.33,188,"41, 64, 23, 64, 100, 23, 11, 11, 11, 11, 11, 11",2026-07-12 20:40:37,"Sitelinks, Video, Video Carousel, People also ask, Popular products, Related searches, Discussions and forums",commercial,Organic
32 port ethernet switch,2,2,70,18,1.39,https://www.enster.com/poe-switch/32-Port-PoE-Switch.html,0,0,0,1,196,"64, 50, 50, 64, 50, 50, 50, 35, 50, 50, 50, 50",2026-08-01 14:01:11,"Image pack, Sitelinks, Video, People also ask, Popular products, Related searches, AI overview",informational,Image pack
do cctv cameras have audio,68,68,210,14,5.86,https://www.enster.com/cctv-audio-device/,0,0,0,0.14,163,"43, 53, 28, 53, 82, 53, 43, 35, 35, 35, 82, 66",2026-07-25 01:43:26,"Sitelinks, Reviews, Video, Featured snippet, Video Carousel, People also ask, Related searches, Discussions and forums",informational,Organic
cctv kit nvr,16,16,40,33,0,https://www.enster.com/cctv-kit,0,0,0,0,253,"14, 50, 78, 100, 28, 0, 14, 14, 14, 14, 0, 0",2026-08-14 20:33:01,"Sitelinks, Reviews, Video, Video Carousel, People also ask, Popular products, Related searches",commercial,Organic
nt98321 linux dvr,14,14,140,6,0,https://www.enster.com/4ch-8ch-6-in-1-dvr/TV-Video-Recorder-Enster-with.html,0,0,0,0,797,100,2026-07-15 14:16:42,"Video, Related searches, AI overview",informational,Organic
nvr with 5mp camera kit,7,7,40,13,0,https://www.enster.com/cctv-kit,0,0,0,0,261,"14, 35, 78, 100, 14, 14, 14, 14, 14, 14, 14, 0",2026-08-06 22:08:42,"Sitelinks, People also ask, Popular products, Related searches",commercial,Organic
wireless security cameras for construction sites,58,58,50,10,31.62,https://www.enster.com/a-news-wireless-ip-cameras-for-construction-site-security-and-monitoring,0,0,0,0.32,163,"42, 42, 71, 71, 100, 71, 100, 71, 71, 71, 57, 71",2026-07-03 09:15:10,"Sitelinks, Reviews, Video, Ads bottom, Video Carousel, People also ask, Popular products, Related searches",commercial,Organic
wireless security cameras for construction sites,59,59,50,10,31.62,https://www.enster.com/a-news-wireless-ip-cameras-for-construction-site-security-and-monitoring,0,0,0,0.32,163,"42, 42, 71, 71, 100, 71, 100, 71, 71, 71, 57, 71",2026-07-03 09:15:10,"Sitelinks, Reviews, Video, Ads bottom, Video Carousel, People also ask, Popular products, Related searches",commercial,Organic
vidolink,25,25,40,7,8.24,https://www.enster.com/Videolink-Camera,0,0,0,0.33,13100,"54, 0, 0, 0, 0, 0, 0, 0, 23, 0, 0, 3",2026-07-31 23:45:09,"Reviews, Video, Video Carousel, People also ask, Related searches, AI overview",navigational,Organic
viseum imc number of panoramic cameras,34,34,50,7,0,https://www.enster.com/a-news-panoramic-cameras-vs-traditional-cameras-which-is-right-for-your-security-needs,0,0,0,0,197,"21, 100, 7, 0",2026-06-25 03:53:30,"Sitelinks, Reviews, Video, People also ask, Related searches, AI overview",informational,Organic
off site security camera monitoring,66,66,50,23,20.78,https://www.enster.com/a-news-wireless-ip-cameras-for-construction-site-security-and-monitoring,0,0,0,0.99,193,"22, 33, 44, 44, 100, 77, 55, 55, 55, 55, 77, 77",2026-08-07 01:05:45,"Sitelinks, Reviews, Video, Video Carousel, People also ask, Popular products, Related searches, AI overview","commercial, informational",Organic
cámara con sim,16,16,40,22,0,https://www.enster.com/es/4g-camera,0,0,0,1,202,"14, 14, 64, 28, 14, 14, 78, 100, 14, 14, 14, 14",2026-07-16 09:50:32,"Sitelinks, Video, Video Carousel, People also ask, Popular products, Related searches, Short videos, AI overview","commercial, informational",Organic
sony imx415,45,45,90,9,2.26,https://www.enster.com/products-detail-986008,0,0,0,0.23,190,"4, 5, 3, 4, 5, 4, 6, 6, 4, 5, 4, 5",2026-08-11 14:37:15,"Reviews, Video, Image, Video Carousel, People also ask, Popular products, Related searches, Discussions and forums, AI overview","commercial, informational",Organic
sony imx335 set,10,10,40,8,0,https://www.enster.com/products-detail-3394163,0,0,0,0.33,133000,"45, 63, 81, 18, 100, 18, 18, 18, 18, 18, 18, 18",2026-07-18 07:39:31,"Video, People also ask, Popular products, Related searches",commercial,Organic
sony imx335 set,30,30,40,8,0,https://www.enster.com/products-detail-3394163,0,0,0,0.33,133000,"45, 63, 81, 18, 100, 18, 18, 18, 18, 18, 18, 18",2026-07-18 07:39:31,"Video, People also ask, Popular products, Related searches",commercial,Organic
wide dynamic range meaning,56,56,110,10,0,https://www.enster.com/faq/D-WDR-vs-WDR-vs-BLC-technology.html,0,0,0,0.33,130,"53, 53, 65, 42, 34, 65, 34, 26, 42, 34, 42, 26",2026-07-14 07:09:33,"Reviews, Video, Video Carousel, People also ask, Related searches, Short videos, AI overview",informational,Organic
what is wide dynamic range camera,37,37,170,6,0,https://www.enster.com/faq/D-WDR-vs-WDR-vs-BLC-technology.html,0,0,0,0.33,195,"66, 66, 33, 52, 66, 66, 80, 100, 66, 100, 100, 80",2026-08-05 20:51:01,"Sitelinks, Video, Video Carousel, People also ask, Related searches, Discussions and forums, AI overview",informational,Organic
camera ip kit nvr,23,23,40,4,1.9,https://www.enster.com/wireless-camera-kit,0,0,0,0.51,176,"29, 41, 41, 64, 100, 5, 0, 0, 0, 0, 0, 0",2026-06-27 01:10:15,"Sitelinks, Video, Video Carousel, People also ask, Popular products, Related searches",commercial,Organic
camera ip kit nvr,52,52,40,4,1.9,https://www.enster.com/cctv-kit,0,0,0,0.51,176,"29, 41, 41, 64, 100, 5, 0, 0, 0, 0, 0, 0",2026-06-27 01:10:15,"Sitelinks, Video, Video Carousel, People also ask, Popular products, Related searches",commercial,Organic
sea farm innovations aps underwater camera aquaculture,84,84,40,4,0,https://www.enster.com/5mp-316-stainless-steel-seawater-aquaculture-underwater-camera.html,0,0,0,0,5880,"100, 60",2026-08-16 04:58:49,"Reviews, Video, Related searches",informational,Organic
wireless ptz outdoor camera,11,11,70,18,1.2,https://www.enster.com/wireless-ptz-camera,0,0,0,1,192,"42, 52, 52, 80, 42, 23, 19, 19, 23, 33, 19, 14",2026-08-03 18:16:34,"Sitelinks, Reviews, Video, Video Carousel, People also ask, Popular products, Related searches, Discussions and forums, AI overview",commercial,Organic
cctv camera sony pcb board,7,7,40,8,0,https://www.enster.com/ip-camera-module/2M-IP-Module-IMX3073516E.html,0,0,0,0.33,185,"14, 14, 21, 64, 100, 14, 14, 14, 14, 14, 14, 14",2026-07-15 14:56:00,"Sitelinks, Reviews, Video, People also ask, Popular products",commercial,Organic
camera ip bullet,20,20,170,20,1.63,https://www.enster.com/bullet-camera,0,0,0,0.71,193,"15, 15, 15, 19, 19, 12, 12, 19, 66, 29, 29, 19",2026-07-30 09:53:44,"Image pack, Sitelinks, Reviews, Video, Image, Video Carousel, People also ask, Popular products, Related searches, AI overview","commercial, informational",Organic
camera 3g wireless spy,13,13,110,8,0,https://www.enster.com/4g-security-camera/4G-Hidden-Camera.html,0,0,0,0.33,375000,"5, 35, 43, 100, 100, 35, 5, 5, 5, 5, 12, 5",2026-06-29 17:17:01,"Sitelinks, Reviews, Video, People also ask, Popular products, Related searches",commercial,Organic
security system sim card,42,42,40,1,3.97,https://www.enster.com/4g-camera-apn,0,0,0,1,189,"22, 22, 22, 77, 77, 100, 100, 22, 22, 22, 22, 0",2026-08-07 01:20:43,"Sitelinks, Video, People also ask, Popular products, Related searches, Discussions and forums, AI overview",commercial,Organic
cámara con tarjeta sim 4g,7,7,40,18,0,https://www.enster.com/es/4g-camera,0,0,0,0.71,190,"36, 63, 36, 100, 63, 18, 18, 81, 18, 18, 18, 18",2026-07-13 17:05:43,"Sitelinks, Video, Video Carousel, People also ask, Popular products, Related searches, Short videos","commercial, informational",Organic
camera board onvif,50,50,40,12,0,https://www.enster.com/products-detail-895238,0,0,0,0,182,"18, 18, 18, 100, 100, 18, 18, 18, 18, 18, 18, 0",2026-06-30 15:18:59,"Sitelinks, Reviews, Video, Video Carousel, Related searches, Discussions and forums, AI overview",commercial,Organic
xyeme,7,7,40,50,10.92,https://www.enster.com/xmeye-download,0,0,0,0.25,97,"0, 1, 1, 0, 0, 0, 0, 0, 39, 0, 0, 0",2026-07-09 18:39:13,"Sitelinks, Reviews, People also ask, Related searches, Things to know",informational,Organic
varifocal cctv,36,36,50,3,1,https://www.enster.com/varifocal-camera,0,0,0,0.57,169,"100, 100, 36, 81, 81, 63, 45, 18, 18, 18, 18, 18",2026-07-29 03:25:37,"Sitelinks, Video, Video Carousel, People also ask, Popular products, Related searches, AI overview",commercial,Organic
ip camera systems for schools,61,61,70,11,0,https://www.enster.com/a-news-enhancing-school-security-with-wireless-ip-camera-solutions,0,0,0,0,158,"22, 55, 33, 44, 77, 100, 77, 100, 77, 77, 100, 77",2026-06-30 07:35:31,"Local pack, Sitelinks, Reviews, Video, Popular products, Related searches",commercial,Organic
4g solar security camera with ptz,21,21,70,7,0,https://www.enster.com/solar-camera,0,0,0,0,190,"9, 100, 63",2026-08-15 16:51:34,"Sitelinks, Video, Video Carousel, People also ask, Popular products, Related searches, Discussions and forums",commercial,Organic
4g solar security camera with ptz,41,41,70,7,0,https://www.enster.com/4g-solar-camera,0,0,0,0,190,"9, 100, 63",2026-08-15 16:51:34,"Sitelinks, Video, Video Carousel, People also ask, Popular products, Related searches, Discussions and forums",commercial,Organic
is335,54,54,70,10,0.77,https://www.enster.com/products-detail-3394163,0,0,0,0.65,145,"6, 9, 9, 12, 12, 6, 6, 6, 6, 9, 9, 6",2026-08-07 20:00:18,"Knowledge panel, Image pack, Sitelinks, Reviews, Related searches, AI overview",informational,Organic
seaoptic underwater camera aquaculture,51,51,210,10,0,https://www.enster.com/5mp-316-stainless-steel-seawater-aquaculture-underwater-camera.html,0,0,0,0,412,"1, 15, 15, 4, 15, 29, 100, 66",2026-08-12 06:04:18,"Reviews, Video, Related searches, AI overview",informational,Organic
camera ip 4mp 180,28,28,40,10,0,https://www.enster.com/products-detail-4036031,0,0,0,0.33,172,"23, 0, 33, 52, 66, 14, 0, 0, 0, 0, 9, 0",2026-06-30 02:09:06,"Sitelinks, Reviews, Video, Video Carousel, Popular products, Related searches, AI overview",commercial,Organic
camera ip 4mp 180,34,34,40,10,0,https://www.enster.com/4k-dual-lens-panoramic-camera-with-a-180-degree-visible-viewing-angle,0,0,0,0.33,172,"23, 0, 33, 52, 66, 14, 0, 0, 0, 0, 9, 0",2026-06-30 02:09:06,"Sitelinks, Reviews, Video, Video Carousel, Popular products, Related searches, AI overview",commercial,Organic
camera ip wireless onvif,24,24,40,8,0,https://www.enster.com/products-detail-895238,0,0,0,0.14,178,"18, 100, 18, 100, 100, 18, 18, 18, 18, 18, 18, 18",2026-06-30 17:42:26,"Sitelinks, Reviews, Video, Video Carousel, Popular products, Related searches",commercial,Organic
camera ip wireless onvif,31,31,40,8,0,https://www.enster.com/products-detail-895238,0,0,0,0.14,178,"18, 100, 18, 100, 100, 18, 18, 18, 18, 18, 18, 18",2026-06-30 17:42:26,"Sitelinks, Reviews, Video, Video Carousel, Popular products, Related searches",commercial,Organic
what is wide dynamic range,50,50,140,3,0,https://www.enster.com/faq/D-WDR-vs-WDR-vs-BLC-technology.html,0,0,0,0.33,179,"82, 82, 64, 100, 64, 64, 64, 64, 82, 64, 82, 100",2026-07-21 01:39:55,"Sitelinks, Video, Image, Video Carousel, People also ask, Related searches, Short videos, AI overview",informational,Organic
xmeye pc,8,8,90,49,0,https://www.enster.com/xmeye-download,0,0,0,0.09,113,"1, 1, 1, 1, 1, 0, 0, 0, 0, 0, 0, 0",2026-08-12 10:07:29,"Sitelinks, Reviews, Video, Video Carousel, People also ask, Related searches, AI overview","informational, transactional",Organic
nano sim card for security camera,25,25,90,18,0.57,https://www.enster.com/4g-camera-apn,0,0,0,0.3,195,"14, 14, 14, 78, 78, 78, 100, 64, 78, 78, 50, 50",2026-08-07 04:01:42,"Sitelinks, Reviews, Video, Video Carousel, People also ask, Popular products, Related searches, Discussions and forums",commercial,Organic
nano sim card for security camera,29,29,90,18,0.57,https://www.enster.com/4g-camera-apn,0,0,0,0.3,195,"14, 14, 14, 78, 78, 78, 100, 64, 78, 78, 50, 50",2026-08-07 04:01:42,"Sitelinks, Reviews, Video, Video Carousel, People also ask, Popular products, Related searches, Discussions and forums",commercial,Organic
videolink download,7,7,40,26,0.78,https://www.enster.com/Videolink-Camera,0,0,0,0.01,101,"14, 66, 8, 0, 4, 0, 0, 0, 0, 0, 0, 0",2026-07-25 22:20:09,"Reviews, Video, Related searches, AI overview",informational,Organic
varifocal lens cctv,32,32,50,11,1,https://www.enster.com/varifocal-camera,0,0,0,0.57,161,"100, 100, 36, 100, 81, 63, 45, 18, 18, 18, 18, 18",2026-07-29 03:15:04,"Image pack, Sitelinks, Video, Video Carousel, People also ask, Popular products, Related searches, AI overview",informational,Organic
cctv camera kit,10,10,70,17,4.51,https://www.enster.com/cctv-kit,0,0,0,1,191,"0, 63, 63, 63, 100, 81, 100, 63, 63, 63, 81, 63",2026-06-26 22:39:09,"Image pack, Sitelinks, Video, Video Carousel, People also ask, Popular products, Related searches",informational,Organic
imx415,48,48,170,10,2.01,https://www.enster.com/products-detail-986008,0,0,0,0.66,131,"65, 65, 80, 80, 53, 80, 65, 100, 80, 65, 65, 53",2026-08-09 00:18:14,"Image pack, Sitelinks, Reviews, Video, Image, People also ask, Related searches, AI overview",informational,Organic
camera solar with sim card,25,25,40,20,1.01,https://www.enster.com/4g-solar-camera,0,0,0,1,197,"28, 64, 35, 78, 100, 21, 0, 0, 0, 0, 0, 0",2026-06-30 19:55:36,"Sitelinks, Reviews, Video, Video Carousel, People also ask, Popular products, Related searches, Discussions and forums",commercial,Organic
camera bullet varifocal,13,13,40,2,0,https://www.enster.com/varifocal-camera,0,0,0,1,175,"18, 36, 18, 100, 18, 100, 63, 18, 18, 18, 0, 18",2026-07-12 14:17:33,"Sitelinks, Video, Image, Video Carousel, People also ask, Popular products, Related searches",commercial,Organic
camera bullet varifocal,24,24,40,2,0,https://www.enster.com/varifocal-camera,0,0,0,1,175,"18, 36, 18, 100, 18, 100, 63, 18, 18, 18, 0, 18",2026-07-12 14:17:33,"Sitelinks, Video, Image, Video Carousel, People also ask, Popular products, Related searches",commercial,Organic
ip camera dome sony 12mm,16,16,50,2,0,https://www.enster.com/12mp-ip-camera,0,0,0,0.33,217000,"35, 14, 50, 100, 100, 28, 14, 14, 14, 14, 14, 14",2026-07-12 22:01:04,"Sitelinks, Reviews, Video, People also ask, Popular products",commercial,Organic
novatek ip camera,1,1,50,5,0,https://www.enster.com/novatek-ip-camera.html,0,0,0,0,151,"63, 63, 18, 100, 100, 45, 18, 18, 18, 18, 18, 0",2026-07-13 00:46:23,"Sitelinks, Video, People also ask, Related searches, AI overview",informational,AI overview
novatek ip camera,1,1,50,5,0,https://www.enster.com/novatek-ndaa-camera.html,0,0,0,0,151,"63, 63, 18, 100, 100, 45, 18, 18, 18, 18, 18, 0",2026-07-13 00:46:23,"Sitelinks, Video, People also ask, Related searches, AI overview",informational,AI overview
cctv camera street rotary zoom,42,42,40,5,0,https://www.enster.com/motorized-zoom-hd-camera,0,0,0,0,1460000,"63, 36, 100, 100, 27, 18, 18, 18, 18, 18, 0, 0",2026-08-03 09:14:02,"Sitelinks, Reviews, Video, Video Carousel, People also ask, Popular products, Related searches, AI overview","commercial, informational",Organic
4g solar cameras,28,28,50,8,0.79,https://www.enster.com/4g-solar-camera,0,0,0,1,196,"0, 0, 14, 14, 64, 50, 28, 21, 35, 28, 50, 100",2026-07-21 00:10:20,"Sitelinks, Video, Video Carousel, People also ask, Popular products, Related searches, Discussions and forums",commercial,Organic
4g solar cameras,30,30,50,8,0.79,https://www.enster.com/4g-solar-camera,0,0,0,1,196,"0, 0, 14, 14, 64, 50, 28, 21, 35, 28, 50, 100",2026-07-21 00:10:20,"Sitelinks, Video, Video Carousel, People also ask, Popular products, Related searches, Discussions and forums",commercial,Organic
wireless onvif ip camera,32,32,40,7,0,https://www.enster.com/products-detail-895238,0,0,0,0.14,193,"7, 42, 7, 42, 42, 7, 7, 7, 7, 7, 7, 7",2026-06-30 15:39:19,"Sitelinks, Reviews, Video, Video Carousel, People also ask, Popular products, Related searches, AI overview","commercial, informational",Organic
kit video surveillance nvr 4 channel,21,21,40,0,0,https://www.enster.com/cctv-kit,0,0,0,0,170,"41, 17, 29, 64, 64, 11, 11, 11, 11, 11, 11, 0",2026-06-30 22:49:15,"Sitelinks, Reviews, Video, Video Carousel, Popular products, Related searches",commercial,Organic
dome camera suppliers,23,23,50,23,0,https://www.enster.com/hd-dome-camera,0,0,0,0.33,202,"22, 22, 22, 100, 44, 22, 22, 22, 100, 100, 44, 100",2026-07-17 06:15:58,"Sitelinks, Reviews, Video, Popular products, Related searches",commercial,Organic
invisibility camera,15,15,210,25,0.34,https://www.enster.com/stealth-ip-camera,0,0,0,1,171,"44, 28, 15, 23, 54, 23, 11, 15, 81, 35, 44, 44",2026-07-03 05:55:43,"Sitelinks, Reviews, Video, Video Carousel, People also ask, Popular products, Related searches, AI overview",commercial,Organic
nvr kit ip security camera,20,20,40,9,0,https://www.enster.com/wireless-camera-kit,0,0,0,0,188,"0, 29, 52, 82, 100, 0, 0, 0, 0, 0, 0, 0",2026-06-30 20:01:39,"Sitelinks, Video, Video Carousel, Popular products, Related searches",commercial,Organic
nvr kit ip security camera,36,36,40,9,0,https://www.enster.com/cctv-kit,0,0,0,0,188,"0, 29, 52, 82, 100, 0, 0, 0, 0, 0, 0, 0",2026-06-30 20:01:39,"Sitelinks, Video, Video Carousel, Popular products, Related searches",commercial,Organic
nvr kit ip security camera,41,41,40,9,0,https://www.enster.com/cctv-kit,0,0,0,0,188,"0, 29, 52, 82, 100, 0, 0, 0, 0, 0, 0, 0",2026-06-30 20:01:39,"Sitelinks, Video, Video Carousel, Popular products, Related searches",commercial,Organic
what is network video recorder,41,41,110,17,0.93,https://www.enster.com/a-news-setting-up-a-network-video-recorder-a-step-by-step-guide,0,0,0,0.28,200,"0, 0, 0, 0, 0, 0, 0, 0, 100, 0, 0, 3",2026-08-12 01:05:00,"Sitelinks, Reviews, Video, Video Carousel, People also ask, Popular products, Related searches, AI overview",informational,Organic
does cctv cameras have audio,70,70,30,14,5.86,https://www.enster.com/cctv-audio-device/,0,0,0,0.14,164,"0, 6, 0, 0, 0, 0, 0, 0, 0, 0, 100, 0",2026-07-21 03:51:19,"Sitelinks, Reviews, Video, Video Carousel, People also ask, Related searches, Short videos, Discussions and forums, AI overview",informational,Organic
128gb microsd card for ip surveillance camera edge storage 64gb,59,59,260,4,0,https://www.enster.com/products-detail-415936,0,0,0,0,191,100,2026-07-05 06:58:12,"Sitelinks, Video, People also ask, Popular products",commercial,Organic
ip camera outdoor bullets,28,28,50,11,0,https://www.enster.com/bullet-camera,0,0,0,0,196,"28, 78, 50, 100, 100, 28, 0, 0, 0, 0, 14, 0",2026-07-12 22:08:42,"Sitelinks, Video, People also ask, Popular products, Related searches",commercial,Organic
xmeue,1,1,30,50,1.38,https://www.enster.com/xmeye-download,0,0,0,0.04,96,"0, 0, 0, 0, 100, 0, 0, 0, 3, 0, 3, 0",2026-07-13 12:10:42,"Sitelinks, Reviews, People also ask, Related searches, Things to know, AI overview","informational, transactional",Things to know
xmeue,1,1,30,50,1.38,https://www.enster.com/DVR-NVR-Auto-Upgrade-Problem,0,0,0,0.04,96,"0, 0, 0, 0, 100, 0, 0, 0, 3, 0, 3, 0",2026-07-13 12:10:42,"Sitelinks, Reviews, People also ask, Related searches, Things to know, AI overview","informational, transactional",Things to know
xmeue,7,7,30,50,1.38,https://www.enster.com/xmeye-download,0,0,0,0.04,96,"0, 0, 0, 0, 100, 0, 0, 0, 3, 0, 3, 0",2026-07-13 12:10:42,"Sitelinks, Reviews, People also ask, Related searches, Things to know, AI overview","informational, transactional",Organic
instv-664,23,23,70,14,0,https://www.enster.com/64ch-7-24h-full-solar-camera-cctv-system,0,0,0,0.33,36100,"0, 100, 0, 0, 0, 0",2026-08-02 10:55:56,People also ask,commercial,Organic
instv-664,62,62,70,14,0,https://www.enster.com/onvif-solar-4g-camera.html,0,0,0,0.33,36100,"0, 100, 0, 0, 0, 0",2026-08-02 10:55:56,People also ask,commercial,Organic
uid camera,17,17,50,7,0,https://www.enster.com/news-detail-4689657,0,0,0,0.33,211,"11, 11, 11, 11, 11, 11, 82, 11, 11, 11, 64, 82",2026-08-17 23:34:39,"Image pack, Sitelinks, Video, Video Carousel, People also ask, Popular products, Related searches, AI overview",informational,Organic
dwdr,41,41,40,10,0,https://www.enster.com/faq/D-WDR-vs-WDR-vs-BLC-technology.html,0,0,0,0.33,111,"11, 11, 11, 11, 11, 64, 82, 11, 11, 11, 11, 11",2026-08-17 07:56:00,"Image pack, Reviews, Video, Video Carousel, People also ask, Related searches, AI overview",informational,Organic
wireless ip cameras nvr kit,13,13,40,11,0,https://www.enster.com/wireless-camera-kit,0,0,0,0,149,"19, 26, 53, 53, 11, 0, 0, 0, 0, 7, 0, 0",2026-08-09 05:01:43,"Sitelinks, Reviews, Video, People also ask, Popular products, Related searches, AI overview",commercial,Organic
wireless ip cameras nvr kit,37,37,40,11,0,https://www.enster.com/cctv-kit,0,0,0,0,149,"19, 26, 53, 53, 11, 0, 0, 0, 0, 7, 0, 0",2026-08-09 05:01:43,"Sitelinks, Reviews, Video, People also ask, Popular products, Related searches, AI overview",commercial,Organic
outdoor network switch,42,42,210,2,0.87,https://www.enster.com/outdoor-poe-switch,0,0,0,1,189,"81, 81, 81, 81, 81, 65, 53, 43, 65, 43, 53, 81",2026-07-01 09:22:00,"Sitelinks, Video, Video Carousel, People also ask, Popular products, Related searches, Discussions and forums",commercial,Organic
wdr meaning,13,13,210,13,0,https://www.enster.com/faq/D-WDR-vs-WDR-vs-BLC-technology.html,0,0,0,0.33,129,"43, 43, 43, 54, 43, 43, 43, 54, 54, 54, 43, 43",2026-06-26 17:51:49,"Video, Video Carousel, People also ask, Related searches, AI overview",informational,Organic
ip port 554,43,43,110,9,0,https://www.enster.com/faq/Setting-RTSP.html,0,0,0,0.33,139,"100, 21, 34, 65, 65, 9, 28, 34, 21, 34, 28, 9",2026-08-09 03:24:18,"Sitelinks, Video, Video Carousel, People also ask, Related searches, AI overview",informational,Organic
hevc vs h265,44,44,170,20,0,https://www.enster.com/industry-news21453695d5c56903b6724d1b/What-is-HEVC--H265.html,0,0,0,0.33,120,"26, 34, 53, 65, 42, 53, 53, 53, 100, 53, 80, 80",2026-07-08 12:00:45,"Sitelinks, Reviews, Video, Video Carousel, People also ask, Related searches, Discussions and forums, AI overview","commercial, informational",Organic
camera xmeye,11,11,70,38,1.53,https://www.enster.com/xmeye-download,0,0,0,0.92,206,"52, 52, 33, 33, 42, 23, 33, 42, 23, 33, 33, 9",2026-08-09 22:52:08,"Sitelinks, Reviews, Video, Video Carousel, Popular products, Related searches",commercial,Organic
network digital hybrid video recorder tampa,28,28,40,0,0,https://www.enster.com/16-32ch-cctv-dvr/1080p-video-security-dvr-hvr-6316mh.html,0,0,0,0,162,"9, 0, 27, 27, 27, 36, 45, 81, 100, 63, 27, 27",2026-07-18 15:23:12,"Sitelinks, Reviews, Popular products, Related searches, AI overview","commercial, informational",Organic
4k hevc encoder card with onvif for nvr integration,31,31,70,2,0,https://www.enster.com/nvr,0,0,0,0,2910,"100, 0, 0, 0, 0",2026-07-09 17:53:53,"Sitelinks, Reviews, Video, People also ask, Popular products",commercial,Organic
4k hevc encoder card with onvif for nvr integration,89,89,70,2,0,https://www.enster.com/products-detail-1073222,0,0,0,0,2910,"100, 0, 0, 0, 0",2026-07-09 17:53:53,"Sitelinks, Reviews, Video, People also ask, Popular products",commercial,Organic
xvr,32,32,390,21,1.98,https://www.enster.com/4ch-8ch-6-in-1-dvr/8ch-1080n-xvr-dvr-6108nh.html,0,0,0,0.1,161,"81, 54, 54, 66, 66, 54, 66, 44, 54, 44, 54, 54",2026-07-23 05:39:58,"Sitelinks, Reviews, Video, People also ask, Popular products, Related searches, AI overview",informational,Organic
dual lens ptz camera,22,22,30,12,1.32,https://www.enster.com/dual-lens-ptz-dual-solar-powered-wireless-4g-lte-sim-card-security-camera,0,0,0,1,179,"9, 9, 9, 19, 9, 14, 23, 9, 9, 9, 9, 9",2026-07-09 10:30:12,"Image pack, Sitelinks, Video, Video Carousel, People also ask, Popular products, Related searches, Discussions and forums, AI overview",informational,Organic
solar security camera baytown,44,44,40,18,0,https://www.enster.com/solar-camera,0,0,0,0,41600,"40, 100, 60",2026-08-17 12:22:10,"Local pack, Sitelinks, Reviews, Video, People also ask, Popular products, Related searches",commercial,Organic
anpr camera meaning,67,67,40,13,0,https://www.enster.com/a-news-the-benefits-of-anpr-license-plate-cameras-for-law-enforcement,0,0,0,0.33,137,"11, 11, 11, 100, 17, 23, 23, 29, 11, 11, 23, 17",2026-08-02 19:40:47,"Image pack, Video, Video Carousel, People also ask, Related searches, Short videos, AI overview",informational,Organic
camara domo,28,28,50,4,0,https://www.enster.com/es/hd-dome-camera,0,0,0,1,186,"5, 5, 5, 5, 5, 100, 0, 0, 5, 5, 2, 5",2026-07-28 00:51:48,"Image pack, Sitelinks, Video, Video Carousel, People also ask, Popular products, Related searches, AI overview","commercial, informational",Organic
ip camera with 940nm,5,5,30,0,1.64,https://www.enster.com/stealth-ip-camera,0,0,0,1,189,"0, 7, 50, 100, 100, 14, 0, 0, 0, 0, 0, 0",2026-07-13 13:48:06,"Sitelinks, Video, Video Carousel, Popular products, Related searches, Discussions and forums",commercial,Organic
xm eye,3,3,40,52,1.38,https://www.enster.com/xmeye-dvr-factory-latest-firmware,0,0,0,0.04,91,"12, 2, 17, 2, 10, 2, 5, 53, 2, 5, 5, 2",2026-07-25 03:47:44,"Sitelinks, Reviews, Video, People also ask, Related searches, Things to know, AI overview",informational,Things to know
xm eye,3,3,40,52,1.38,https://www.enster.com/DVR-NVR-Auto-Upgrade-Problem,0,0,0,0.04,91,"12, 2, 17, 2, 10, 2, 5, 53, 2, 5, 5, 2",2026-07-25 03:47:44,"Sitelinks, Reviews, Video, People also ask, Related searches, Things to know, AI overview",informational,Things to know
xm eye,7,7,40,52,1.38,https://www.enster.com/xmeye-download,0,0,0,0.04,91,"12, 2, 17, 2, 10, 2, 5, 53, 2, 5, 5, 2",2026-07-25 03:47:44,"Sitelinks, Reviews, Video, People also ask, Related searches, Things to know, AI overview",informational,Organic
wireless camera dvr kit b,11,11,40,18,0,https://www.enster.com/wireless-camera-kit,0,0,0,0,205,"36, 18, 100, 100, 18, 18, 18, 18, 18, 18, 18, 0",2026-08-07 01:08:05,"Sitelinks, Reviews, Video, People also ask, Popular products, Related searches, AI overview",commercial,Organic
cctvda,67,67,170,66,0,https://www.enster.com/pt/ip-ptz-camera/IP-PTZ-Camera-Keyboard.html,0,0,0,0,196,"100, 0, 0, 0, 0, 0, 0, 0, 0, 0, 0, 0",2026-08-16 20:09:41,"Reviews, Video, Video Carousel, People also ask, Related searches",informational,Organic
outdoor ethernet switch poe,45,45,140,0,0.87,https://www.enster.com/outdoor-poe-switch,0,0,0,1,191,"100, 26, 80, 53, 42, 42, 26, 65, 42, 42, 65, 65",2026-07-08 07:44:59,"Sitelinks, Video, Video Carousel, Popular products, Related searches, Discussions and forums, AI overview",commercial,Organic
wifi nvr kit,22,22,40,18,0,https://www.enster.com/cctv-kit,0,0,0,0.8,199,"18, 100, 18, 18, 100, 18, 18, 18, 18, 18, 18, 18",2026-07-13 07:18:02,"Sitelinks, Reviews, Video, Video Carousel, People also ask, Popular products, Related searches, AI overview","commercial, informational",Organic
camera poe 12w,38,38,50,20,0,https://www.enster.com/12mp-ip-camera,0,0,0,0.33,451000,"35, 78, 35, 78, 100, 28, 14, 14, 14, 14, 14, 14",2026-07-12 16:51:03,"Sitelinks, Reviews, Video, Video Carousel, People also ask, Popular products, Related searches, Discussions and forums, AI overview",commercial,Organic
module camera imx 663,98,98,40,16,0,https://www.enster.com/products-detail-3394163,0,0,0,0,17200,"18, 18, 18, 100, 100, 18, 18, 18, 18, 18, 18, 0",2026-07-16 10:27:01,"Sitelinks, Reviews, Video, People also ask, Related searches, AI overview",informational,Organic
h.265,86,0,2400,33,0.88,https://www.enster.com/ja/industry-news21453695d5c56903b6724d1b/What-is-HEVC--H265.html,0,0,0,0.02,133,"81, 36, 66, 66, 19, 13, 13, 81, 19, 15, 13, 15",2026-08-19 00:07:35,"Sitelinks, Video, People also ask, Things to know, AI overview",informational,Organic
cam onvif 2mp outdoor,31,31,40,4,0,https://www.enster.com/products-detail-895238,0,0,0,0.33,805000,"77, 55, 77, 100, 22, 22, 22, 22, 22, 22, 22, 22",2026-07-13 04:57:27,"Sitelinks, Reviews, Video, Popular products, Related searches",commercial,Organic
nvr kits spain,30,30,40,4,0,https://www.enster.com/es/cctv-kit,0,0,0,0,1150000,"35, 50, 0, 100, 100, 28, 0, 0, 0, 0, 0, 0",2026-07-13 00:51:32,"Sitelinks, Reviews, People also ask, Related searches, AI overview","commercial, informational",Organic
what is digital video recorder,50,50,170,16,0.33,https://www.enster.com/a-news-network-video-recorder-vs-digital-video-recorder-understanding-the-differences,0,0,0,0.02,213,"0, 0, 0, 0, 0, 2, 3, 0, 0, 79, 0, 0",2026-07-06 08:26:34,"Sitelinks, Reviews, Video, Video Carousel, People also ask, Related searches, Short videos, AI overview",informational,Organic
cmos camera dc 12v 200ma,28,28,110,4,0,https://www.enster.com/special-hd-camera/AC-24VDC-12V-Daul-Power-HD-Cam.html,0,0,0,0.2,28800,"52, 29, 52, 41, 52, 64, 82, 82, 100, 64, 82, 64",2026-07-07 08:01:18,"Sitelinks, Video, People also ask, Popular products, Ads middle",commercial,Organic
ip onvif camera wifi outdoor,28,28,40,6,0,https://www.enster.com/products-detail-895238,0,0,0,0.33,188,"100, 100, 36, 18, 18, 18, 18, 18, 18, 18, 18, 18",2026-07-18 00:58:44,"Sitelinks, Reviews, Video, Popular products, Related searches, Discussions and forums",commercial,Organic
anpr cameras,48,48,390,20,4.02,https://www.enster.com/a-news-the-benefits-of-anpr-license-plate-cameras-for-law-enforcement,0,0,0,0.22,201,"4, 5, 7, 11, 100, 31, 20, 16, 5, 11, 7, 7",2026-07-30 15:19:56,"Sitelinks, Reviews, Video, People also ask, Popular products, Related searches, Discussions and forums, AI overview","commercial, informational",Organic
anpr cameras,56,56,390,20,4.02,https://www.enster.com/a-news-the-benefits-of-anpr-license-plate-cameras-for-law-enforcement,0,0,0,0.22,201,"4, 5, 7, 11, 100, 31, 20, 16, 5, 11, 7, 7",2026-07-30 15:19:56,"Sitelinks, Reviews, Video, People also ask, Popular products, Related searches, Discussions and forums, AI overview","commercial, informational",Organic
anpr cameras,76,76,390,20,4.02,https://www.enster.com/a-news-the-evolution-of-anpr-license-plate-camera-technology-from-basic-to-advanced-features,0,0,0,0.22,201,"4, 5, 7, 11, 100, 31, 20, 16, 5, 11, 7, 7",2026-07-30 15:19:56,"Sitelinks, Reviews, Video, People also ask, Popular products, Related searches, Discussions and forums, AI overview","commercial, informational",Organic
camera solar 4g,28,28,50,12,0.43,https://www.enster.com/4g-solar-camera,0,0,0,0.99,233,"8, 13, 1, 8, 1, 1, 1, 1, 1, 0, 1, 1",2026-07-31 16:57:15,"Image pack, Sitelinks, Video, Video Carousel, People also ask, Popular products, Related searches, Discussions and forums",informational,Organic
what is a digital video recorder,44,44,590,14,0.33,https://www.enster.com/a-news-network-video-recorder-vs-digital-video-recorder-understanding-the-differences,0,0,0,0.02,204,"68, 8, 20, 20, 4, 7, 100, 13, 11, 84, 20, 25",2026-07-01 14:41:27,"Sitelinks, Video, Video Carousel, People also ask, Related searches, AI overview",informational,Organic
180 degree panoramic camera,37,37,30,5,1.86,https://www.enster.com/4k-dual-lens-panoramic-camera-with-a-180-degree-visible-viewing-angle,0,0,0,1,207,"22, 22, 44, 33, 33, 33, 33, 22, 22, 22, 33, 33",2026-06-26 00:21:58,"Image pack, Sitelinks, Reviews, Video, Image, Video Carousel, People also ask, Popular products, Related searches, Discussions and forums, AI overview","commercial, informational",Organic
onvif ptz controller joystick,31,31,50,0,0,https://www.enster.com/ip-ptz-camera/IP-PTZ-Camera-Keyboard.html,0,0,0,0.33,148,"35, 100, 50, 78, 100, 28, 14, 14, 14, 14, 14, 14",2026-07-13 00:58:06,"Sitelinks, Video, Video Carousel, Popular products, Related searches, Discussions and forums",commercial,Organic
ahd dvr system 16 cameras,28,28,40,0,0,https://www.enster.com/dvr/1080N-16CH-AHD-DVR.html,0,0,0,0,179,"35, 21, 35, 78, 100, 14, 14, 14, 14, 14, 14, 0",2026-07-12 14:03:10,"Sitelinks, Reviews, Video, Video Carousel, People also ask, Popular products, Related searches",commercial,Organic
wireless construction security,11,11,40,7,0,https://www.enster.com/a-news-wireless-ip-cameras-for-construction-site-security-and-monitoring,0,0,0,0,180,"28, 14, 42, 57, 57, 71, 71, 71, 71, 71, 71, 71",2026-07-20 17:14:06,"Sitelinks, Reviews, Video, Video Carousel, Popular products, Related searches",commercial,Organic
surveillance poe camera kit,24,24,40,24,4.89,https://www.enster.com/poe-camera-kit,0,0,0,1,184,"11, 29, 29, 64, 100, 23, 5, 0, 0, 0, 11, 0",2026-06-30 19:52:02,"Sitelinks, Reviews, Video, Video Carousel, People also ask, Popular products, Related searches",commercial,Organic
ptz camera ahd coaxial,29,29,170,4,0,https://www.enster.com/coaxial-cctv-camera,0,0,0,0,158,"20, 6, 6, 100, 6, 1, 1, 1, 1, 1, 1, 0",2026-06-28 07:44:37,"Sitelinks, Video, People also ask, Popular products, AI overview","commercial, informational",Organic
motorized varifocal lens,35,35,30,9,4.04,https://www.enster.com/10x-optical-zoom-camera,0,0,0,0.6,136,"23, 23, 33, 23, 9, 9, 14, 9, 14, 9, 19, 14",2026-07-29 08:43:14,"Sitelinks, Video, Video Carousel, People also ask, Popular products, Related searches, Discussions and forums, AI overview","commercial, informational",Organic
motorized varifocal lens,51,51,30,9,4.04,https://www.enster.com/Motorized-Lens-IP-Camera,0,0,0,0.6,136,"23, 23, 33, 23, 9, 9, 14, 9, 14, 9, 19, 14",2026-07-29 08:43:14,"Sitelinks, Video, Video Carousel, People also ask, Popular products, Related searches, Discussions and forums, AI overview","commercial, informational",Organic
hdmi to dvr,7,7,70,19,0.15,https://www.enster.com/4ch-8ch-6-in-1-dvr/4ch-1080p-xvr-dvr-6304mh.html,0,0,0,1,195,"33, 14, 33, 23, 42, 52, 42, 33, 23, 33, 23, 14",2026-08-10 11:17:52,"Image pack, Sitelinks, Reviews, Video, Video Carousel, People also ask, Popular products, Related searches, Discussions and forums",commercial,Image pack
nbd8004r fw,15,15,40,0,0,https://www.enster.com/latest-firmware-of-XMEYE-DVR,0,0,0,0.33,103,"14, 14, 50, 100, 14, 50, 14, 0, 14, 14, 14, 14",2026-07-18 15:08:57,"Video, Related searches",informational,Organic
nbd8004r fw,32,32,40,0,0,https://www.enster.com/xmeye-dvr-factory-latest-firmware,0,0,0,0.33,103,"14, 14, 50, 100, 14, 50, 14, 0, 14, 14, 14, 14",2026-07-18 15:08:57,"Video, Related searches",informational,Organic
nbd8004r fw,40,40,40,0,0,https://www.enster.com/ja/support,0,0,0,0.33,103,"14, 14, 50, 100, 14, 50, 14, 0, 14, 14, 14, 14",2026-07-18 15:08:57,"Video, Related searches",informational,Organic
4g solar ip camera app,5,5,40,11,0,https://www.enster.com/how-to-connect-the-4g-solar-camera-wifi-solar-camera-to-your-computer-for-remote-viewing,0,0,0,0.5,170,"14, 14, 28, 14, 78, 14, 14, 0, 100, 0, 14, 14",2026-07-14 15:18:25,"Reviews, Video, Video Carousel, People also ask, Related searches, AI overview",informational,Organic
cctv system kits,17,17,50,23,0,https://www.enster.com/cctv-kit,0,0,0,0.33,183,"35, 78, 50, 78, 100, 35, 0, 0, 0, 0, 14, 0",2026-06-30 01:32:35,"Sitelinks, Video, Video Carousel, People also ask, Popular products, Related searches",commercial,Organic
embedded dvr,4,4,70,2,3.47,https://www.enster.com/4ch-8ch-6-in-1-dvr/HD-DVR-Recorder-Enster-with-VG.html,0,0,0,0.53,190,"64, 64, 64, 82, 41, 100, 23, 17, 17, 29, 11, 17",2026-08-14 18:55:31,"Image pack, Sitelinks, Reviews, Video, Video Carousel, People also ask, Popular products, Related searches, AI overview","commercial, informational",Image pack
embedded dvr,4,4,70,2,3.47,https://www.enster.com/4ch-8ch-6-in-1-dvr/HD-DVR-Recorder-Enster-with-VG.html,0,0,0,0.53,190,"64, 64, 64, 82, 41, 100, 23, 17, 17, 29, 11, 17",2026-08-14 18:55:31,"Image pack, Sitelinks, Reviews, Video, Video Carousel, People also ask, Popular products, Related searches, AI overview","commercial, informational",Image pack
embedded dvr,24,24,70,2,3.47,https://www.enster.com/digital-video-recorder,0,0,0,0.53,190,"64, 64, 64, 82, 41, 100, 23, 17, 17, 29, 11, 17",2026-08-14 18:55:31,"Image pack, Sitelinks, Reviews, Video, Video Carousel, People also ask, Popular products, Related searches, AI overview","commercial, informational",Organic
is hevc the same as h.265,56,56,50,27,0,https://www.enster.com/industry-news21453695d5c56903b6724d1b/What-is-HEVC--H265.html,0,0,0,0.33,128,"0, 3, 0, 0, 100, 53, 7, 0, 7, 53, 7, 7",2026-08-06 00:51:39,"Sitelinks, Reviews, Video, Video Carousel, People also ask, Discussions and forums, AI overview",informational,Organic
xmeye set,13,13,50,8,0,https://www.enster.com/xmeye-download,0,0,0,0,150,"29, 82, 52, 64, 100, 23, 11, 11, 11, 11, 11, 0",2026-06-30 14:57:30,"Sitelinks, Reviews, Video, Video Carousel, People also ask, Related searches, AI overview",informational,Organic
ip cameras installation,11,11,40,18,4.38,https://www.enster.com/a-news-wireless-ip-camera-installation-tips-for-seamless-setup,0,0,0,0.15,171,"2, 0, 0, 0, 0, 0, 100, 0, 0, 0, 0, 2",2026-08-12 02:59:07,"Local pack, Sitelinks, Video, Ads bottom, Video Carousel, People also ask, Related searches, Discussions and forums, AI overview",informational,Organic
8 channel dvr for security cameras,47,47,40,4,1.62,https://www.enster.com/4ch-8ch-6-in-1-dvr/8ch-1080p-hd-xvr-dvr-6308mh.html,0,0,0,1,182,"100, 0, 45, 36, 45, 36, 18, 27, 27, 27, 18, 27",2026-07-29 15:11:06,"Sitelinks, Reviews, Video, People also ask, Popular products, Related searches, Discussions and forums",commercial,Organic
camera sim battery card,9,9,50,17,0,https://www.enster.com/4g-camera-apn,0,0,0,0,150,"100, 100, 100, 100, 100, 0, 0, 0, 0, 0, 0, 0",2026-07-06 19:06:05,"Sitelinks, Video, Video Carousel, People also ask, Related searches",commercial,Organic
hevc is h265,17,17,50,35,0,https://www.enster.com/industry-news21453695d5c56903b6724d1b/What-is-HEVC--H265.html,0,0,0,0.33,123,"52, 11, 23, 100, 41, 64, 52, 11, 23, 11, 11, 11",2026-07-09 06:49:27,"Sitelinks, Reviews, Video, Video Carousel, People also ask, Related searches, AI overview",informational,Organic
hevc is h265,26,26,50,35,0,https://www.enster.com/industry-news21453695d5c56903b6724d1b/What-is-HEVC--H265.html,0,0,0,0.33,123,"52, 11, 23, 100, 41, 64, 52, 11, 23, 11, 11, 11",2026-07-09 06:49:27,"Sitelinks, Reviews, Video, Video Carousel, People also ask, Related searches, AI overview",informational,Organic
solar power kit for cctv,33,33,50,9,0,https://www.enster.com/solar-powered-camera-kit,0,0,0,0.33,138,"9, 9, 14, 42, 100, 23, 14, 14, 14, 14, 19, 9",2026-07-13 03:52:52,"Sitelinks, Reviews, Video, Video Carousel, Popular products, Related searches, Discussions and forums, AI overview","commercial, informational",Organic
codigos de camaras,22,22,210,21,0,https://www.enster.com/es/faq/CCTV-Glossary.html,0,0,0,0.33,172,"1, 1, 1, 0, 1, 1, 1, 10, 8, 45, 55, 76",2026-07-13 12:36:05,"Image pack, Sitelinks, Reviews, Video, Video Carousel, People also ask, Related searches, AI overview",informational,Organic
codigos de camaras,47,47,210,21,0,https://www.enster.com/es/faq/CCTV-Glossary.html,0,0,0,0.33,172,"1, 1, 1, 0, 1, 1, 1, 10, 8, 45, 55, 76",2026-07-13 12:36:05,"Image pack, Sitelinks, Reviews, Video, Video Carousel, People also ask, Related searches, AI overview",informational,Organic
sensor globe aquaculture underwater camera,60,60,40,8,0,https://www.enster.com/5mp-316-stainless-steel-seawater-aquaculture-underwater-camera.html,0,0,0,0,36900,"100, 60",2026-08-15 21:14:45,"Reviews, Video, Video Carousel, People also ask, Related searches, AI overview",informational,Organic
xvr dvr,8,8,30,7,1.16,https://www.enster.com/4ch-8ch-6-in-1-dvr/8ch-1080n-xvr-dvr-6108nh.html,0,0,0,0.89,151,"18, 18, 18, 27, 36, 18, 18, 27, 36, 27, 27, 27",2026-06-24 10:02:07,"Sitelinks, Reviews, Video, Video Carousel, People also ask, Popular products, Related searches","commercial, informational",Organic
4g camera with sim card,13,13,40,12,0,https://www.enster.com/4g-dual-lens-camera,0,0,0,1,215,"11, 17, 11, 100, 64, 11, 11, 11, 11, 11, 11, 11",2026-06-30 19:33:44,"Sitelinks, Reviews, Video, Image, Video Carousel, People also ask, Popular products, Related searches, AI overview",commercial,Organic
4g camera with sim card,44,44,40,12,0,https://www.enster.com/4g-camera,0,0,0,1,215,"11, 17, 11, 100, 64, 11, 11, 11, 11, 11, 11, 11",2026-06-30 19:33:44,"Sitelinks, Reviews, Video, Image, Video Carousel, People also ask, Popular products, Related searches, AI overview",commercial,Organic
nvr kit wifi,2,2,40,11,0,https://www.enster.com/ar/wireless-camera-kit/4ch-cctv-5mp-camera-system-outdoor-waterproof-wireless-wifi-ip-camera-wifi-nvr-kit.html,0,0,0,0.8,222,"18, 100, 18, 18, 100, 18, 18, 18, 18, 18, 18, 18",2026-07-13 00:39:06,"Image pack, Sitelinks, Reviews, Video, Image, Video Carousel, People also ask, Popular products, Related searches, AI overview","commercial, informational",Image pack
nvr kit wifi,19,19,40,11,0,https://www.enster.com/wireless-camera-kit,0,0,0,0.8,222,"18, 100, 18, 18, 100, 18, 18, 18, 18, 18, 18, 18",2026-07-13 00:39:06,"Image pack, Sitelinks, Reviews, Video, Image, Video Carousel, People also ask, Popular products, Related searches, AI overview","commercial, informational",Organic
nvr kit wifi,38,38,40,11,0,https://www.enster.com/cctv-kit,0,0,0,0.8,222,"18, 100, 18, 18, 100, 18, 18, 18, 18, 18, 18, 18",2026-07-13 00:39:06,"Image pack, Sitelinks, Reviews, Video, Image, Video Carousel, People also ask, Popular products, Related searches, AI overview","commercial, informational",Organic
nvr kit 4mp poe ip,21,21,40,0,0,https://www.enster.com/poe-camera-kit,0,0,0,0.33,193,"55, 33, 55, 100, 100, 33, 22, 22, 22, 22, 22, 22",2026-07-17 01:06:54,"Sitelinks, Reviews, Video, Video Carousel, Popular products, Related searches",commercial,Organic
nvr kit 4mp poe ip,51,51,40,0,0,https://www.enster.com/cctv-kit,0,0,0,0.33,193,"55, 33, 55, 100, 100, 33, 22, 22, 22, 22, 22, 22",2026-07-17 01:06:54,"Sitelinks, Reviews, Video, Video Carousel, Popular products, Related searches",commercial,Organic
nvr kit 4mp poe ip,56,56,40,0,0,https://www.enster.com/h-265-16-channel-poe-4k-8mp-network-video-recorder-nvr-plug-amp-play-international-original-english-version,0,0,0,0.33,193,"55, 33, 55, 100, 100, 33, 22, 22, 22, 22, 22, 22",2026-07-17 01:06:54,"Sitelinks, Reviews, Video, Video Carousel, Popular products, Related searches",commercial,Organic
xmeye dvr embedded linux busybox,31,31,90,37,0,https://www.enster.com/xmeye-download,0,0,0,0,367,"78, 78, 100, 50, 14",2026-08-13 18:59:36,"Sitelinks, Reviews, Video, Related searches, AI overview",informational,Organic
varifocal cctv camera,18,18,50,7,0,https://www.enster.com/varifocal-camera,0,0,0,0.83,172,"41, 41, 41, 64, 100, 23, 11, 11, 11, 11, 11, 11",2026-07-28 11:53:56,"Image pack, Sitelinks, Video, Image, Video Carousel, People also ask, Popular products, Related searches, AI overview",commercial,Organic
hd nvr kit,28,28,90,25,1.09,https://www.enster.com/cctv-kit,0,0,0,0.98,0,"17, 23, 23, 23, 23, 23, 23, 23, 28, 17, 23, 23",2026-07-15 18:27:46,"Image pack, Sitelinks, Reviews, Video, Image, Popular products, Related searches","commercial, informational",Organic
varifocal security camera,30,30,70,10,4.82,https://www.enster.com/varifocal-camera,0,0,0,0.89,181,"52, 52, 23, 52, 52, 33, 52, 9, 23, 23, 14, 9",2026-07-29 11:18:43,"Sitelinks, Reviews, Video, Image, Ads bottom, People also ask, Popular products, Related searches, AI overview",commercial,Organic
dvr 8 channel,5,5,40,8,0.69,https://www.enster.com/4ch-8ch-6-in-1-dvr/8ch-1080p-hd-xvr-dvr-6308mh.html,0,0,0,1,186,"14, 14, 21, 14, 28, 35, 28, 21, 35, 21, 28, 28",2026-07-08 01:49:30,"Image pack, Sitelinks, Video, Video Carousel, Popular products, Related searches, AI overview",commercial,Image pack
turret ip camera,41,41,40,11,1.88,https://www.enster.com/Turret-IP-Camera.html,0,0,0,1,188,"7, 7, 19, 26, 26, 7, 26, 7, 7, 7, 7, 15",2026-06-30 21:22:41,"Sitelinks, Video, Image, Video Carousel, People also ask, Popular products, Related searches, AI overview","commercial, informational",Organic
4 channel dvr,8,8,110,4,1.29,https://www.enster.com/4ch-8ch-6-in-1-dvr/4ch-1080p-xvr-dvr-6304mh.html,0,0,0,1,284,"52, 66, 66, 66, 80, 66, 52, 52, 52, 52, 52, 42",2026-08-02 19:29:09,"Image pack, Sitelinks, Video, People also ask, Popular products, Related searches, AI overview","commercial, informational",Image pack
hi3520 firmware,24,24,50,9,0,https://www.enster.com/latest-firmware-of-XMEYE-DVR,0,0,0,0.33,100,"5, 0, 0, 5, 5, 100, 5, 5, 5, 5, 5, 5",2026-07-28 22:47:24,"Video, Video Carousel, Related searches",informational,Organic
nvr sata,3,3,40,1,0,https://www.enster.com/xmeye-64ch-nvr,0,0,0,0.99,243,"0, 23, 11, 11, 11, 100, 0, 11, 64, 23, 11, 11",2026-08-17 02:51:39,"Image pack, Sitelinks, Reviews, Video, Video Carousel, People also ask, Popular products, Related searches, Discussions and forums, AI overview",commercial,Image pack
4mp camera onvif ip ptz,12,12,50,7,0,https://www.enster.com/solar-onvif-ptz-camera.html,0,0,0,0.33,166,"14, 35, 50, 100, 100, 35, 14, 14, 14, 14, 14, 14",2026-07-12 13:47:51,"Sitelinks, Reviews, Video, People also ask, Popular products, Related searches, AI overview",commercial,Organic
wireless nvr kit,28,28,40,14,0.86,https://www.enster.com/cctv-kit,0,0,0,1,261,"19, 7, 7, 7, 42, 7, 7, 42, 7, 7, 7, 11",2026-08-13 13:50:08,"Sitelinks, Video, Video Carousel, People also ask, Popular products, Related searches, AI overview","commercial, informational",Organic
wifi ptz cameras,18,18,50,8,1.06,https://www.enster.com/wireless-ptz-camera,0,0,0,1,182,"36, 36, 100, 63, 63, 18, 63, 45, 18, 9, 27, 18",2026-06-28 02:18:39,"Sitelinks, Reviews, Video, Video Carousel, People also ask, Popular products, Related searches, AI overview","commercial, informational",Organic
5mp ip camera xmeye,7,7,40,14,0,https://www.enster.com/firmware-of-XMEYE-IP-Camera,0,0,0,0.33,170,"35, 35, 50, 78, 100, 14, 7, 0, 0, 0, 7, 0",2026-07-12 13:39:48,"Sitelinks, Reviews, Video, Popular products, Related searches",commercial,Organic
high fps imx335,55,55,90,7,0,https://www.enster.com/products-detail-715165,0,0,0,0.33,137,"0, 53, 53, 82, 100, 5, 0, 0, 0, 0, 0, 0",2026-06-30 02:07:05,"Sitelinks, Reviews, Video, People also ask, Related searches, AI overview",informational,Organic
high fps imx335,60,60,90,7,0,https://www.enster.com/products-detail-715165,0,0,0,0.33,137,"0, 53, 53, 82, 100, 5, 0, 0, 0, 0, 0, 0",2026-06-30 02:07:05,"Sitelinks, Reviews, Video, People also ask, Related searches, AI overview",informational,Organic
ip camera onvif,30,30,110,23,0.96,https://www.enster.com/products-detail-895238,0,0,0,0.76,160,"23, 100, 82, 82, 17, 100, 100, 82, 82, 0, 5, 100",2026-07-08 00:54:00,"Sitelinks, Reviews, Video, Image, Video Carousel, People also ask, Popular products, Related searches, Things to know, Discussions and forums",commercial,Organic
xmye,3,3,50,50,1.38,https://www.enster.com/latest-firmware-of-XMEYE-DVR,0,0,0,0.04,98,"0, 8, 28, 0, 0, 35, 1, 1, 1, 1, 18, 1",2026-07-05 12:52:43,"Sitelinks, Reviews, Video, People also ask, Related searches, Things to know",informational,Things to know
xmye,3,3,50,50,1.38,https://www.enster.com/DVR-NVR-Auto-Upgrade-Problem,0,0,0,0.04,98,"0, 8, 28, 0, 0, 35, 1, 1, 1, 1, 18, 1",2026-07-05 12:52:43,"Sitelinks, Reviews, Video, People also ask, Related searches, Things to know",informational,Things to know
xmye,5,5,50,50,1.38,https://www.enster.com/xmeye-download,0,0,0,0.04,98,"0, 8, 28, 0, 0, 35, 1, 1, 1, 1, 18, 1",2026-07-05 12:52:43,"Sitelinks, Reviews, Video, People also ask, Related searches, Things to know",informational,Organic
construction camera wireless,33,33,50,14,17.18,https://www.enster.com/a-news-wireless-ip-cameras-for-construction-site-security-and-monitoring,0,0,0,0.99,182,"14, 100, 100, 42, 100, 100, 71, 57, 71, 71, 100, 71",2026-08-07 01:11:39,"Sitelinks, Video, Video Carousel, People also ask, Popular products, Related searches, AI overview",commercial,Organic
dome onvif xmeye,13,13,50,21,0,https://www.enster.com/xmeye-download,0,0,0,0,63400,"29, 41, 41, 64, 100, 29, 11, 11, 11, 11, 11, 0",2026-07-12 19:04:13,"Sitelinks, Reviews, Video, Video Carousel, People also ask, Popular products, Related searches",commercial,Organic
ai57031,12,12,50,19,0,https://www.enster.com/products-detail-3377998,0,0,0,0,380,"7, 100, 21, 14, 35",2026-06-28 08:04:09,,informational,Organic
32 port poe switch,28,28,50,5,0.99,https://www.enster.com/poe-switch/32-Port-PoE-Switch.html,0,0,0,1,192,"63, 63, 63, 63, 36, 45, 18, 18, 45, 27, 36, 18",2026-07-30 22:04:04,"Sitelinks, Video, People also ask, Popular products, Related searches, AI overview","commercial, informational",Organic
hevc h265,85,0,110,36,0,https://www.enster.com/ja/industry-news21453695d5c56903b6724d1b/What-is-HEVC--H265.html,0,0,0,0.02,130,"53, 42, 42, 42, 53, 53, 42, 53, 42, 42, 53, 42",2026-08-19 04:12:06,"Sitelinks, Reviews, Video, People also ask, Related searches, Discussions and forums, AI overview",informational,Organic
xiongmai dvr,14,14,50,1,0,https://www.enster.com/XMEYE-IP-Camera-Version-Information,0,0,0,0,161,"0, 28, 14, 78, 100, 78, 0, 14, 0, 100, 14, 0",2026-08-15 13:53:14,"Related searches, AI overview",informational,Organic
camera kit internal ip,73,73,50,5,0,https://www.enster.com/ip-camera-module,0,0,0,0,55800000,"23, 29, 11, 100, 82, 17, 11, 11, 11, 11, 11, 0",2026-07-12 16:25:37,"Sitelinks, Video, Video Carousel, People also ask, Popular products, Related searches","commercial, informational",Organic
ip camera hd zoom focus,21,21,40,11,0,https://www.enster.com/Motorized-Lens-IP-Camera,0,0,0,0,188,"50, 28, 50, 100, 78, 14, 0, 0, 0, 0, 0, 0",2026-07-12 22:14:55,"Sitelinks, Reviews, Video, Video Carousel, People also ask, Popular products, Related searches, Discussions and forums",commercial,Organic
invisible night vision video camera,21,21,50,27,0,https://www.enster.com/stealth-ip-camera,0,0,0,0.33,178,"50, 50, 50, 78, 100, 21, 14, 14, 14, 14, 14, 14",2026-07-12 22:00:16,"Sitelinks, Video, Video Carousel, Popular products, Related searches",commercial,Organic
srxf3 8180 ers,42,42,50,0,0,https://www.enster.com/fisheye-panoramic-lens-ip-camera,0,0,0,0.33,111,"11, 23, 11, 11, 82, 100, 11, 11, 11, 11, 11, 11",2026-07-08 07:40:26,"Sitelinks, Video, Related searches",informational,Organic
srxf3 8180 ers,54,54,50,0,0,https://www.enster.com/fisheye-ip-camera/8mp-fisheye-lens.html,0,0,0,0.33,111,"11, 23, 11, 11, 82, 100, 11, 11, 11, 11, 11, 11",2026-07-08 07:40:26,"Sitelinks, Video, Related searches",informational,Organic
nvr ip record video,19,19,40,9,0,https://www.enster.com/a-news-setting-up-a-network-video-recorder-a-step-by-step-guide,0,0,0,0.33,170,"100, 100, 33, 77, 77, 22, 22, 22, 22, 22, 22, 22",2026-07-13 00:47:47,"Sitelinks, Video, Featured snippet, Video Carousel, People also ask, Popular products, Related searches","commercial, informational",Organic
ip camera network video recorder,23,23,90,29,2.02,https://www.enster.com/a-news-setting-up-a-network-video-recorder-a-step-by-step-guide,0,0,0,0.78,197,"0, 0, 0, 0, 0, 0, 0, 0, 0, 100, 0, 0",2026-08-17 08:37:07,"Sitelinks, Reviews, Video, Video Carousel, People also ask, Popular products, Related searches, AI overview",commercial,Organic
xmeye app download,8,8,40,45,0,https://www.enster.com/xmeye-download,0,0,0,0.03,107,"100, 18, 18, 18, 100, 45, 18, 18, 18, 18, 18, 18",2026-07-13 07:44:33,"Sitelinks, Reviews, Related searches, AI overview",informational,Organic
hd sdi video recorder,58,58,40,7,0.59,https://www.enster.com/digital-video-recorder,0,0,0,0.96,192,"42, 42, 100, 100, 42, 28, 42, 57, 71, 28, 71, 71",2026-07-31 05:41:50,"Sitelinks, Video, Popular products, Related searches, Discussions and forums","commercial, informational",Organic
xmeye dvr busybox linux,91,0,70,18,0,https://www.enster.com/ar/latest-firmware-of-XMEYE-DVR,0,0,0,0,419,"11, 29, 17, 41, 100",2026-08-18 18:23:11,"Sitelinks, Reviews, Video, Video Carousel, People also ask, Related searches, AI overview",informational,Organic
inster zoom,46,46,70,14,0,https://www.enster.com/pan-tilt-zoom-camera,0,0,0,0.33,112,"66, 9, 4, 100, 42, 42, 52, 66, 9, 0, 4, 4",2026-06-30 13:56:54,"Reviews, Video, Video Carousel, Related searches",informational,Organic
inster zoom,74,74,70,14,0,https://www.enster.com/zoom-camera,0,0,0,0.33,112,"66, 9, 4, 100, 42, 42, 52, 66, 9, 0, 4, 4",2026-06-30 13:56:54,"Reviews, Video, Video Carousel, Related searches",informational,Organic
netip para camaras de seguridad,46,46,50,15,0,https://www.enster.com/es/wireless-camera-kit,0,0,0,0,4080,"100, 0, 0, 0, 0, 0, 0, 0, 0, 0",2026-07-28 22:13:07,"Sitelinks, Reviews, Video, Video Carousel, People also ask, Popular products, Related searches",commercial,Organic
cctv camera varifocal lens,31,31,70,11,1,https://www.enster.com/varifocal-camera,0,0,0,0.57,0,"66, 66, 33, 52, 66, 33, 23, 9, 9, 9, 9, 9",2026-07-29 03:30:45,"Sitelinks, Video, Video Carousel, Popular products, Related searches, AI overview",commercial,Organic
pan tilt zoom mount,47,47,170,15,0.78,https://www.enster.com/pan-tilt-zoom-camera,0,0,0,1,187,"65, 81, 21, 34, 65, 15, 15, 15, 100, 65, 65, 65",2026-07-11 09:03:36,"Image pack, Sitelinks, Reviews, Video, Popular products, Related searches",commercial,Organic
kit nvr wifi,15,15,40,8,0,https://www.enster.com/cctv-kit,0,0,0,0.8,148,"0, 100, 18, 18, 100, 18, 18, 18, 18, 18, 18, 18",2026-07-07 13:19:00,"Sitelinks, Video, Video Carousel, People also ask, Popular products, Related searches",transactional,Organic
kit nvr wifi,38,38,40,8,0,https://www.enster.com/wireless-camera-kit,0,0,0,0.8,148,"0, 100, 18, 18, 100, 18, 18, 18, 18, 18, 18, 18",2026-07-07 13:19:00,"Sitelinks, Video, Video Carousel, People also ask, Popular products, Related searches",transactional,Organic
poe injector ac220v dc48v,56,56,70,18,0,https://www.enster.com/poe-switch/poe-injector.html,0,0,0,0.14,2890,"6, 28, 34, 53, 100, 9, 0, 0, 0, 0, 15, 0",2026-07-12 10:38:12,"Sitelinks, Reviews, Video, Popular products, Related searches",commercial,Organic
poe injector ac220v dc48v,62,62,70,18,0,https://www.enster.com/poe-switch/poe-injector.html,0,0,0,0.14,2890,"6, 28, 34, 53, 100, 9, 0, 0, 0, 0, 15, 0",2026-07-12 10:38:12,"Sitelinks, Reviews, Video, Popular products, Related searches",commercial,Organic
varifocal lens security camera,34,34,50,18,1,https://www.enster.com/varifocal-camera,0,0,0,0.57,185,"52, 52, 19, 52, 42, 33, 23, 9, 9, 9, 9, 9",2026-07-29 03:34:46,"Sitelinks, Reviews, Video, Image, Video Carousel, People also ask, Popular products, Related searches, AI overview",commercial,Organic
onvif 40x zoom,36,36,50,4,0,https://www.enster.com/products-detail-748639,0,0,0,0.33,35100,"14, 35, 50, 78, 100, 28, 14, 14, 14, 14, 14, 14",2026-07-13 01:04:56,"Sitelinks, Reviews, Video, People also ask, Popular products, Related searches, AI overview",commercial,Organic
camera onvif wifi,14,14,70,8,0.8,https://www.enster.com/products-detail-895238,0,0,0,1,183,"63, 45, 45, 63, 81, 63, 81, 63, 45, 63, 63, 63",2026-08-09 01:45:57,"Sitelinks, Reviews, Video, Image, People also ask, Popular products, Related searches, AI overview","commercial, informational",Organic
ip dome camera auto focus,15,15,40,0,0,https://www.enster.com/Motorized-Lens-IP-Camera,0,0,0,0,180,"19, 100, 19, 33, 19, 19, 9, 9, 9, 9, 9, 0",2026-07-12 22:04:06,"Sitelinks, Reviews, Video, Video Carousel, People also ask, Popular products",commercial,Organic
camera invisible 940nm ir,13,13,50,5,0,https://www.enster.com/stealth-ip-camera,0,0,0,0,182,"41, 41, 41, 64, 100, 17, 11, 11, 11, 11, 11, 0",2026-06-30 01:59:40,"Sitelinks, Reviews, Video, Video Carousel, People also ask, Popular products, Related searches, Discussions and forums, AI overview",commercial,Organic
camera p2p h 265 5mp,16,16,40,16,0,https://www.enster.com/products-detail-748639,0,0,0,0.05,218,"18, 18, 18, 100, 100, 18, 18, 18, 18, 18, 18, 18",2026-07-15 19:27:34,"Reviews, Video, People also ask, Popular products, Related searches",commercial,Organic
32 port switch,3,3,90,13,1.62,https://www.enster.com/poe-switch/32-Port-PoE-Switch.html,0,0,0,1,191,"33, 42, 66, 33, 42, 33, 23, 33, 42, 42, 33, 52",2026-08-15 17:44:18,"Image pack, Sitelinks, Video, Image, Ads top, Ads bottom, People also ask, Popular products, Related searches, AI overview","commercial, informational",Image pack
dvr hdmi,1,1,50,6,0.2,https://www.enster.com/4ch-8ch-6-in-1-dvr/CCTV-Security-System-Digital-V.html,0,0,0,0.94,186,"0, 19, 15, 11, 19, 26, 26, 34, 19, 26, 26, 15",2026-06-25 07:40:22,"Image pack, Sitelinks, Reviews, Video, Image, Video Carousel, People also ask, Popular products, Related searches, Discussions and forums",commercial,Image pack
keyboard controller speed dome cctv,25,25,40,0,0,https://www.enster.com/ip-ptz-camera/IP-PTZ-Camera-Keyboard.html,0,0,0,0,199,"45, 63, 63, 81, 100, 18, 18, 18, 18, 18, 18, 0",2026-07-12 22:46:04,"Sitelinks, Video, People also ask, Popular products, Related searches",commercial,Organic
camaras anpr,19,19,40,8,4.02,https://www.enster.com/es/anpr-camera,0,0,0,0.22,0,"22, 11, 77, 77, 77, 100, 100, 100, 0, 0, 0, 0",2026-06-27 01:46:31,"Sitelinks, Reviews, Video, Ads bottom, Video Carousel, Popular products, Related searches",commercial,Organic
4g sim solar cctv,22,22,40,,0,https://www.enster.com/4g-solar-camera,0,0,0,1,185,"44, 44, 44, 100, 100, 22, 22, 22, 22, 22, 22, 22",2026-07-14 14:46:07,"Sitelinks, Reviews, Video, Video Carousel, Popular products, Related searches, Discussions and forums, Ads middle, AI overview","commercial, informational",Organic
varifocal camera poe,17,17,50,6,0,https://www.enster.com/varifocal-camera,0,0,0,0.33,191,"0, 7, 2, 17, 100, 28, 2, 0, 2, 2, 7, 0",2026-07-13 05:46:50,"Sitelinks, Reviews, Video, Video Carousel, Popular products, Related searches, AI overview",commercial,Organic
wide dynamic range,52,52,1000,22,0,https://www.enster.com/faq/D-WDR-vs-WDR-vs-BLC-technology.html,0,0,0,0.33,127,"100, 24, 41, 66, 66, 54, 13, 30, 20, 30, 36, 30",2026-07-25 18:36:07,"Image pack, Reviews, Video, People also ask, Related searches, Short videos, AI overview",informational,Organic
cctv varifocal 5 100mm camera lens,35,35,70,2,0,https://www.enster.com/varifocal-camera,0,0,0,0,201,"12, 12, 100, 28, 28, 7, 5, 5, 5, 5, 5, 0",2026-06-29 19:44:58,"Reviews, Video, People also ask, Popular products, Related searches",commercial,Organic
onvif wifi camera,25,25,110,7,0.56,https://www.enster.com/products-detail-895238,0,0,0,1,198,"52, 42, 42, 33, 42, 42, 52, 42, 33, 52, 100, 33",2026-07-02 21:28:19,"Sitelinks, Video, Image, Video Carousel, Popular products, Related searches, Discussions and forums, AI overview",commercial,Organic
xmeye.net,12,12,40,79,0,https://www.enster.com/xmeye-download,0,0,0,0.07,651000,"0, 5, 1, 1, 9, 6, 6, 6, 5, 6, 6, 5",2026-08-16 06:49:58,"Sitelinks, Reviews, Video, People also ask","informational, navigational",Organic
xmeye.net,88,88,40,79,0,https://www.enster.com/XMEYE-IP-Camera-Version-Information,0,0,0,0.07,651000,"0, 5, 1, 1, 9, 6, 6, 6, 5, 6, 6, 5",2026-08-16 06:49:58,"Sitelinks, Reviews, Video, People also ask","informational, navigational",Organic
xmeye,3,3,880,57,1.73,https://www.enster.com/xmeye-nvr-version-Information,0,0,0,0.05,103,"8, 10, 8, 10, 10, 10, 10, 10, 8, 7, 7, 5",2026-08-07 22:35:08,"Sitelinks, Reviews, Video, People also ask, Related searches, Things to know, AI overview",informational,Things to know
xmeye,3,3,880,57,1.73,https://www.enster.com/DVR-NVR-Auto-Upgrade-Problem,0,0,0,0.05,103,"8, 10, 8, 10, 10, 10, 10, 10, 8, 7, 7, 5",2026-08-07 22:35:08,"Sitelinks, Reviews, Video, People also ask, Related searches, Things to know, AI overview",informational,Things to know
imx568,25,25,50,5,2.34,https://www.enster.com/Global-Shutter-Camera,0,0,0,0.35,121,"100, 64, 11, 11, 11, 17, 11, 11, 11, 11, 64, 82",2026-07-29 17:12:49,"Video, Image, People also ask, Related searches, AI overview",informational,Organic
inside wireless,33,33,70,12,0,https://www.enster.com/indoor-wireless-camera,0,0,0,0.09,199,"7, 7, 7, 7, 34, 34, 34, 53, 26, 34, 19, 19",2026-08-17 19:58:23,"Sitelinks, Reviews, Video, Video Carousel, People also ask, Related searches, AI overview",navigational,Organic
healthcare smart cameras,65,65,50,18,0,https://www.enster.com/a-news-the-role-of-wireless-ip-cameras-in-healthcare-facility-monitoring,0,0,0,0.33,193,"22, 44, 77, 77, 77, 100, 77, 77, 55, 33, 33, 33",2026-07-06 05:28:30,"Sitelinks, Reviews, Video, Video Carousel, People also ask, Popular products, Related searches, AI overview","commercial, informational",Organic
kit wireless camera,13,13,70,22,3.42,https://www.enster.com/wireless-camera-kit,0,0,0,1,281,"100, 18, 18, 18, 18, 100, 18, 18, 100, 100, 100, 18",2026-08-09 06:01:33,"Sitelinks, Reviews, Video, Video Carousel, Popular products, Related searches, Discussions and forums",commercial,Organic
kit wireless camera,35,35,70,22,3.42,https://www.enster.com/cctv-kit,0,0,0,1,281,"100, 18, 18, 18, 18, 100, 18, 18, 100, 100, 100, 18",2026-08-09 06:01:33,"Sitelinks, Reviews, Video, Video Carousel, Popular products, Related searches, Discussions and forums",commercial,Organic
speed dome wireless ip camera,4,4,40,0,0,https://www.enster.com/wireless-ptz-camera,0,0,0,0,186,"100, 100, 28, 64, 50, 0, 0, 0, 0, 0, 7, 0",2026-06-30 19:02:17,"Sitelinks, Video, Video Carousel, People also ask, Popular products, Related searches",commercial,Organic
poe ptz starlight,18,18,50,5,0,https://www.enster.com/10x-zoom-mini-ptz-camera,0,0,0,0.33,173,"18, 63, 81, 100, 100, 18, 18, 18, 18, 18, 18, 18",2026-07-13 01:49:55,"Sitelinks, Video, Video Carousel, Popular products, Related searches, AI overview",commercial,Organic
xmeye login,24,24,90,44,0,https://www.enster.com/xmeye-download,0,0,0,0.33,92,"23, 17, 28, 17, 23, 17, 17, 28, 23, 23, 28, 23",2026-07-21 07:05:07,"Sitelinks, Reviews, Video, People also ask, Related searches, AI overview","navigational, transactional",Organic
xmeye camera set,14,14,40,25,0,https://www.enster.com/xmeye-download,0,0,0,0.33,158,"29, 41, 41, 64, 100, 17, 0, 0, 0, 0, 5, 0",2026-07-13 07:46:32,"Sitelinks, Reviews, Video, Video Carousel, People also ask, Popular products, Related searches, AI overview",transactional,Organic
nvr 4 camera kit outdoor,19,19,50,4,0,https://www.enster.com/cctv-kit,0,0,0,0.33,193,"35, 35, 50, 78, 100, 21, 14, 14, 14, 14, 14, 14",2026-07-13 00:49:44,"Sitelinks, Reviews, Video, Video Carousel, Popular products, Related searches",commercial,Organic
nvr 4 camera kit outdoor,20,20,50,4,0,https://www.enster.com/cctv-kit,0,0,0,0.33,193,"35, 35, 50, 78, 100, 21, 14, 14, 14, 14, 14, 14",2026-07-13 00:49:44,"Sitelinks, Reviews, Video, Video Carousel, Popular products, Related searches",commercial,Organic
nvr 4 camera kit outdoor,46,46,50,4,0,https://www.enster.com/wireless-camera-kit,0,0,0,0.33,193,"35, 35, 50, 78, 100, 21, 14, 14, 14, 14, 14, 14",2026-07-13 00:49:44,"Sitelinks, Reviews, Video, Video Carousel, Popular products, Related searches",commercial,Organic
32 port network switch,2,2,70,10,1.39,https://www.enster.com/poe-switch/32-Port-PoE-Switch.html,0,0,0,1,195,"78, 50, 50, 50, 50, 50, 50, 35, 50, 50, 64, 100",2026-07-10 09:49:08,"Image pack, Sitelinks, Video, People also ask, Popular products, Related searches, AI overview","commercial, informational",Image pack
wireless cctv camera kit,7,7,70,32,3.42,https://www.enster.com/products-detail-466393,0,0,0,0.99,309,"100, 18, 18, 18, 18, 100, 18, 18, 100, 100, 100, 18",2026-08-09 06:03:07,"Image pack, Sitelinks, Video, Video Carousel, People also ask, Popular products, Related searches",commercial,Image pack
anpr plate,46,46,2900,22,2.38,https://www.enster.com/a-news-the-evolution-of-anpr-license-plate-camera-technology-from-basic-to-advanced-features,0,0,0,0.15,205,"0, 0, 0, 2, 3, 2, 2, 3, 10, 3, 44, 100",2026-08-17 05:40:00,"Image pack, Sitelinks, Reviews, Video, People also ask, Related searches, AI overview",informational,Organic
anpr plate,59,59,2900,22,2.38,https://www.enster.com/a-news-the-evolution-of-anpr-license-plate-camera-technology-from-basic-to-advanced-features,0,0,0,0.15,205,"0, 0, 0, 2, 3, 2, 2, 3, 10, 3, 44, 100",2026-08-17 05:40:00,"Image pack, Sitelinks, Reviews, Video, People also ask, Related searches, AI overview",informational,Organic
fisheye ip camera outdoor 180,25,25,50,3,0,https://www.enster.com/fisheye-panoramic-lens-ip-camera,0,0,0,0.33,159,"35, 35, 50, 78, 100, 28, 14, 14, 14, 14, 14, 14",2026-07-12 19:57:33,"Sitelinks, Video, Popular products, Related searches",commercial,Organic
ip camera 1080p nvr kit,15,15,50,20,0,https://www.enster.com/cctv-kit,0,0,0,0,192,"14, 100, 14, 52, 52, 9, 9, 9, 9, 9, 9, 0",2026-07-12 22:04:19,"Sitelinks, Video, People also ask, Popular products, Related searches",commercial,Organic
ip camera 1080p nvr kit,38,38,50,20,0,https://www.enster.com/wireless-camera-kit,0,0,0,0,192,"14, 100, 14, 52, 52, 9, 9, 9, 9, 9, 9, 0",2026-07-12 22:04:19,"Sitelinks, Video, People also ask, Popular products, Related searches",commercial,Organic
module camera wifi with wire,19,19,40,18,0,https://www.enster.com/wifi-camera-module,0,0,0,0,188,"36, 36, 18, 100, 100, 18, 18, 18, 18, 18, 18, 0",2026-07-07 16:18:54,"Sitelinks, Reviews, Video, Video Carousel, People also ask, Popular products, Related searches",commercial,Organic
hd nvr kit 4 cameras,20,20,30,16,1.42,https://www.enster.com/cctv-kit,0,0,0,0.98,274,"18, 100, 18, 18, 18, 18, 18, 18, 18, 18, 18, 18",2026-07-30 20:52:36,"Image pack, Sitelinks, Reviews, Video, Image, People also ask, Popular products, Related searches, AI overview","commercial, informational",Organic
turret camera manufacturer,54,54,40,5,0,https://www.enster.com/,0,0,0,0,4830000,"44, 77, 100, 33, 22, 22, 22, 22",2026-08-06 23:49:56,"Sitelinks, Reviews, Video, Video Carousel, People also ask, Popular products, Related searches, AI overview","commercial, informational",Organic
cam full ip66,21,21,50,10,0,https://www.enster.com/starlight-ip-camera/full-color-night-vision-bullet-ip-camera-wpyiij.html,0,0,0,0.33,16500000,"35, 50, 50, 100, 100, 28, 14, 14, 14, 14, 14, 14",2026-07-12 16:48:23,"Sitelinks, Reviews, Video, Popular products, Related searches, AI overview","commercial, informational",Organic
solar security camera la porte,55,55,40,16,0,https://www.enster.com/solar-camera,0,0,0,0,1510000,"40, 100, 100",2026-08-17 13:04:39,"Sitelinks, Reviews, Video, People also ask, Related searches, AI overview","commercial, informational",Organic
nvr with poe switch,3,3,50,3,1.06,https://www.enster.com/poe-nvr/16-Channel-POE-NVR.html,0,0,0,0.99,267,"22, 33, 55, 44, 77, 55, 22, 22, 77, 77, 55, 55",2026-08-07 03:03:23,"Image pack, Sitelinks, Video, Image, Video Carousel, People also ask, Popular products, Related searches, Discussions and forums, AI overview",commercial,Image pack
solar powered security camera with sim card,34,34,40,24,1.16,https://www.enster.com/4g-solar-camera,0,0,0,1,193,"7, 7, 11, 11, 7, 7, 34, 19, 34, 11, 11, 7",2026-07-17 19:51:55,"Sitelinks, Reviews, Video, Video Carousel, People also ask, Popular products, Related searches, Discussions and forums, AI overview","commercial, informational",Organic
180 degree cameras,45,45,90,20,1.65,https://www.enster.com/4k-dual-lens-panoramic-camera-with-a-180-degree-visible-viewing-angle,0,0,0,1,190,"23, 23, 100, 52, 42, 42, 33, 42, 42, 33, 42, 52",2026-07-20 13:00:31,"Sitelinks, Reviews, Video, Image, Video Carousel, People also ask, Popular products, Related searches, Discussions and forums, AI overview","commercial, informational",Organic
ethernet switch outdoor,40,40,90,7,0.87,https://www.enster.com/outdoor-poe-switch,0,0,0,1,200,"23, 33, 42, 66, 66, 100, 23, 23, 33, 33, 33, 66",2026-06-30 21:21:54,"Image pack, Sitelinks, Video, Image, Video Carousel, People also ask, Popular products, Related searches, Discussions and forums, AI overview",commercial,Organic
set up ip camera,18,18,170,16,3.46,https://www.enster.com/a-news-wireless-ip-camera-installation-tips-for-seamless-setup,0,0,0,0.18,161,"1, 1, 1, 2, 2, 0, 0, 100, 4, 3, 0, 4",2026-07-11 16:12:13,"Image pack, Sitelinks, Video, Video Carousel, People also ask, Related searches, AI overview",informational,Organic
does cctv camera have audio,62,62,110,12,5.86,https://www.enster.com/cctv-audio-device/,0,0,0,0.14,169,"65, 100, 3, 34, 0, 65, 3, 6, 9, 65, 0, 28",2026-07-30 20:55:15,"Sitelinks, Reviews, Video, Video Carousel, People also ask, Related searches, Discussions and forums, AI overview",informational,Organic
camera solar 4g ip,17,17,50,21,0.2,https://www.enster.com/solar-camera,0,0,0,1,141,"7, 26, 42, 65, 100, 19, 0, 0, 0, 0, 3, 0",2026-07-12 08:07:50,"Sitelinks, Video, Image, Popular products, Related searches",commercial,Organic
cámaras de seguridad con sim card,28,28,40,18,0.22,https://www.enster.com/es/4g-camera,0,0,0,1,183,"11, 41, 11, 11, 11, 11, 41, 100, 23, 11, 0, 0",2026-07-16 09:52:41,"Sitelinks, Video, People also ask, Popular products, Related searches, Short videos, AI overview",commercial,Organic
cámaras de seguridad con sim card,29,29,40,18,0.22,https://www.enster.com/es/4g-camera,0,0,0,1,183,"11, 41, 11, 11, 11, 11, 41, 100, 23, 11, 0, 0",2026-07-16 09:52:41,"Sitelinks, Video, People also ask, Popular products, Related searches, Short videos, AI overview",commercial,Organic
camera network installation,25,25,50,35,0,https://www.enster.com/a-news-wireless-ip-camera-installation-tips-for-seamless-setup,0,0,0,0,160,"64, 0, 82, 11, 100, 64, 11, 0, 11, 0, 0, 0",2026-07-06 02:02:58,"Local pack, Sitelinks, Video, Video Carousel, People also ask, Related searches, AI overview",informational,Organic
network video recording,23,23,110,17,1.95,https://www.enster.com/a-news-setting-up-a-network-video-recorder-a-step-by-step-guide,0,0,0,0.86,193,"0, 100, 21, 43, 28, 81, 21, 6, 28, 15, 28, 12",2026-07-22 19:43:45,"Sitelinks, Reviews, Video, Video Carousel, People also ask, Popular products, Related searches, AI overview",informational,Organic
instv 384,35,35,40,,0,https://www.enster.com/onvif-4g-camera.html,0,0,0,0,35600,"14, 100, 64, 14, 14, 14, 14, 50, 14, 14, 14, 0",2026-07-15 10:21:21,People also ask,commercial,Organic
instv 384,58,58,40,,0,https://www.enster.com/Solar-RTSP-WIFI-Camera,0,0,0,0,35600,"14, 100, 64, 14, 14, 14, 14, 50, 14, 14, 14, 0",2026-07-15 10:21:21,People also ask,commercial,Organic
poe nvr,6,6,720,19,1.63,https://www.enster.com/poe-nvr/16-Channel-POE-NVR.html,0,0,0,0.95,187,"30, 30, 24, 24, 24, 30, 45, 36, 55, 100, 62, 45",2026-06-27 18:34:59,"Image pack, Sitelinks, Reviews, Video, Video Carousel, People also ask, Popular products, Related searches, Discussions and forums, AI overview","commercial, informational",Image pack
camera ip 1080p p2p ptz,9,9,40,15,0,https://www.enster.com/wireless-ptz-camera,0,0,0,0.33,693000,"100, 18, 18, 18, 100, 18, 18, 18, 18, 18, 18, 18",2026-07-15 17:41:40,"Sitelinks, Video, People also ask, Popular products, Related searches",informational,Organic
h265 hevc,86,86,140,33,0,https://www.enster.com/ja/industry-news21453695d5c56903b6724d1b/What-is-HEVC--H265.html,0,0,0,0.01,125,"42, 65, 53, 53, 53, 53, 53, 42, 53, 53, 53, 53",2026-08-13 12:38:43,"Sitelinks, Reviews, Video, People also ask, Related searches, Things to know, Discussions and forums, AI overview",informational,Organic
h265 hevc,88,88,140,33,0,https://www.enster.com/ja/industry-news21453695d5c56903b6724d1b/What-is-HEVC--H265.html,0,0,0,0.01,125,"42, 65, 53, 53, 53, 53, 53, 42, 53, 53, 53, 53",2026-08-13 12:38:43,"Sitelinks, Reviews, Video, People also ask, Related searches, Things to know, Discussions and forums, AI overview",informational,Organic
camera modules xmeye,7,7,50,18,0,https://www.enster.com/xmeye-download,0,0,0,0,44600,"50, 35, 64, 100, 100, 28, 0, 0, 7, 0, 7, 0",2026-07-12 16:48:25,"Sitelinks, Reviews, Video, Video Carousel, Popular products, Related searches",commercial,Organic
camera 6.0,5,5,140,19,0,https://www.enster.com/products-detail-3378216,0,0,0,0.1,180,"53, 53, 26, 26, 7, 53, 65, 100, 65, 42, 65, 53",2026-07-27 20:51:59,"Image pack, Sitelinks, Video, Image, Video Carousel, Popular products",commercial,Image pack
mini router wifi,6,6,90,23,1.28,https://www.enster.com/poe-switch/mini-wifi-router.html,0,0,0,1,257,"34, 3, 34, 12, 15, 0, 21, 28, 0, 81, 65, 28",2026-07-31 14:42:14,"Image pack, Sitelinks, Video, Video Carousel, People also ask, Popular products, Related searches",commercial,Image pack
camera ip night vision,26,26,40,19,1.64,https://www.enster.com/stealth-ip-camera,0,0,0,0.98,176,"100, 18, 18, 18, 18, 18, 18, 18, 18, 18, 100, 18",2026-07-04 23:10:40,"Sitelinks, Video, Video Carousel, People also ask, Popular products, Related searches, AI overview","commercial, informational",Organic
camera nvr set,33,33,50,16,0,https://www.enster.com/cctv-kit,0,0,0,0,186,"0, 78, 35, 78, 100, 14, 14, 14, 14, 14, 14, 0",2026-06-29 19:40:50,"Sitelinks, Reviews, Video, Video Carousel, People also ask, Popular products, Related searches",commercial,Organic
cameras in healthcare facilities,70,70,90,17,0,https://www.enster.com/a-news-the-role-of-wireless-ip-cameras-in-healthcare-facility-monitoring,0,0,0,0.33,125,"64, 100, 100, 78, 78, 100, 50, 35, 50, 21, 28, 28",2026-08-17 21:48:40,"Reviews, Video, People also ask, Related searches, AI overview",informational,Organic
hdmi dvr,3,3,70,13,0.24,https://www.enster.com/4ch-8ch-6-in-1-dvr/4ch-1080p-xvr-dvr-6304mh.html,0,0,0,0.61,216,"19, 15, 15, 15, 65, 26, 34, 26, 26, 34, 15, 11",2026-06-27 13:59:04,"Image pack, Sitelinks, Video, Video Carousel, People also ask, Popular products, Related searches, AI overview",commercial,Image pack
small router wifi,4,4,50,32,1.3,https://www.enster.com/poe-switch/mini-wifi-router.html,0,0,0,1,217,"0, 0, 78, 21, 0, 50, 0, 0, 50, 64, 50, 100",2026-08-12 14:12:30,"Image pack, Sitelinks, Reviews, Video, People also ask, Popular products, Related searches",commercial,Image pack
anpr camera,39,39,720,23,4.02,https://www.enster.com/a-news-anpr-license-plate-cameras-and-traffic-monitoring-improving-accuracy-and-reducing-costs,0,0,0,0.22,201,"13, 16, 10, 13, 100, 13, 16, 16, 10, 10, 10, 10",2026-06-29 03:04:05,"Sitelinks, Reviews, Video, People also ask, Popular products, Related searches, Things to know, AI overview","commercial, informational",Organic
camera de vigilancia 12mp,11,11,40,7,0,https://www.enster.com/es/12mp-ip-camera,0,0,0,0.33,195,"23, 33, 23, 52, 52, 14, 0, 0, 0, 0, 0, 0",2026-07-10 02:59:11,"Sitelinks, Video, Video Carousel, People also ask, Popular products, Related searches",commercial,Organic
is hevc the same as h 265,45,45,40,17,0,https://www.enster.com/industry-news21453695d5c56903b6724d1b/What-is-HEVC--H265.html,0,0,0,0.33,133,"18, 18, 18, 18, 100, 45, 63, 18, 18, 18, 63, 18",2026-07-06 15:53:18,"Sitelinks, Reviews, Video, Video Carousel, People also ask, Related searches, Discussions and forums, AI overview",informational,Organic
is hevc the same as h 265,68,68,40,17,0,https://www.enster.com/industry-news21453695d5c56903b6724d1b/What-is-HEVC--H265.html,0,0,0,0.33,133,"18, 18, 18, 18, 100, 45, 63, 18, 18, 18, 63, 18",2026-07-06 15:53:18,"Sitelinks, Reviews, Video, Video Carousel, People also ask, Related searches, Discussions and forums, AI overview",informational,Organic
ip camera supplier,54,54,30,64,4.15,https://www.enster.com/video/a-products-custom-ip-ptz-camera-company-manufacturer-enster,0,0,0,0.66,198,"28, 28, 28, 57, 100, 71, 42, 28, 28, 28, 28, 28",2026-08-07 01:48:16,"Local pack, Sitelinks, Video, People also ask, Related searches",commercial,Organic
solar outdoor camera 4g,25,25,50,21,0,https://www.enster.com/4g-solar-camera,0,0,0,1,180,"45, 63, 81, 100, 100, 36, 18, 18, 18, 18, 18, 18",2026-07-01 02:42:21,"Sitelinks, Video, Video Carousel, People also ask, Popular products, Related searches, Discussions and forums",commercial,Organic
abv-263 ipcam,40,40,390,7,0,https://www.enster.com/products-detail-3377998,0,0,0,0,930,"100, 0, 0, 0, 0",2026-06-29 03:16:49,"Sitelinks, People also ask",informational,Organic
abv-263 ipcam,56,56,390,7,0,https://www.enster.com/products-detail-3377998,0,0,0,0,930,"100, 0, 0, 0, 0",2026-06-29 03:16:49,"Sitelinks, People also ask",informational,Organic
wireless ptz ip camera,10,10,90,7,0,https://www.enster.com/wireless-ptz-camera,0,0,0,0.57,189,"52, 52, 52, 52, 52, 42, 33, 33, 42, 33, 52, 52",2026-07-27 20:54:45,"Sitelinks, Reviews, Video, Video Carousel, People also ask, Popular products, Related searches, Discussions and forums, AI overview",commercial,Organic
ip 5ghz camera,26,26,50,14,0,https://www.enster.com/a-news-wireless-ip-camera-connectivity-exploring-wi-fi-options,0,0,0,0.33,186,"43, 23, 100, 23, 0, 0, 0, 0, 0, 0, 0, 0",2026-06-30 02:09:51,"Sitelinks, Reviews, Video, People also ask, Popular products, Related searches, Discussions and forums",commercial,Organic
xmeye barcode,23,23,90,26,0,https://www.enster.com/xmeye-download,0,0,0,0.33,93,"26, 34, 26, 19, 26, 26, 42, 53, 100, 34, 19, 26",2026-06-24 21:59:29,"Sitelinks, Reviews, Video, Video Carousel, People also ask, Related searches, AI overview",informational,Organic
tuya wifi battery solar camera,17,17,390,0,0,https://www.enster.com/products-detail-775744,0,0,0,0,164,"100, 0, 0, 0, 0, 0, 0",2026-07-11 14:38:19,"Sitelinks, Video Carousel, People also ask, Popular products, Related searches",commercial,Organic
4g ip camera outdoor solar,19,19,40,19,0,https://www.enster.com/solar-camera,0,0,0,0.33,185,"35, 64, 50, 100, 78, 14, 0, 0, 0, 0, 0, 0",2026-07-12 13:59:42,"Sitelinks, Video, Video Carousel, Popular products, Related searches",commercial,Organic
4g ip camera outdoor solar,36,36,40,19,0,https://www.enster.com/4g-solar-camera,0,0,0,0.33,185,"35, 64, 50, 100, 78, 14, 0, 0, 0, 0, 0, 0",2026-07-12 13:59:42,"Sitelinks, Video, Video Carousel, Popular products, Related searches",commercial,Organic
camera 32pcs poe,8,8,50,7,0,https://www.enster.com/poe-camera-kit,0,0,0,0.33,12600,"14, 78, 100, 100, 78, 14, 14, 14, 14, 14, 14, 14",2026-06-30 01:55:38,"Sitelinks, Video, Popular products, Ads middle, AI overview",commercial,Organic
camera 32pcs poe,20,20,50,7,0,https://www.enster.com/32ch-4k-ip-cctv-system,0,0,0,0.33,12600,"14, 78, 100, 100, 78, 14, 14, 14, 14, 14, 14, 14",2026-06-30 01:55:38,"Sitelinks, Video, Popular products, Ads middle, AI overview",commercial,Organic
ip 3x camera zoom,34,34,40,22,0,https://www.enster.com/zoom-camera,0,0,0,0,6180000,"11, 100, 11, 11, 82, 17, 11, 11, 11, 11, 11, 0",2026-07-06 15:07:00,"Reviews, Video, People also ask, Popular products, Related searches, Discussions and forums",commercial,Organic
ip 3x camera zoom,41,41,40,22,0,https://www.enster.com/Motorized-Lens-IP-Camera,0,0,0,0,6180000,"11, 100, 11, 11, 82, 17, 11, 11, 11, 11, 11, 0",2026-07-06 15:07:00,"Reviews, Video, People also ask, Popular products, Related searches, Discussions and forums",commercial,Organic
ip 3x camera zoom,71,71,40,22,0,https://www.enster.com/zoom-camera,0,0,0,0,6180000,"11, 100, 11, 11, 82, 17, 11, 11, 11, 11, 11, 0",2026-07-06 15:07:00,"Reviews, Video, People also ask, Popular products, Related searches, Discussions and forums",commercial,Organic
poseidon ocean systems underwater camera aquaculture,89,89,110,7,0,https://www.enster.com/5mp-316-stainless-steel-seawater-aquaculture-underwater-camera.html,0,0,0,0,11600,"4, 100, 66, 23",2026-08-14 09:46:09,"Reviews, Video, Related searches, AI overview",informational,Organic
poseidon ocean systems underwater camera aquaculture,91,91,110,7,0,https://www.enster.com/5mp-316-stainless-steel-seawater-aquaculture-underwater-camera.html,0,0,0,0,11600,"4, 100, 66, 23",2026-08-14 09:46:09,"Reviews, Video, Related searches, AI overview",informational,Organic
xmeye pro for pc,23,23,90,54,0,https://www.enster.com/xmeye-download,0,0,0,0.03,109,"6, 6, 10, 8, 8, 10, 14, 100, 14, 14, 4, 14",2026-07-26 02:25:19,"Reviews, Video, Video Carousel, People also ask, Related searches, AI overview","informational, transactional",Organic
cctv dvr 8 channel,8,8,40,5,1.64,https://www.enster.com/4ch-8ch-6-in-1-dvr/8ch-1080p-hd-xvr-dvr-6308mh.html,0,0,0,1,183,"18, 18, 18, 18, 81, 63, 81, 18, 36, 27, 18, 45",2026-07-13 13:11:23,"Image pack, Sitelinks, Video, Video Carousel, People also ask, Popular products, Related searches",commercial,Image pack
cámara wifi 5mb,18,18,40,21,0,https://www.enster.com/es/wifi-camera-list-2,0,0,0,0.33,105000,"23, 23, 23, 23, 52, 9, 9, 9, 9, 9, 9, 9",2026-07-12 08:56:37,"Sitelinks, Reviews, Video, People also ask, Popular products",commercial,Organic
edge computing camera,49,49,40,11,0,https://www.enster.com/a-news-the-impact-of-edge-computing-on-the-functionality-of-wireless-ip-cameras,0,0,0,0.37,129,"28, 28, 100, 100, 100, 57, 42, 28, 42, 42, 28, 28",2026-07-14 02:09:13,"Sitelinks, Video, Video Carousel, People also ask, Related searches, AI overview",informational,Organic
solar camera with sim card,35,35,70,23,0.62,https://www.enster.com/4g-solar-camera,0,0,0,1,211,"33, 9, 42, 42, 42, 42, 33, 23, 33, 42, 42, 52",2026-07-23 13:33:15,"Image pack, Sitelinks, Reviews, Video, Image, Video Carousel, People also ask, Popular products, Related searches, Discussions and forums, AI overview",commercial,Organic
what is a network video recorder,30,30,590,23,0.72,https://www.enster.com/a-news-setting-up-a-network-video-recorder-a-step-by-step-guide,0,0,0,0.27,195,"100, 100, 24, 45, 36, 24, 20, 36, 24, 76, 24, 30",2026-08-01 17:15:28,"Sitelinks, Reviews, Video, Video Carousel, People also ask, Related searches, AI overview",informational,Organic
