Keyword,Position,Previous position,Search Volume,Keyword Difficulty,CPC,URL,Traffic,Traffic (%),Traffic Cost,Competition,Number of Results,Trends,Timestamp,SERP Features by Keyword,Keyword Intents,Position Type
eseecloud for pc,2,2,320,14,0,https://www.icseecam.com/what-is-eseecloud/,10,41.66,0,0.01,169,"66, 43, 54, 100, 81, 81, 54, 43, 66, 54, 66, 66",2026-07-01 02:49:15,"Sitelinks, Reviews, Video, Video Carousel, People also ask, Popular products, Related searches, AI overview",informational,People also ask
esee cloud for pc,2,2,210,13,0,https://www.icseecam.com/what-is-eseecloud/,6,25,0,0.01,174,"53, 53, 80, 100, 80, 100, 80, 65, 80, 53, 65, 65",2026-07-17 16:41:54,"Sitelinks, Reviews, Video, Video Carousel, People also ask, Related searches, AI overview",informational,People also ask
icsee login,6,6,70,30,0,https://www.icseecam.com/icsee-login-a-simple-guide-for-new-users/,1,4.16,0,0.33,116,"42, 52, 52, 52, 33, 33, 23, 23, 52, 14, 14, 19",2026-07-02 13:00:47,"Sitelinks, Reviews, Video, Video Carousel, People also ask, Related searches, AI overview","informational, transactional",Organic
top 10 solar panels in world,12,12,210,16,3.75,https://www.icseecam.com/top-10-solar-panels-manufacturers-in-the-world/,1,4.16,3,0.9,17,"53, 43, 66, 66, 82, 66, 66, 28, 23, 28, 28, 28",2026-07-25 18:37:42,"Image pack, Sitelinks, People also ask, Related searches, AI overview",commercial,Organic
eseecloud pc,3,3,90,21,0,https://www.icseecam.com/what-is-eseecloud/,1,4.16,0,0.33,186,"53, 53, 53, 53, 53, 26, 19, 15, 19, 19, 19, 19",2026-07-14 22:48:32,"Sitelinks, Reviews, Video, Video Carousel, People also ask, Related searches, AI overview",informational,People also ask
v380pro camera,5,5,320,43,0.46,https://www.icseecam.com/what-is-v380-and-v380-pro/,1,4.16,0,1,208,"35, 28, 35, 35, 54, 81, 44, 66, 66, 54, 81, 81",2026-07-02 20:51:37,"Image pack, Sitelinks, Reviews, Video, Video Carousel, People also ask, Popular products, Related searches, Short videos, AI overview","commercial, informational",People also ask
blink vs ring,44,44,4400,29,1.54,https://www.icseecam.com/blink-vs-ring-camera-5-key-comparisons/,1,4.16,1,0.53,109,"16, 29, 16, 16, 24, 24, 16, 10, 13, 13, 10, 13",2026-08-17 12:00:54,"Sitelinks, Video, Video Carousel, People also ask, Related searches, AI overview",commercial,Organic
where are ring cameras made,7,7,70,31,0,https://www.icseecam.com/where-are-ring-cameras-manufactured%EF%BC%9F/,1,4.16,0,0.33,0,"66, 33, 66, 33, 42, 42, 33, 33, 23, 23, 33, 33",2026-07-22 15:23:21,"Sitelinks, Video, Related searches, AI overview",informational,Organic
camhipro,10,10,390,32,0.32,https://www.icseecam.com/what-is-camhipro/,1,4.16,0,0.24,106,"16, 13, 20, 10, 13, 13, 24, 13, 16, 16, 20, 24",2026-07-20 08:36:04,"Sitelinks, Reviews, Video, People also ask, Related searches, Things to know, AI overview",informational,Organic
eseecloud,47,47,4400,39,1.35,https://www.icseecam.com/what-is-eseecloud/,1,4.16,1,0.19,126,"10, 13, 13, 10, 13, 13, 13, 13, 13, 10, 13, 10",2026-08-17 20:26:52,"Sitelinks, Reviews, Video, People also ask, Related searches, AI overview",informational,Organic
how to stop blink camera from fogging up,55,55,40,14,0,https://www.icseecam.com/how-to-prevent-fog-on-security-cameras/,0,0,0,0.29,69,"50, 14, 14, 64, 100, 14, 14, 14, 14, 14, 14, 14",2026-08-02 02:44:24,"Sitelinks, Video, Video Carousel, People also ask, Related searches, AI overview",informational,Organic
china ipcam,57,57,50,16,0,https://www.icseecam.com/top-10-cctv-manufacturers-in-china/,0,0,0,0.33,184,"64, 100, 100, 11, 0, 29, 0, 29, 0, 0, 0, 0",2026-06-29 21:03:39,"Sitelinks, Reviews, Video, People also ask, Popular products, Related searches, Discussions and forums, AI overview",commercial,Organic
china ipcam,60,60,50,16,0,https://www.icseecam.com/2025-top-10-ip-camera-manufacturers-in-china/,0,0,0,0.33,184,"64, 100, 100, 11, 0, 29, 0, 29, 0, 0, 0, 0",2026-06-29 21:03:39,"Sitelinks, Reviews, Video, People also ask, Popular products, Related searches, Discussions and forums, AI overview",commercial,Organic
best solar cameras,45,45,210,29,1.12,https://www.icseecam.com/whats-the-best-solar-security-cameras/,0,0,0,1,158,"29, 29, 43, 35, 29, 35, 35, 35, 100, 35, 35, 43",2026-07-08 09:59:55,"Sitelinks, Reviews, Video, Image, Ads bottom, Video Carousel, Popular products, Related searches, Ads middle, AI overview",commercial,Organic
manufacturing baby monitor,55,55,40,48,0,https://www.icseecam.com/best-wifi-baby-monitor-manufacturers-in-usa/,0,0,0,0,187,"0, 80, 100, 100, 80, 100, 60",2026-07-17 20:52:54,"Sitelinks, Reviews, Video, People also ask, Popular products, Related searches",commercial,Organic
best security cameras that don t require a subscription,72,72,30,16,1.64,https://www.icseecam.com/best-home-security-camera-without-subscription/,0,0,0,1,116,"0, 0, 100, 18, 18, 0, 100, 9, 18, 0, 0, 0",2026-07-29 21:00:33,"Sitelinks, Reviews, Video, People also ask, Popular products, Related searches, Discussions and forums, AI overview",commercial,Organic
security camera lifespan,67,67,50,15,0,https://www.icseecam.com/how-long-do-solar-powered-security-cameras-last/,0,0,0,0.33,170,"7, 100, 26, 7, 7, 7, 7, 7, 7, 7, 7, 7",2026-08-12 05:24:46,"Sitelinks, Reviews, Video, People also ask, Related searches, Discussions and forums, AI overview",informational,Organic
can surveillance cameras have audio,65,65,170,18,5.86,https://www.icseecam.com/is-recording-audio-on-security-camera-illegal/,0,0,0,0.14,179,"53, 53, 53, 80, 65, 80, 53, 53, 65, 42, 100, 80",2026-07-17 18:54:35,"Sitelinks, Reviews, Video, Video Carousel, People also ask, Related searches, AI overview",informational,Organic
school security camera,77,77,50,13,0,https://www.icseecam.com/school-security-cameras-trusted-brands-reviewed/,0,0,0,0,181,"18, 27, 63, 63, 18, 100, 81, 45, 63, 18, 36, 63",2026-07-08 03:02:05,"Image pack, Sitelinks, Reviews, Video, People also ask, Popular products, Related searches, AI overview","commercial, informational",Organic
school security camera,80,80,50,13,0,https://www.icseecam.com/school-security-cameras-trusted-brands-reviewed/,0,0,0,0,181,"18, 27, 63, 63, 18, 100, 81, 45, 63, 18, 36, 63",2026-07-08 03:02:05,"Image pack, Sitelinks, Reviews, Video, People also ask, Popular products, Related searches, AI overview","commercial, informational",Organic
what's better blink or ring,62,62,90,28,2.37,https://www.icseecam.com/fr/blink-vs-ring-camera-5-key-comparisons/,0,0,0,1,97,"34, 28, 43, 21, 28, 34, 43, 21, 15, 15, 12, 12",2026-07-26 23:27:44,"Sitelinks, Video, Video Carousel, People also ask, Related searches, Short videos, AI overview",informational,Organic
what's better blink or ring,71,71,90,28,2.37,https://www.icseecam.com/de/blink-vs-ring-camera-5-key-comparisons/,0,0,0,1,97,"34, 28, 43, 21, 28, 34, 43, 21, 15, 15, 12, 12",2026-07-26 23:27:44,"Sitelinks, Video, Video Carousel, People also ask, Related searches, Short videos, AI overview",informational,Organic
security cameras free,54,54,30,32,5.34,https://www.icseecam.com/top-subscription-free-security-cameras/,0,0,0,0.7,179,"8, 0, 14, 14, 6, 6, 6, 6, 10, 4, 6, 4",2026-07-13 09:15:55,"Sitelinks, Reviews, Video, Video Carousel, People also ask, Related searches, AI overview",commercial,Organic
icsee login,9,9,70,30,0,https://www.icseecam.com/icsee-login-a-simple-guide-for-new-users/,0,0,0,0.33,116,"42, 52, 52, 52, 33, 33, 23, 23, 52, 14, 14, 19",2026-07-02 13:00:47,"Sitelinks, Reviews, Video, Video Carousel, People also ask, Related searches, AI overview","informational, transactional",Organic
icsee login,27,27,70,30,0,https://www.icseecam.com/es/icsee-login-a-simple-guide-for-new-users/,0,0,0,0.33,116,"42, 52, 52, 52, 33, 33, 23, 23, 52, 14, 14, 19",2026-07-02 13:00:47,"Sitelinks, Reviews, Video, Video Carousel, People also ask, Related searches, AI overview","informational, transactional",Organic
icsee login,33,33,70,30,0,https://www.icseecam.com/download/,0,0,0,0.33,116,"42, 52, 52, 52, 33, 33, 23, 23, 52, 14, 14, 19",2026-07-02 13:00:47,"Sitelinks, Reviews, Video, Video Carousel, People also ask, Related searches, AI overview","informational, transactional",Organic
icsee login,37,37,70,30,0,https://www.icseecam.com/download/,0,0,0,0.33,116,"42, 52, 52, 52, 33, 33, 23, 23, 52, 14, 14, 19",2026-07-02 13:00:47,"Sitelinks, Reviews, Video, Video Carousel, People also ask, Related searches, AI overview","informational, transactional",Organic
icsee login,43,43,70,30,0,https://www.icseecam.com/pt/icsee-login-a-simple-guide-for-new-users/,0,0,0,0.33,116,"42, 52, 52, 52, 33, 33, 23, 23, 52, 14, 14, 19",2026-07-02 13:00:47,"Sitelinks, Reviews, Video, Video Carousel, People also ask, Related searches, AI overview","informational, transactional",Organic
icsee login,50,50,70,30,0,https://www.icseecam.com/fr/icsee-login-a-simple-guide-for-new-users/,0,0,0,0.33,116,"42, 52, 52, 52, 33, 33, 23, 23, 52, 14, 14, 19",2026-07-02 13:00:47,"Sitelinks, Reviews, Video, Video Carousel, People also ask, Related searches, AI overview","informational, transactional",Organic
icsee login,52,52,70,30,0,https://www.icseecam.com/the-ultimate-guide-to-icsee-everything-you-need-to-know/,0,0,0,0.33,116,"42, 52, 52, 52, 33, 33, 23, 23, 52, 14, 14, 19",2026-07-02 13:00:47,"Sitelinks, Reviews, Video, Video Carousel, People also ask, Related searches, AI overview","informational, transactional",Organic
icsee login,56,56,70,30,0,https://www.icseecam.com/icsee-camera-operation-guide/,0,0,0,0.33,116,"42, 52, 52, 52, 33, 33, 23, 23, 52, 14, 14, 19",2026-07-02 13:00:47,"Sitelinks, Reviews, Video, Video Carousel, People also ask, Related searches, AI overview","informational, transactional",Organic
icsee login,58,58,70,30,0,https://icseecam.com/la/icsee-login-a-simple-guide-for-new-users/,0,0,0,0.33,116,"42, 52, 52, 52, 33, 33, 23, 23, 52, 14, 14, 19",2026-07-02 13:00:47,"Sitelinks, Reviews, Video, Video Carousel, People also ask, Related searches, AI overview","informational, transactional",Organic
icsee login,61,61,70,30,0,https://www.icseecam.com/de/icsee-login-a-simple-guide-for-new-users/,0,0,0,0.33,116,"42, 52, 52, 52, 33, 33, 23, 23, 52, 14, 14, 19",2026-07-02 13:00:47,"Sitelinks, Reviews, Video, Video Carousel, People also ask, Related searches, AI overview","informational, transactional",Organic
icsee login,65,65,70,30,0,https://www.icseecam.com/,0,0,0,0.33,116,"42, 52, 52, 52, 33, 33, 23, 23, 52, 14, 14, 19",2026-07-02 13:00:47,"Sitelinks, Reviews, Video, Video Carousel, People also ask, Related searches, AI overview","informational, transactional",Organic
icsee login,68,68,70,30,0,https://www.icseecam.com/mt/icsee-login-a-simple-guide-for-new-users/,0,0,0,0.33,116,"42, 52, 52, 52, 33, 33, 23, 23, 52, 14, 14, 19",2026-07-02 13:00:47,"Sitelinks, Reviews, Video, Video Carousel, People also ask, Related searches, AI overview","informational, transactional",Organic
icsee login,71,71,70,30,0,https://www.icseecam.com/,0,0,0,0.33,116,"42, 52, 52, 52, 33, 33, 23, 23, 52, 14, 14, 19",2026-07-02 13:00:47,"Sitelinks, Reviews, Video, Video Carousel, People also ask, Related searches, AI overview","informational, transactional",Organic
icsee login,72,72,70,30,0,https://www.icseecam.com/ru/icsee-login-a-simple-guide-for-new-users/,0,0,0,0.33,116,"42, 52, 52, 52, 33, 33, 23, 23, 52, 14, 14, 19",2026-07-02 13:00:47,"Sitelinks, Reviews, Video, Video Carousel, People also ask, Related searches, AI overview","informational, transactional",Organic
icsee login,73,73,70,30,0,https://icseecam.com/it/icsee-login-a-simple-guide-for-new-users/,0,0,0,0.33,116,"42, 52, 52, 52, 33, 33, 23, 23, 52, 14, 14, 19",2026-07-02 13:00:47,"Sitelinks, Reviews, Video, Video Carousel, People also ask, Related searches, AI overview","informational, transactional",Organic
icsee login,74,74,70,30,0,https://www.icseecam.com/el/icsee-login-a-simple-guide-for-new-users/,0,0,0,0.33,116,"42, 52, 52, 52, 33, 33, 23, 23, 52, 14, 14, 19",2026-07-02 13:00:47,"Sitelinks, Reviews, Video, Video Carousel, People also ask, Related searches, AI overview","informational, transactional",Organic
icsee login,75,75,70,30,0,https://www.icseecam.com/bg/icsee-login-a-simple-guide-for-new-users/,0,0,0,0.33,116,"42, 52, 52, 52, 33, 33, 23, 23, 52, 14, 14, 19",2026-07-02 13:00:47,"Sitelinks, Reviews, Video, Video Carousel, People also ask, Related searches, AI overview","informational, transactional",Organic
icsee login,76,76,70,30,0,https://www.icseecam.com/co/icsee-login-a-simple-guide-for-new-users/,0,0,0,0.33,116,"42, 52, 52, 52, 33, 33, 23, 23, 52, 14, 14, 19",2026-07-02 13:00:47,"Sitelinks, Reviews, Video, Video Carousel, People also ask, Related searches, AI overview","informational, transactional",Organic
icsee login,77,77,70,30,0,https://www.icseecam.com/bg/icsee-login-a-simple-guide-for-new-users/,0,0,0,0.33,116,"42, 52, 52, 52, 33, 33, 23, 23, 52, 14, 14, 19",2026-07-02 13:00:47,"Sitelinks, Reviews, Video, Video Carousel, People also ask, Related searches, AI overview","informational, transactional",Organic
icsee login,78,78,70,30,0,https://www.icseecam.com/icsee/,0,0,0,0.33,116,"42, 52, 52, 52, 33, 33, 23, 23, 52, 14, 14, 19",2026-07-02 13:00:47,"Sitelinks, Reviews, Video, Video Carousel, People also ask, Related searches, AI overview","informational, transactional",Organic
icsee login,79,79,70,30,0,https://www.icseecam.com/pt/download/,0,0,0,0.33,116,"42, 52, 52, 52, 33, 33, 23, 23, 52, 14, 14, 19",2026-07-02 13:00:47,"Sitelinks, Reviews, Video, Video Carousel, People also ask, Related searches, AI overview","informational, transactional",Organic
icsee login,80,80,70,30,0,https://www.icseecam.com/ja/icsee-login-a-simple-guide-for-new-users/,0,0,0,0.33,116,"42, 52, 52, 52, 33, 33, 23, 23, 52, 14, 14, 19",2026-07-02 13:00:47,"Sitelinks, Reviews, Video, Video Carousel, People also ask, Related searches, AI overview","informational, transactional",Organic
icsee login,81,81,70,30,0,https://www.icseecam.com/es/download/,0,0,0,0.33,116,"42, 52, 52, 52, 33, 33, 23, 23, 52, 14, 14, 19",2026-07-02 13:00:47,"Sitelinks, Reviews, Video, Video Carousel, People also ask, Related searches, AI overview","informational, transactional",Organic
icsee login,82,82,70,30,0,https://icseecam.com/ko/icsee-login-a-simple-guide-for-new-users/,0,0,0,0.33,116,"42, 52, 52, 52, 33, 33, 23, 23, 52, 14, 14, 19",2026-07-02 13:00:47,"Sitelinks, Reviews, Video, Video Carousel, People also ask, Related searches, AI overview","informational, transactional",Organic
icsee login,83,83,70,30,0,https://www.icseecam.com/contact/,0,0,0,0.33,116,"42, 52, 52, 52, 33, 33, 23, 23, 52, 14, 14, 19",2026-07-02 13:00:47,"Sitelinks, Reviews, Video, Video Carousel, People also ask, Related searches, AI overview","informational, transactional",Organic
icsee login,84,84,70,30,0,https://icseecam.com/ar/icsee-login-a-simple-guide-for-new-users/,0,0,0,0.33,116,"42, 52, 52, 52, 33, 33, 23, 23, 52, 14, 14, 19",2026-07-02 13:00:47,"Sitelinks, Reviews, Video, Video Carousel, People also ask, Related searches, AI overview","informational, transactional",Organic
icsee login,85,85,70,30,0,https://www.icseecam.com/zh-TW/icsee-login-a-simple-guide-for-new-users/,0,0,0,0.33,116,"42, 52, 52, 52, 33, 33, 23, 23, 52, 14, 14, 19",2026-07-02 13:00:47,"Sitelinks, Reviews, Video, Video Carousel, People also ask, Related searches, AI overview","informational, transactional",Organic
icsee login,86,86,70,30,0,https://www.icseecam.com/uk/icsee-login-a-simple-guide-for-new-users/,0,0,0,0.33,116,"42, 52, 52, 52, 33, 33, 23, 23, 52, 14, 14, 19",2026-07-02 13:00:47,"Sitelinks, Reviews, Video, Video Carousel, People also ask, Related searches, AI overview","informational, transactional",Organic
video camera companies,65,0,30,57,14.4,https://www.icseecam.com/top-10-cctv-manufacturers-in-the-world/,0,0,0,0.6,198,"11, 11, 11, 11, 11, 17, 11, 11, 11, 29, 41, 41",2026-08-18 12:52:54,"Local pack, Sitelinks, Reviews, Video, People also ask, Popular products, Related searches, AI overview",commercial,Organic
best home security camera without subscription wireless,50,50,260,15,2.19,https://www.icseecam.com/best-home-security-camera-without-subscription/,0,0,0,1,188,"0, 0, 0, 2, 2, 29, 36, 54, 66, 81, 81, 100",2026-08-12 05:13:26,"Sitelinks, Reviews, Video, Ads bottom, People also ask, Popular products, Related searches, Discussions and forums, AI overview",commercial,Organic
best home security camera without subscription wireless,68,68,260,15,2.19,https://www.icseecam.com/best-home-security-camera-without-subscription/,0,0,0,1,188,"0, 0, 0, 2, 2, 29, 36, 54, 66, 81, 81, 100",2026-08-12 05:13:26,"Sitelinks, Reviews, Video, Ads bottom, People also ask, Popular products, Related searches, Discussions and forums, AI overview",commercial,Organic
best home security camera without subscription wireless,69,69,260,15,2.19,https://www.icseecam.com/best-home-security-camera-without-subscription/,0,0,0,1,188,"0, 0, 0, 2, 2, 29, 36, 54, 66, 81, 81, 100",2026-08-12 05:13:26,"Sitelinks, Reviews, Video, Ads bottom, People also ask, Popular products, Related searches, Discussions and forums, AI overview",commercial,Organic
blink or ring camera,41,41,50,21,0.95,https://www.icseecam.com/blink-vs-ring-camera-5-key-comparisons/,0,0,0,1,174,"33, 66, 33, 42, 52, 33, 9, 9, 9, 9, 9, 9",2026-08-18 23:26:34,"Sitelinks, Video, Video Carousel, People also ask, Related searches, Discussions and forums, AI overview","commercial, informational",Organic
long range cctv camera,25,25,210,15,1.46,https://www.icseecam.com/top-5-long-range-security-camera-manufacturers/,0,0,0,1,193,"44, 19, 100, 12, 19, 23, 29, 29, 23, 19, 29, 23",2026-07-06 16:43:31,"Image pack, Sitelinks, Reviews, Video, Image, Video Carousel, Popular products, Related searches, AI overview",commercial,Organic
long range cctv camera,55,55,210,15,1.46,https://www.icseecam.com/top-5-long-range-security-camera-manufacturers/,0,0,0,1,193,"44, 19, 100, 12, 19, 23, 29, 29, 23, 19, 29, 23",2026-07-06 16:43:31,"Image pack, Sitelinks, Reviews, Video, Image, Video Carousel, Popular products, Related searches, AI overview",commercial,Organic
long range cctv camera,58,58,210,15,1.46,https://www.icseecam.com/top-5-long-range-security-camera-manufacturers/,0,0,0,1,193,"44, 19, 100, 12, 19, 23, 29, 29, 23, 19, 29, 23",2026-07-06 16:43:31,"Image pack, Sitelinks, Reviews, Video, Image, Video Carousel, Popular products, Related searches, AI overview",commercial,Organic
do all cameras need wifi,82,82,140,9,1.35,https://www.icseecam.com/do-security-cameras-need-wifi/,0,0,0,0.45,207,"66, 66, 100, 66, 66, 100, 66, 80, 52, 66, 52, 42",2026-07-08 01:06:50,"Sitelinks, Reviews, Video, Ads bottom, People also ask, Related searches, Short videos, Discussions and forums, AI overview","commercial, informational",Organic
us solar panel manufacturers,80,80,260,49,3.42,https://www.icseecam.com/top-10-solar-panel-manufacturers-in-the-usa-2025/,0,0,0,0.44,6030,"36, 10, 16, 13, 16, 13, 24, 6, 20, 8, 10, 30",2026-07-28 00:17:00,"Sitelinks, Video, Video Carousel, People also ask, Related searches, Discussions and forums, AI overview",informational,Organic
eseecloud app,36,36,1900,28,0.89,https://www.icseecam.com/what-is-eseecloud/,0,0,0,0.09,168,"52, 52, 52, 52, 52, 52, 52, 52, 36, 36, 52, 36",2026-07-28 12:04:12,"Reviews, Video, Video Carousel, People also ask, Related searches","informational, navigational",Organic
eseecloud app,50,50,1900,28,0.89,https://www.icseecam.com/eseecloud-app-download/,0,0,0,0.09,168,"52, 52, 52, 52, 52, 52, 52, 52, 36, 36, 52, 36",2026-07-28 12:04:12,"Reviews, Video, Video Carousel, People also ask, Related searches","informational, navigational",Organic
how to make ring camera record 24/7,35,35,50,20,0,https://www.icseecam.com/do-ring-cameras-record-24-7/,0,0,0,0.33,103,"0, 0, 0, 0, 9, 14, 19, 23, 52, 9, 52, 66",2026-08-16 14:34:43,"Sitelinks, Video, Video Carousel, People also ask, Related searches, Discussions and forums, AI overview",informational,Organic
how to make ring camera record 24/7,54,54,50,20,0,https://www.icseecam.com/do-ring-cameras-record-24-7/,0,0,0,0.33,103,"0, 0, 0, 0, 9, 14, 19, 23, 52, 9, 52, 66",2026-08-16 14:34:43,"Sitelinks, Video, Video Carousel, People also ask, Related searches, Discussions and forums, AI overview",informational,Organic
icsee 4k surveillance cameras,28,28,50,30,0,https://www.icseecam.com/icsee/,0,0,0,0.33,151,"11, 64, 11, 64, 100, 17, 11, 11, 11, 11, 11, 11",2026-07-12 21:47:12,"Reviews, Video, Video Carousel, People also ask, Popular products, Related searches",transactional,Organic
icsee 4k surveillance cameras,37,37,50,30,0,https://www.icseecam.com/product/icsee-abq-a8-camera/,0,0,0,0.33,151,"11, 64, 11, 64, 100, 17, 11, 11, 11, 11, 11, 11",2026-07-12 21:47:12,"Reviews, Video, Video Carousel, People also ask, Popular products, Related searches",transactional,Organic
icsee 4k surveillance cameras,42,42,50,30,0,https://www.icseecam.com/product-category/icsee/,0,0,0,0.33,151,"11, 64, 11, 64, 100, 17, 11, 11, 11, 11, 11, 11",2026-07-12 21:47:12,"Reviews, Video, Video Carousel, People also ask, Popular products, Related searches",transactional,Organic
icsee 4k surveillance cameras,55,55,50,30,0,https://www.icseecam.com/products/,0,0,0,0.33,151,"11, 64, 11, 64, 100, 17, 11, 11, 11, 11, 11, 11",2026-07-12 21:47:12,"Reviews, Video, Video Carousel, People also ask, Popular products, Related searches",transactional,Organic
professional security camera brands,59,0,30,36,5.82,https://www.icseecam.com/top-10-cctv-camera-brands/,0,0,0,0.81,181,"34, 7, 7, 11, 7, 7, 7, 7, 7, 7, 7, 7",2026-08-18 21:50:22,"Sitelinks, Reviews, Video, Video Carousel, People also ask, Popular products, Related searches, AI overview",commercial,Organic
does us cellular have security cameras,53,53,50,14,0,https://www.icseecam.com/cellular-security-camera-manufacturers-in-the-usa/,0,0,0,0,133,"0, 0, 0, 9, 27, 63, 63, 63, 36, 45, 81, 100",2026-07-16 15:04:14,"Sitelinks, Reviews, Video, People also ask, Related searches, AI overview",informational,Organic
does us cellular have security cameras,97,97,50,14,0,https://www.icseecam.com/cellular-security-camera-manufacturers-in-the-usa/,0,0,0,0,133,"0, 0, 0, 9, 27, 63, 63, 63, 36, 45, 81, 100",2026-07-16 15:04:14,"Sitelinks, Reviews, Video, People also ask, Related searches, AI overview",informational,Organic
best long range security camera outdoor,64,64,30,27,1.36,https://www.icseecam.com/top-5-long-range-security-camera-manufacturers/,0,0,0,1,123,"60, 60, 40, 40, 40, 40, 40, 100, 60, 40, 80, 60",2026-06-24 08:43:02,"Sitelinks, Reviews, Video, Video Carousel, People also ask, Popular products, Related searches, AI overview",commercial,Organic
if a ring camera is blue what does that mean,28,28,50,12,0,https://www.icseecam.com/what-does-solid-blue-light-on-ring-cameras-mean%EF%BC%9F/,0,0,0,0.33,192000000,"0, 100, 34, 7, 7, 7, 7, 7, 19, 15, 7, 7",2026-07-06 20:31:50,"Sitelinks, Video, People also ask, Related searches, AI overview",informational,Organic
best nvr,61,61,210,27,2.78,https://www.icseecam.com/best-home-security-camera-with-nvr-systems-2026/,0,0,0,1,166,"43, 66, 54, 29, 43, 43, 43, 22, 29, 35, 29, 35",2026-08-17 18:55:13,"Sitelinks, Reviews, Video, Video Carousel, People also ask, Popular products, Related searches, Discussions and forums, AI overview",commercial,Organic
how long does a ring camera battery last per charge,48,48,40,13,0,https://www.icseecam.com/how-long-does-ring-camera-battery-last/,0,0,0,0.06,80,"18, 18, 18, 18, 100, 18, 100, 18, 18, 18, 18, 18",2026-07-12 21:03:57,"Sitelinks, Reviews, Video, Video Carousel, People also ask, Related searches, AI overview",informational,Organic
do security cameras record sound,94,94,90,15,0,https://www.icseecam.com/top-10-sound-detection-security-camera-manufacturers/,0,0,0,0.13,137,"50, 64, 50, 50, 50, 64, 78, 78, 50, 35, 64, 78",2026-07-13 21:55:22,"Sitelinks, Reviews, Video, Video Carousel, People also ask, Related searches, Discussions and forums, AI overview",informational,Organic
what is ubox app,27,27,140,34,0,https://www.icseecam.com/what-is-ubox-app/,0,0,0,0.33,126,"42, 42, 42, 34, 42, 53, 42, 53, 100, 80, 80, 80",2026-07-27 14:51:12,"Sitelinks, Reviews, Video, Video Carousel, People also ask, Related searches, AI overview",informational,Organic
what is ubox app,35,35,140,34,0,https://www.icseecam.com/ubox-app-download/,0,0,0,0.33,126,"42, 42, 42, 34, 42, 53, 42, 53, 100, 80, 80, 80",2026-07-27 14:51:12,"Sitelinks, Reviews, Video, Video Carousel, People also ask, Related searches, AI overview",informational,Organic
what is ubox app,42,42,140,34,0,https://www.icseecam.com/fr/what-is-ubox-app/,0,0,0,0.33,126,"42, 42, 42, 34, 42, 53, 42, 53, 100, 80, 80, 80",2026-07-27 14:51:12,"Sitelinks, Reviews, Video, Video Carousel, People also ask, Related searches, AI overview",informational,Organic
what is ubox app,54,54,140,34,0,https://www.icseecam.com/de/what-is-ubox-app/,0,0,0,0.33,126,"42, 42, 42, 34, 42, 53, 42, 53, 100, 80, 80, 80",2026-07-27 14:51:12,"Sitelinks, Reviews, Video, Video Carousel, People also ask, Related searches, AI overview",informational,Organic
magnetic cameras,35,35,140,18,0.5,https://www.icseecam.com/usas-best-magnetic-security-camera-manufacturers/,0,0,0,1,239,"19, 15, 12, 23, 15, 23, 23, 29, 19, 15, 15, 15",2026-07-09 00:19:15,"Local pack, Image pack, Sitelinks, Video, Image, Video Carousel, People also ask, Popular products, Related searches",commercial,Organic
why is my ring blinking blue,31,31,70,26,0,https://www.icseecam.com/what-does-solid-blue-light-on-ring-cameras-mean%EF%BC%9F/,0,0,0,0.33,82,"33, 33, 42, 23, 42, 42, 33, 42, 42, 42, 23, 9",2026-07-11 10:50:47,"Sitelinks, Reviews, Video, Video Carousel, People also ask, Related searches, Short videos, AI overview",informational,Organic
security recording,66,66,40,12,15.14,https://www.icseecam.com/is-recording-audio-on-security-camera-illegal/,0,0,0,0.17,185,"18, 18, 18, 18, 100, 18, 18, 100, 18, 18, 18, 18",2026-08-07 01:55:24,"Image pack, Sitelinks, Reviews, Video, Video Carousel, People also ask, Popular products, Related searches, Discussions and forums",informational,Organic
ring 24 7 recording cost,54,54,70,30,0.62,https://www.icseecam.com/do-ring-cameras-record-24-7/,0,0,0,0.12,183,"64, 11, 29, 41, 41, 52, 41, 41, 64, 64, 64, 41",2026-07-09 22:29:57,"Sitelinks, Video, People also ask, Related searches, AI overview","informational, transactional",Organic
do wireless security cameras need wifi,96,96,140,11,1.3,https://www.icseecam.com/do-security-cameras-need-wifi/,0,0,0,0.59,208,"66, 42, 33, 52, 66, 80, 80, 66, 52, 66, 66, 66",2026-08-02 17:37:51,"Sitelinks, Reviews, Video, Video Carousel, People also ask, Related searches, Discussions and forums, AI overview",informational,Organic
icseeapp,20,20,50,52,0.16,https://www.icseecam.com/download/,0,0,0,0.07,61,"0, 0, 0, 0, 0, 0, 0, 0, 53, 100, 0, 0",2026-07-07 11:44:53,"Sitelinks, Reviews, Video, Video Carousel, People also ask, Related searches",informational,Organic
icseeapp,38,38,50,52,0.16,https://www.icseecam.com/,0,0,0,0.07,61,"0, 0, 0, 0, 0, 0, 0, 0, 53, 100, 0, 0",2026-07-07 11:44:53,"Sitelinks, Reviews, Video, Video Carousel, People also ask, Related searches",informational,Organic
icseeapp,47,47,50,52,0.16,https://www.icseecam.com/la/download/,0,0,0,0.07,61,"0, 0, 0, 0, 0, 0, 0, 0, 53, 100, 0, 0",2026-07-07 11:44:53,"Sitelinks, Reviews, Video, Video Carousel, People also ask, Related searches",informational,Organic
icsee camera manual pdf free download,12,12,40,20,0,https://www.icseecam.com/comprehensive-icsee-camera-manual-everything-you-need-to-know/,0,0,0,0,84,"23, 64, 11, 100, 11, 11, 11, 11, 11, 0, 0, 0",2026-07-29 03:58:33,"Video, Related searches, AI overview",informational,Organic
icsee camera manual pdf free download,47,47,40,20,0,https://www.icseecam.com/icsee-camera-operation-guide/,0,0,0,0,84,"23, 64, 11, 100, 11, 11, 11, 11, 11, 0, 0, 0",2026-07-29 03:58:33,"Video, Related searches, AI overview",informational,Organic
icsee camera manual pdf free download,49,49,40,20,0,https://icseecam.com/es/comprehensive-icsee-camera-manual-everything-you-need-to-know/,0,0,0,0,84,"23, 64, 11, 100, 11, 11, 11, 11, 11, 0, 0, 0",2026-07-29 03:58:33,"Video, Related searches, AI overview",informational,Organic
icsee camera manual pdf free download,50,50,40,20,0,https://icseecam.com/fr/comprehensive-icsee-camera-manual-everything-you-need-to-know/,0,0,0,0,84,"23, 64, 11, 100, 11, 11, 11, 11, 11, 0, 0, 0",2026-07-29 03:58:33,"Video, Related searches, AI overview",informational,Organic
icsee camera manual pdf free download,53,53,40,20,0,https://www.icseecam.com/how-to-locate-and-use-the-icsee-camera-reset-button-a-step-by-step-guide/,0,0,0,0,84,"23, 64, 11, 100, 11, 11, 11, 11, 11, 0, 0, 0",2026-07-29 03:58:33,"Video, Related searches, AI overview",informational,Organic
isee app,34,34,50,39,0.13,https://www.icseecam.com/download/,0,0,0,0.06,160,"15, 7, 100, 53, 0, 0, 0, 7, 42, 0, 34, 3",2026-07-06 01:50:37,"Sitelinks, Reviews, Video, People also ask, Related searches",informational,Organic
does turning off wifi stop ring cameras,35,35,50,13,0,https://www.icseecam.com/do-ring-cameras-work-without-wifi/,0,0,0,0.33,99,"23, 23, 11, 11, 82, 11, 52, 11, 64, 11, 11, 11",2026-07-08 19:52:44,"Sitelinks, Video, People also ask, Related searches, AI overview",informational,Organic
reconnect ring camera to wifi,32,32,140,27,0,https://www.icseecam.com/how-to-reconnect-ring-camera-to-wifi/,0,0,0,0.03,130,"52, 52, 52, 52, 33, 80, 100, 80, 80, 80, 66, 66",2026-08-12 22:55:18,"Sitelinks, Video, Video Carousel, People also ask, Related searches, Discussions and forums, AI overview",informational,Organic
reconnect ring camera to wifi,36,36,140,27,0,https://www.icseecam.com/how-to-reconnect-ring-camera-to-wifi/,0,0,0,0.03,130,"52, 52, 52, 52, 33, 80, 100, 80, 80, 80, 66, 66",2026-08-12 22:55:18,"Sitelinks, Video, Video Carousel, People also ask, Related searches, Discussions and forums, AI overview",informational,Organic
what's better ring or blink,65,65,50,27,1.24,https://www.icseecam.com/fr/blink-vs-ring-camera-5-key-comparisons/,0,0,0,0.85,87,"26, 53, 26, 19, 34, 26, 26, 11, 11, 15, 7, 7",2026-08-08 21:03:53,"Sitelinks, Reviews, Video, Video Carousel, People also ask, Related searches, Short videos, Discussions and forums, AI overview",informational,Organic
are ring cameras always recording,42,42,170,21,0,https://www.icseecam.com/do-ring-cameras-record-24-7/,0,0,0,0.02,103,"65, 100, 80, 65, 53, 53, 42, 53, 65, 65, 53, 53",2026-08-11 19:38:16,"Sitelinks, Video, Video Carousel, People also ask, Related searches, AI overview",informational,Organic
cctv cameras usa,64,64,70,61,3.67,https://www.icseecam.com/top-10-cctv-manufacturers-in-usa/,0,0,0,0.72,204,"63, 63, 36, 45, 63, 63, 63, 63, 63, 63, 63, 100",2026-07-31 09:56:27,"Sitelinks, Reviews, Video, Video Carousel, People also ask, Popular products, Related searches, AI overview",commercial,Organic
güneş enerji kamera,54,54,70,14,0,https://www.icseecam.com/tr/product-category/solar-security-camera/,0,0,0,0.57,185,"2, 18, 2, 35, 100, 2, 2, 2, 2, 2, 4, 4",2026-07-02 10:04:24,"Image pack, Sitelinks, Reviews, Video, Image, Video Carousel, Popular products, Related searches, Short videos",commercial,Organic
how to delete ring camera,37,37,110,26,0,https://www.icseecam.com/how-to-remove-ring-camera-history-on-ring-app/,0,0,0,0.33,131,"14, 78, 78, 64, 78, 78, 78, 100, 78, 78, 78, 64",2026-06-25 08:54:44,"Sitelinks, Video, Video Carousel, People also ask, Related searches, Short videos, AI overview",informational,Organic
ring camera blue light blinking while charging,28,28,40,19,0,https://www.icseecam.com/what-does-solid-blue-light-on-ring-cameras-mean%EF%BC%9F/,0,0,0,0,109,"11, 11, 100, 11, 11, 11, 82, 11, 11, 11, 0, 0",2026-07-18 01:34:23,"Sitelinks, Video, Video Carousel, People also ask, Related searches, Short videos, AI overview",informational,Organic
best ptz outdoor camera,55,55,140,10,1.21,https://www.icseecam.com/top-10-ptz-camera-brands-for-home-security-in-2025/,0,0,0,1,165,"42, 53, 53, 53, 53, 53, 53, 80, 65, 53, 53, 42",2026-08-14 19:22:45,"Sitelinks, Reviews, Video, Image, Video Carousel, People also ask, Popular products, Related searches, Discussions and forums, AI overview",commercial,Organic
best ptz outdoor camera,59,59,140,10,1.21,https://www.icseecam.com/top-10-ptz-camera-brands-for-home-security-in-2025/,0,0,0,1,165,"42, 53, 53, 53, 53, 53, 53, 80, 65, 53, 53, 42",2026-08-14 19:22:45,"Sitelinks, Reviews, Video, Image, Video Carousel, People also ask, Popular products, Related searches, Discussions and forums, AI overview",commercial,Organic
security camera companies,75,75,1300,67,16.44,https://www.icseecam.com/top-10-cctv-manufacturers-in-usa/,0,0,0,0.66,192,"36, 41, 54, 41, 41, 41, 41, 79, 41, 41, 100, 79",2026-07-16 03:40:23,"Local pack, Sitelinks, Reviews, Video, Image, People also ask, Popular products, Related searches, AI overview",commercial,Organic
ring vs nest cameras,50,50,70,31,1.63,https://www.icseecam.com/nest-vs-ring-doorbell-camera/,0,0,0,0.89,25000000,"14, 14, 18, 10, 18, 10, 29, 4, 29, 18, 18, 8",2026-08-11 20:58:22,"Sitelinks, Reviews, Video, Video Carousel, People also ask, Related searches, Discussions and forums, AI overview",commercial,Organic
arlo vs ring,42,42,1300,30,1.64,https://www.icseecam.com/arlo-vs-ring-cameras/,0,0,0,0.95,86,"29, 29, 43, 29, 29, 29, 36, 36, 29, 29, 22, 22",2026-07-22 10:18:28,"Sitelinks, Video, Video Carousel, People also ask, Related searches, AI overview",commercial,Organic
white moving spots in video,30,30,50,10,0,https://www.icseecam.com/what-are-orbs-on-security-cameras%EF%BC%9F/,0,0,0,0.33,104,"28, 21, 15, 21, 21, 21, 6, 6, 6, 12, 9, 6",2026-08-10 19:35:10,"Video, Video Carousel, People also ask, Related searches, AI overview",informational,Organic
best solar panel brand,61,61,110,37,3.92,https://www.icseecam.com/best-solar-panel-brands-in-2025-top-6-picks/,0,0,0,0.8,172,"21, 43, 65, 65, 34, 21, 34, 15, 15, 21, 28, 34",2026-07-26 21:48:03,"Sitelinks, Video, People also ask, Related searches, Discussions and forums, AI overview",commercial,Organic
ring 24/7 recording,43,43,480,26,3.41,https://www.icseecam.com/do-ring-cameras-record-24-7/,0,0,0,0.28,14300000,"100, 2, 1, 0, 0, 13, 30, 24, 30, 24, 24, 8",2026-07-30 05:13:15,"Sitelinks, Video, Video Carousel, People also ask, Related searches, AI overview",informational,Organic
ring 24/7 recording,57,57,480,26,3.41,https://www.icseecam.com/do-ring-cameras-record-24-7/,0,0,0,0.28,14300000,"100, 2, 1, 0, 0, 13, 30, 24, 30, 24, 24, 8",2026-07-30 05:13:15,"Sitelinks, Video, Video Carousel, People also ask, Related searches, AI overview",informational,Organic
cctv vs ip,51,51,70,2,0.77,https://www.icseecam.com/cctv-vs-ip-camera/,0,0,0,0.21,110,"81, 45, 45, 63, 63, 63, 81, 63, 45, 45, 45, 63",2026-07-17 21:28:27,"Reviews, Video, Video Carousel, People also ask, Related searches, Short videos, Discussions and forums, AI overview","commercial, informational",Organic
does ring home basic record video,49,49,50,21,0,https://www.icseecam.com/do-ring-cameras-record-24-7/,0,0,0,0.33,152,"0, 11, 11, 11, 64, 100, 82, 52, 11, 11, 0, 11",2026-07-06 13:58:13,"Sitelinks, Video, Video Carousel, People also ask, Related searches, AI overview",informational,Organic
pv panels made in usa,87,87,480,42,2.16,https://www.icseecam.com/top-10-solar-panel-manufacturers-in-the-usa-2025/,0,0,0,1,195,"13, 62, 6, 36, 30, 36, 30, 30, 30, 24, 36, 36",2026-07-29 15:58:51,"Sitelinks, Reviews, Video, Video Carousel, People also ask, Related searches, AI overview","commercial, informational",Organic
connect ring to wifi,41,41,320,28,0.01,https://www.icseecam.com/how-to-reconnect-ring-camera-to-wifi/,0,0,0,0.06,174,"44, 54, 54, 44, 54, 54, 44, 36, 36, 36, 36, 36",2026-08-06 11:57:28,"Sitelinks, Video, Video Carousel, People also ask, Related searches, Discussions and forums, AI overview",informational,Organic
home security cameras that don't require a subscription,48,48,210,44,2.9,https://www.icseecam.com/best-home-security-camera-without-subscription/,0,0,0,1,184,"18, 28, 28, 28, 18, 35, 35, 28, 35, 28, 44, 100",2026-08-11 10:44:50,"Sitelinks, Video, Ads top, Ads bottom, People also ask, Popular products, Related searches, Discussions and forums, AI overview",commercial,Organic
yoosee,30,30,720,42,0.26,https://www.icseecam.com/what-is-yoosee/,0,0,0,0.11,99,"13, 13, 16, 24, 10, 10, 16, 10, 10, 8, 13, 16",2026-07-31 18:51:53,"Sitelinks, Reviews, Video, Ads bottom, Related searches, AI overview",informational,Organic
security camera with voice warning,85,85,30,7,1.64,https://www.icseecam.com/top-10-sound-detection-security-camera-manufacturers/,0,0,0,1,250,"27, 18, 45, 63, 45, 18, 27, 18, 18, 18, 18, 18",2026-07-30 13:24:47,"Sitelinks, Reviews, Video, Ads bottom, Video Carousel, People also ask, Popular products, Related searches","commercial, informational",Organic
home camera brands,52,52,70,51,3.64,https://www.icseecam.com/top-10-cctv-camera-brands-in-the-united-states/,0,0,0,1,195,"78, 78, 78, 14, 14, 14, 78, 100, 21, 50, 50, 50",2026-07-29 11:52:15,"Image pack, Sitelinks, Video, Image, People also ask, Popular products, Related searches, Discussions and forums, AI overview",commercial,Organic
solar connectors types,84,84,110,15,0.65,https://www.icseecam.com/solar-panel-connector-types-differences/,0,0,0,1,180,"34, 21, 28, 100, 34, 21, 21, 12, 0, 34, 34, 43",2026-07-03 00:55:34,"Sitelinks, Video, Video Carousel, People also ask, Popular products, Related searches, AI overview",informational,Organic
sound surveillance,87,87,110,20,1.31,https://www.icseecam.com/top-10-sound-detection-security-camera-manufacturers/,0,0,0,1,189,"80, 26, 42, 26, 42, 53, 42, 0, 42, 26, 53, 34",2026-07-07 11:10:15,"Knowledge panel, Sitelinks, Reviews, Video, Video Carousel, People also ask, Related searches, AI overview",navigational,Organic
us based security camera companies,57,57,50,42,7.13,https://www.icseecam.com/top-10-cctv-manufacturers-in-usa/,0,0,0,0.99,190,"11, 17, 23, 11, 52, 52, 64, 23, 23, 41, 52, 41",2026-08-07 01:52:35,"Sitelinks, Reviews, Video, Ads bottom, People also ask, Related searches, AI overview",commercial,Organic
yoosee app android,39,39,40,44,0.13,https://www.icseecam.com/yoosee-app/,0,0,0,0.2,165,"18, 18, 18, 100, 100, 18, 18, 18, 18, 18, 18, 18",2026-06-30 00:14:30,"Sitelinks, Reviews, Video, Related searches",informational,Organic
arlo or ring,45,45,90,31,1.58,https://www.icseecam.com/arlo-vs-ring-cameras/,0,0,0,0.93,155,"28, 28, 43, 43, 34, 34, 34, 34, 28, 21, 15, 21",2026-06-24 20:40:27,"Sitelinks, Video, Video Carousel, People also ask, Related searches, AI overview","commercial, informational",Organic
best wireless security cameras 2026,44,44,140,59,2.62,https://www.icseecam.com/best-wireless-security-cameras-for-the-home-2026/,0,0,0,0.99,89,"3, 43, 100, 9, 65",2026-08-05 06:49:48,"Sitelinks, Reviews, Video, Video Carousel, People also ask, Related searches, Discussions and forums, AI overview",commercial,Organic
how to connect my ring camera to a new wifi,57,57,50,23,0,https://www.icseecam.com/how-to-reconnect-ring-camera-to-wifi/,0,0,0,0.04,102,"11, 64, 11, 11, 100, 64, 11, 11, 11, 11, 11, 11",2026-08-05 19:13:37,"Reviews, Video, Video Carousel, People also ask, Related searches, AI overview",informational,Organic
how to connect my ring camera to a new wifi,59,59,50,23,0,https://www.icseecam.com/how-to-reconnect-ring-camera-to-wifi/,0,0,0,0.04,102,"11, 64, 11, 11, 100, 64, 11, 11, 11, 11, 11, 11",2026-08-05 19:13:37,"Reviews, Video, Video Carousel, People also ask, Related searches, AI overview",informational,Organic
cameras for schools,74,74,70,14,7.11,https://www.icseecam.com/school-security-cameras-trusted-brands-reviewed/,0,0,0,0.15,172,"3, 2, 3, 3, 1, 5, 5, 2, 0, 24, 3, 3",2026-06-30 00:57:30,"Sitelinks, Reviews, Video, Image, People also ask, Popular products, Related searches, AI overview","commercial, informational",Organic
top 10 pv panels,69,69,50,34,4.21,https://www.icseecam.com/top-10-solar-panels-manufacturers-in-the-world/,0,0,0,0.59,182,"63, 63, 0, 63, 45, 45, 100, 45, 27, 36, 18, 18",2026-08-13 09:28:08,"Image pack, Sitelinks, Video, Video Carousel, People also ask, Related searches, AI overview",commercial,Organic
ring recording,35,35,260,38,1.02,https://www.icseecam.com/do-ring-cameras-record-24-7/,0,0,0,0.22,184,"54, 43, 54, 54, 81, 66, 66, 66, 54, 43, 43, 35",2026-06-25 14:52:49,"Sitelinks, Video, Video Carousel, People also ask, Popular products, Related searches","commercial, navigational",Organic
ring recording,37,37,260,38,1.02,https://www.icseecam.com/do-ring-cameras-record-24-7/,0,0,0,0.22,184,"54, 43, 54, 54, 81, 66, 66, 66, 54, 43, 43, 35",2026-06-25 14:52:49,"Sitelinks, Video, Video Carousel, People also ask, Popular products, Related searches","commercial, navigational",Organic
أفضل شركة طاقة شمسية,92,92,40,0,0,https://www.icseecam.com/ar/top-10-solar-panels-manufacturers-in-the-world/,0,0,0,0.33,121,"18, 0, 100, 18, 18, 18, 18, 18, 18, 18, 100, 100",2026-07-20 12:27:57,"Sitelinks, Reviews, Video, Video Carousel, People also ask, Related searches, AI overview",informational,Organic
security camera subscription comparison,48,48,50,36,3.01,https://www.icseecam.com/best-home-security-camera-without-subscription/,0,0,0,0.86,177,"14, 14, 14, 21, 28, 78, 100, 21, 14, 35, 35, 21",2026-07-20 03:56:22,"Sitelinks, Video, People also ask, Related searches, AI overview",commercial,Organic
security camera subscription comparison,50,50,50,36,3.01,https://www.icseecam.com/best-home-security-camera-without-subscription/,0,0,0,0.86,177,"14, 14, 14, 21, 28, 78, 100, 21, 14, 35, 35, 21",2026-07-20 03:56:22,"Sitelinks, Video, People also ask, Related searches, AI overview",commercial,Organic
how to delete location on ring,36,36,140,27,0,https://www.icseecam.com/how-to-remove-ring-camera-history-on-ring-app/,0,0,0,0.33,143,"41, 64, 100, 82, 41, 64, 82, 100, 100, 52, 82, 64",2026-07-04 23:00:53,"Video, Video Carousel, People also ask, Related searches, Discussions and forums, AI overview",informational,Organic
marcas de camaras de seguridad,42,42,90,0,2.31,https://www.icseecam.com/es/top-10-cctv-camera-brands-in-the-united-states/,0,0,0,0.91,169,"5, 4, 5, 4, 6, 6, 6, 5, 4, 4, 8, 5",2026-08-02 11:58:14,"Sitelinks, Video, Image, Ads bottom, Video Carousel, People also ask, Popular products, Related searches, AI overview",informational,Organic
how long does blink camera record,35,35,40,9,0,https://www.icseecam.com/do-blink-cameras-record-24-7/,0,0,0,0.03,108,"45, 63, 81, 45, 81, 18, 18, 18, 18, 18, 18, 18",2026-08-11 02:32:44,"Sitelinks, Video, Video Carousel, People also ask, Related searches, AI overview",informational,Organic
dome camera supplier,29,29,30,21,5.43,https://www.icseecam.com/top-10-dome-camera-suppliers-in-the-usa/,0,0,0,0.14,126,"0, 0, 0, 71, 100, 100, 42, 14, 14",2026-06-24 06:16:35,"Sitelinks, Video, Popular products, Related searches, AI overview","commercial, informational",Organic
long range security camera system,52,52,30,19,3.44,https://www.icseecam.com/top-5-long-range-security-camera-manufacturers/,0,0,0,1,175,"33, 22, 22, 55, 77, 33, 22, 55, 55, 22, 22, 22",2026-07-13 10:47:24,"Sitelinks, Reviews, Video, Image, Video Carousel, People also ask, Popular products, Related searches",commercial,Organic
wire-free smart security camera,51,65,90,38,0,https://www.icseecam.com/best-wire-free-home-security-cameras-in-2026/,0,0,0,0.03,201,"0, 0, 0, 0, 65, 0, 100, 0, 100, 80, 26, 42",2026-08-18 18:59:10,"Sitelinks, Reviews, Video, Video Carousel, People also ask, Popular products, Related searches, Discussions and forums, AI overview",commercial,Organic
what does the blue light on my ring camera mean,9,9,50,12,0,https://www.icseecam.com/what-does-solid-blue-light-on-ring-cameras-mean%EF%BC%9F/,0,0,0,0.33,97,"9, 9, 14, 9, 9, 9, 9, 9, 23, 23, 100, 52",2026-07-20 01:41:10,"Sitelinks, Reviews, Video, Video Carousel, People also ask, Related searches, Discussions and forums, AI overview",informational,Organic
what does the blue light on my ring camera mean,20,20,50,12,0,https://www.icseecam.com/what-does-solid-blue-light-on-ring-cameras-mean%EF%BC%9F/,0,0,0,0.33,97,"9, 9, 14, 9, 9, 9, 9, 9, 23, 23, 100, 52",2026-07-20 01:41:10,"Sitelinks, Reviews, Video, Video Carousel, People also ask, Related searches, Discussions and forums, AI overview",informational,Organic
solar panel shingles cost,77,77,110,41,4.18,https://www.icseecam.com/solar-shingles-vs-solar-panels-pros-explained/,0,0,0,0.52,175,"53, 42, 80, 80, 53, 34, 19, 19, 34, 42, 34, 26",2026-06-27 06:06:00,"Sitelinks, Reviews, Video, People also ask, Popular products, Related searches, AI overview","commercial, informational",Organic
top solar module manufacturers,75,75,50,21,3.81,https://www.icseecam.com/top-10-solar-panels-manufacturers-in-the-world/,0,0,0,0.22,191,"42, 26, 34, 26, 19, 19, 15, 11, 15, 26, 19, 7",2026-08-12 05:04:13,"Sitelinks, Video, Video Carousel, Related searches, AI overview",commercial,Organic
best window camera without subscription,59,59,170,23,0.61,https://www.icseecam.com/best-home-security-camera-without-subscription/,0,0,0,1,111,"10, 10, 14, 22, 22, 4, 22, 29, 43, 81, 81, 100",2026-07-30 08:00:55,"Sitelinks, Video, Video Carousel, People also ask, Popular products, Related searches, AI overview",commercial,Organic
no subscription security camera system,63,63,40,24,1.89,https://www.icseecam.com/best-home-security-camera-without-subscription/,0,0,0,1,103,"18, 18, 18, 18, 27, 36, 100, 36, 36, 36, 36, 45",2026-07-09 10:14:09,"Sitelinks, Reviews, Video, Video Carousel, Related searches, Discussions and forums, AI overview",commercial,Organic
remove a camera from ring app,75,75,50,19,0,https://www.icseecam.com/how-to-remove-ring-camera-history-on-ring-app/,0,0,0,0.33,125,"41, 82, 11, 100, 11, 11, 64, 11, 11, 11, 11, 11",2026-07-08 13:19:55,"Sitelinks, Reviews, Video, Video Carousel, People also ask, Related searches, AI overview",informational,Organic
ip camera vs analog camera,76,76,170,26,0.53,https://www.icseecam.com/ip-camera-vs-analog-camera/,0,0,0,0.31,117,"100, 42, 34, 65, 42, 80, 65, 65, 65, 42, 80, 80",2026-07-17 23:19:56,"Sitelinks, Reviews, Video, Video Carousel, People also ask, Related searches, Discussions and forums, AI overview",commercial,Organic
best home security cameras no subscription,57,57,50,24,3.32,https://www.icseecam.com/best-home-security-camera-without-subscription/,0,0,0,1,210,"23, 17, 41, 41, 52, 29, 29, 17, 23, 41, 29, 64",2026-06-27 06:52:56,"Sitelinks, Reviews, Video, People also ask, Popular products, Related searches, AI overview",commercial,Organic
what is the best security camera without a subscription,61,61,50,17,1.51,https://www.icseecam.com/best-home-security-camera-without-subscription/,0,0,0,0.99,106,"100, 100, 100, 100, 28, 42, 71, 71, 71, 28, 71, 28",2026-08-09 06:48:30,"Sitelinks, Reviews, Video, Video Carousel, People also ask, Popular products, Related searches, Discussions and forums, AI overview",commercial,Organic
5g surveillance cameras,31,31,30,24,1.57,https://www.icseecam.com/what-security-cameras-work-with-5ghz-wifi/,0,0,0,1,222,"18, 18, 18, 18, 100, 18, 18, 0, 18, 18, 18, 18",2026-06-30 18:51:41,"Sitelinks, Reviews, Video, People also ask, Popular products, Related searches, Discussions and forums, AI overview",commercial,Organic
best security camera brands,57,57,210,48,2.99,https://www.icseecam.com/top-10-cctv-camera-brands-in-the-united-states/,0,0,0,1,178,"81, 53, 43, 43, 81, 81, 100, 53, 43, 81, 34, 81",2026-07-30 16:45:14,"Sitelinks, Reviews, Video, Image, People also ask, Related searches, AI overview",commercial,Organic
arlo and ring,51,51,70,19,0.94,https://www.icseecam.com/arlo-vs-ring-cameras/,0,0,0,0.93,159,"63, 63, 36, 63, 63, 63, 81, 100, 63, 63, 63, 63",2026-07-10 14:25:59,"Sitelinks, Reviews, Video, Video Carousel, People also ask, Related searches, AI overview",informational,Organic
security camera with sound recording,81,81,40,17,2.18,https://www.icseecam.com/top-10-sound-detection-security-camera-manufacturers/,0,0,0,1,221,"42, 28, 42, 57, 28, 57, 71, 57, 57, 71, 100, 100",2026-07-13 11:12:41,"Sitelinks, Reviews, Video, Image, Video Carousel, People also ask, Popular products, Related searches, Discussions and forums, AI overview","commercial, informational",Organic
solar camera inc. company,58,58,40,18,0,https://www.icseecam.com/top-6-solar-camera-manufacturers-in-2025-global/,0,0,0,0,203,"9, 18, 100, 27",2026-07-19 06:57:41,"Knowledge panel, Sitelinks, Video, Related searches",navigational,Organic
solar camera inc. company,64,64,40,18,0,https://www.icseecam.com/top-6-solar-camera-manufacturers-in-2025-global/,0,0,0,0,203,"9, 18, 100, 27",2026-07-19 06:57:41,"Knowledge panel, Sitelinks, Video, Related searches",navigational,Organic
meaning of ahd camera,67,67,50,2,0,https://www.icseecam.com/what-is-ahd-camera-and-its-advantages/,0,0,0,0.11,113,"41, 52, 41, 41, 64, 41, 29, 11, 41, 41, 11, 11",2026-08-06 07:19:19,"Sitelinks, Video, Video Carousel, People also ask, Related searches, Short videos, AI overview",informational,Organic
meaning of ahd camera,78,78,50,2,0,https://www.icseecam.com/fr/what-is-ahd-camera-and-its-advantages/,0,0,0,0.11,113,"41, 52, 41, 41, 64, 41, 29, 11, 41, 41, 11, 11",2026-08-06 07:19:19,"Sitelinks, Video, Video Carousel, People also ask, Related searches, Short videos, AI overview",informational,Organic
limpieza de paneles solares,69,69,110,5,2.38,https://icseecam.com/es/how-to-clean-solar-panels/,0,0,0,0.71,156,"81, 100, 34, 53, 65, 21, 12, 12, 9, 12, 21, 12",2026-06-26 20:44:20,"Image pack, Reviews, Video, Video Carousel, People also ask, Related searches, Short videos, AI overview",informational,Organic
who owns eufy camera,47,47,70,43,0,https://www.icseecam.com/where-is-eufy-night-vision-security-camera-manufactured-in-usa-%EF%BC%9F/,0,0,0,0.01,92,"9, 9, 9, 9, 100, 9, 9, 23, 52, 52, 52, 33",2026-08-07 01:14:36,"Sitelinks, Video, People also ask, Related searches, AI overview",informational,Organic
blue light on ring indoor camera,35,35,110,14,0,https://www.icseecam.com/what-does-solid-blue-light-on-ring-cameras-mean%EF%BC%9F/,0,0,0,0.33,186,"15, 42, 65, 7, 42, 42, 100, 80, 42, 7, 15, 53",2026-08-13 20:11:53,"Sitelinks, Video, People also ask, Related searches, AI overview",informational,Organic
what are poe cameras,79,79,170,14,0.91,https://www.icseecam.com/what-is-a-poe-camera/,0,0,0,0.52,188,"4, 14, 43, 81, 66, 81, 54, 29, 35, 18, 6, 10",2026-08-17 14:29:07,"Sitelinks, Reviews, Video, Ads bottom, Video Carousel, People also ask, Related searches, AI overview",informational,Organic
is there a doorbell camera that works without wifi,58,58,390,24,0.61,https://www.icseecam.com/is-there-a-doorbell-camera-that-works-without-wifi/,0,0,0,0.97,103,"54, 44, 67, 67, 29, 81, 29, 44, 29, 15, 23, 44",2026-06-28 20:18:17,"Sitelinks, Reviews, Video, People also ask, Popular products, Related searches, AI overview",informational,Organic
security cameras that work on 5ghz wifi,31,31,40,27,1.76,https://www.icseecam.com/what-security-cameras-work-with-5ghz-wifi/,0,0,0,1,205,"14, 14, 14, 14, 28, 14, 14, 14, 100, 50, 14, 14",2026-08-15 16:00:46,"Sitelinks, Video, Featured snippet, People also ask, Popular products, Related searches","commercial, informational",Organic
icsee app,31,31,590,44,0.16,https://www.icseecam.com/the-ultimate-guide-to-icsee-everything-you-need-to-know/,0,0,0,0.07,140,"36, 45, 45, 36, 36, 45, 45, 45, 30, 10, 36, 36",2026-07-02 01:37:38,"Sitelinks, Reviews, Video, Video Carousel, People also ask, Related searches, Things to know",informational,Organic
icsee app,59,59,590,44,0.16,https://www.icseecam.com/es/download/,0,0,0,0.07,140,"36, 45, 45, 36, 36, 45, 45, 45, 30, 10, 36, 36",2026-07-02 01:37:38,"Sitelinks, Reviews, Video, Video Carousel, People also ask, Related searches, Things to know",informational,Organic
icsee app,64,64,590,44,0.16,https://icseecam.com/co/download/,0,0,0,0.07,140,"36, 45, 45, 36, 36, 45, 45, 45, 30, 10, 36, 36",2026-07-02 01:37:38,"Sitelinks, Reviews, Video, Video Carousel, People also ask, Related searches, Things to know",informational,Organic
icsee app,67,67,590,44,0.16,https://www.icseecam.com/fr/download/,0,0,0,0.07,140,"36, 45, 45, 36, 36, 45, 45, 45, 30, 10, 36, 36",2026-07-02 01:37:38,"Sitelinks, Reviews, Video, Video Carousel, People also ask, Related searches, Things to know",informational,Organic
cctv vs ip surveillance,67,67,50,8,0.87,https://www.icseecam.com/cctv-vs-ip-camera/,0,0,0,0.33,117,"77, 44, 77, 77, 77, 77, 77, 55, 55, 55, 77, 22",2026-08-13 15:22:29,"Sitelinks, Reviews, Video, Video Carousel, People also ask, Related searches, AI overview",commercial,Organic
cctv vs ip surveillance,71,71,50,8,0.87,https://www.icseecam.com/cctv-vs-ip-camera/,0,0,0,0.33,117,"77, 44, 77, 77, 77, 77, 77, 55, 55, 55, 77, 22",2026-08-13 15:22:29,"Sitelinks, Reviews, Video, Video Carousel, People also ask, Related searches, AI overview",commercial,Organic
ring camera connect to wifi,45,45,90,27,0.29,https://www.icseecam.com/how-to-reconnect-ring-camera-to-wifi/,0,0,0,0.12,127,"64, 100, 64, 11, 11, 64, 41, 41, 41, 41, 64, 11",2026-07-05 02:55:23,"Sitelinks, Video, Video Carousel, People also ask, Related searches, AI overview",informational,Organic
ring camera connect to wifi,47,47,90,27,0.29,https://www.icseecam.com/how-to-reconnect-ring-camera-to-wifi/,0,0,0,0.12,127,"64, 100, 64, 11, 11, 64, 41, 41, 41, 41, 64, 11",2026-07-05 02:55:23,"Sitelinks, Video, Video Carousel, People also ask, Related searches, AI overview",informational,Organic
doorbell camera no wifi,40,40,70,24,1.76,https://www.icseecam.com/is-there-a-doorbell-camera-that-works-without-wifi/,0,0,0,0.99,175,"100, 78, 78, 64, 50, 35, 35, 28, 35, 50, 35, 28",2026-08-14 00:01:54,"Sitelinks, Reviews, Video, Video Carousel, People also ask, Popular products, Related searches, Discussions and forums, AI overview",commercial,Organic
solar photovoltaic manufacturers,73,73,30,47,4.78,https://www.icseecam.com/top-10-solar-panel-manufacturers-in-the-usa-2025/,0,0,0,0.04,128,"2, 2, 2, 2, 2, 2, 2, 2, 2, 2, 2, 12",2026-07-19 00:03:08,"Local pack, Sitelinks, Video, Featured snippet, Video Carousel, People also ask, Related searches",informational,Organic
magnetic security camera,42,42,210,24,1.2,https://www.icseecam.com/usas-best-magnetic-security-camera-manufacturers/,0,0,0,1,220,"35, 35, 35, 53, 43, 35, 82, 53, 35, 53, 53, 43",2026-07-22 22:37:13,"Sitelinks, Video, Image, Video Carousel, People also ask, Popular products, Related searches",commercial,Organic
kwidisk,49,49,70,10,0,https://www.icseecam.com/xh/the-ultimate-guide-to-icsee-everything-you-need-to-know/,0,0,0,0.33,0,"26, 0, 0, 0, 0, 17, 48, 0, 0, 0, 0, 0",2026-08-03 07:57:09,"Sitelinks, Reviews, Related searches",navigational,Organic
ring outdoor cam plus 24/7 recording,49,49,110,34,0,https://www.icseecam.com/do-ring-cameras-record-24-7/,0,0,0,0.6,367000,"0, 0, 1, 44, 100, 36, 2, 2, 0, 0, 0, 0",2026-07-23 11:55:35,"Sitelinks, Reviews, Video, Video Carousel, People also ask, Popular products, Related searches",navigational,Organic
essecloud,37,37,590,36,1.23,https://www.icseecam.com/what-is-eseecloud/,0,0,0,0.17,129,"52, 16, 20, 11, 46, 31, 46, 31, 11, 25, 25, 25",2026-06-26 12:48:01,"Sitelinks, Reviews, Video, Video Carousel, People also ask, Related searches",informational,Organic
essecloud,56,56,590,36,1.23,https://www.icseecam.com/eseecloud-app-download/,0,0,0,0.17,129,"52, 16, 20, 11, 46, 31, 46, 31, 11, 25, 25, 25",2026-06-26 12:48:01,"Sitelinks, Reviews, Video, Video Carousel, People also ask, Related searches",informational,Organic
essecloud,61,61,590,36,1.23,https://www.icseecam.com/eseecloud-app-download/,0,0,0,0.17,129,"52, 16, 20, 11, 46, 31, 46, 31, 11, 25, 25, 25",2026-06-26 12:48:01,"Sitelinks, Reviews, Video, Video Carousel, People also ask, Related searches",informational,Organic
ubox camera app,31,31,260,41,0.27,https://www.icseecam.com/ubox-app-download/,0,0,0,0.03,179,"11, 13, 13, 20, 20, 25, 11, 11, 11, 13, 11, 13",2026-08-08 06:59:16,"Sitelinks, Reviews, Video, Video Carousel, People also ask, Related searches",informational,Organic
ubox camera app,35,35,260,41,0.27,https://www.icseecam.com/what-is-ubox-app/,0,0,0,0.03,179,"11, 13, 13, 20, 20, 25, 11, 11, 11, 13, 11, 13",2026-08-08 06:59:16,"Sitelinks, Reviews, Video, Video Carousel, People also ask, Related searches",informational,Organic
best no subscription home security,54,54,70,39,6.41,https://www.icseecam.com/best-home-security-camera-without-subscription/,0,0,0,1,175,"63, 63, 63, 63, 63, 63, 63, 45, 63, 45, 63, 100",2026-08-17 14:27:59,"Sitelinks, Video, Video Carousel, People also ask, Related searches, Discussions and forums, AI overview",commercial,Organic
anysee app,43,43,140,16,0,https://www.icseecam.com/download/,0,0,0,0.33,134,"42, 42, 26, 26, 42, 53, 53, 53, 65, 53, 65, 80",2026-07-08 11:56:29,"Reviews, Video, People also ask, Related searches",informational,Organic
does ring camera record without wifi,35,35,110,3,0,https://www.icseecam.com/do-ring-cameras-work-without-wifi/,0,0,0,0.33,96,"33, 52, 52, 33, 52, 66, 52, 42, 42, 66, 52, 66",2026-08-12 04:59:30,"Sitelinks, Reviews, Video, Video Carousel, People also ask, Related searches, AI overview",informational,Organic
does ring camera record without wifi,59,59,110,3,0,https://www.icseecam.com/fr/do-ring-cameras-work-without-wifi/,0,0,0,0.33,96,"33, 52, 52, 33, 52, 66, 52, 42, 42, 66, 52, 66",2026-08-12 04:59:30,"Sitelinks, Reviews, Video, Video Carousel, People also ask, Related searches, AI overview",informational,Organic
best wifi security camera without subscription,74,74,110,29,1.15,https://www.icseecam.com/best-home-security-camera-without-subscription/,0,0,0,1,111,"52, 66, 80, 80, 66, 33, 66, 52, 42, 42, 42, 33",2026-07-22 02:34:01,"Sitelinks, Reviews, Video, Image, Video Carousel, People also ask, Popular products, Related searches, AI overview",commercial,Organic
can you delete ring camera footage,40,40,320,27,0,https://www.icseecam.com/how-to-remove-ring-camera-history-on-ring-app/,0,0,0,0.33,100,"29, 35, 54, 43, 43, 54, 100, 100, 100, 66, 81, 81",2026-07-04 12:05:20,"Sitelinks, Reviews, Video, Video Carousel, People also ask, Related searches, Short videos, AI overview",informational,Organic
how to make blink camera record all the time,43,43,90,20,0,https://www.icseecam.com/do-blink-cameras-record-24-7/,0,0,0,0.33,4650,"34, 43, 34, 43, 28, 34, 21, 21, 21, 15, 28, 28",2026-08-01 07:41:44,"Sitelinks, Reviews, Video, Video Carousel, People also ask, Related searches, AI overview",informational,Organic
best solar panel brands 2025 2026,61,61,50,24,0,https://www.icseecam.com/best-solar-panel-brands-in-2025-top-6-picks/,0,0,0,0,166,"18, 100, 27",2026-07-01 00:56:02,"Sitelinks, Video, Video Carousel, People also ask, Related searches, AI overview",commercial,Organic
security cameras for classrooms,79,79,70,18,9.19,https://www.icseecam.com/school-security-cameras-trusted-brands-reviewed/,0,0,0,0.11,194,"9, 9, 9, 52, 9, 9, 9, 9, 52, 100, 80, 80",2026-07-12 11:42:06,"Sitelinks, Reviews, Video, Image, People also ask, Popular products, Related searches, AI overview",commercial,Organic
american made security camera system,67,67,30,7,2.79,https://www.icseecam.com/cellular-security-camera-manufacturers-in-the-usa/,0,0,0,1,183,"80, 80, 60, 80, 60, 100, 60, 40, 40, 40, 80, 40",2026-07-09 09:29:51,"Sitelinks, Reviews, Video, People also ask, Related searches, AI overview",commercial,Organic
us made security cameras,72,72,70,13,1.91,https://www.icseecam.com/cellular-security-camera-manufacturers-in-the-usa/,0,0,0,1,163,"41, 52, 29, 52, 64, 52, 52, 29, 23, 52, 41, 41",2026-08-09 09:50:00,"Sitelinks, Reviews, Video, People also ask, Related searches, AI overview",informational,Organic
eufy company,45,45,260,41,1.19,https://www.icseecam.com/where-is-eufy-night-vision-security-camera-manufactured-in-usa-%EF%BC%9F/,0,0,0,0.6,178,"100, 82, 82, 66, 53, 53, 66, 66, 43, 43, 35, 82",2026-07-10 21:48:19,"Sitelinks, Reviews, Video, Video Carousel, People also ask, Popular products, Related searches, AI overview",informational,Organic
security cameras with sound recording,90,90,140,16,2.18,https://www.icseecam.com/top-10-sound-detection-security-camera-manufacturers/,0,0,0,1,262,"80, 100, 66, 80, 66, 66, 80, 66, 66, 52, 66, 52",2026-07-29 08:49:46,"Sitelinks, Reviews, Video, Image, People also ask, Popular products, Related searches, Discussions and forums",commercial,Organic
icam365 app android,32,32,50,27,0.27,https://www.icseecam.com/icam365-app-download/,0,0,0,0.11,168,"45, 27, 45, 45, 36, 81, 81, 36, 45, 100, 45, 36",2026-07-08 11:43:26,"Reviews, Video, Video Carousel, People also ask, Related searches",informational,Organic
icam365 app android,50,50,50,27,0.27,https://www.icseecam.com/icam365-ultimate-guide-2025/,0,0,0,0.11,168,"45, 27, 45, 45, 36, 81, 81, 36, 45, 100, 45, 36",2026-07-08 11:43:26,"Reviews, Video, Video Carousel, People also ask, Related searches",informational,Organic
icam365 app android,55,55,50,27,0.27,https://www.icseecam.com/hu/icam365-app-download/,0,0,0,0.11,168,"45, 27, 45, 45, 36, 81, 81, 36, 45, 100, 45, 36",2026-07-08 11:43:26,"Reviews, Video, Video Carousel, People also ask, Related searches",informational,Organic
icam365 app android,60,60,50,27,0.27,https://www.icseecam.com/zh-TW/icam365-app-download/,0,0,0,0.11,168,"45, 27, 45, 45, 36, 81, 81, 36, 45, 100, 45, 36",2026-07-08 11:43:26,"Reviews, Video, Video Carousel, People also ask, Related searches",informational,Organic
how much data does a wireless security camera use,68,68,70,11,0,https://www.icseecam.com/how-much-data-does-a-security-camera-use/,0,0,0,0.02,121,"77, 77, 44, 55, 77, 77, 77, 77, 77, 55, 77, 77",2026-07-16 17:49:04,"Sitelinks, Reviews, Video, People also ask, Related searches, AI overview",informational,Organic
how much data does a wireless security camera use,94,94,70,11,0,https://www.icseecam.com/4g-cameras-the-ultimate-guide/,0,0,0,0.02,121,"77, 77, 44, 55, 77, 77, 77, 77, 77, 55, 77, 77",2026-07-16 17:49:04,"Sitelinks, Reviews, Video, People also ask, Related searches, AI overview",informational,Organic
icam365 for pc,30,30,140,25,0,https://www.icseecam.com/icam365-app-download/,0,0,0,0.01,148,"15, 15, 11, 100, 18, 15, 15, 11, 18, 15, 15, 18",2026-07-02 22:45:46,"Reviews, Video, Video Carousel, People also ask, Popular products, Related searches, AI overview",commercial,Organic
icam365 for pc,46,46,140,25,0,https://www.icseecam.com/hu/icam365-app-download/,0,0,0,0.01,148,"15, 15, 11, 100, 18, 15, 15, 11, 18, 15, 15, 18",2026-07-02 22:45:46,"Reviews, Video, Video Carousel, People also ask, Popular products, Related searches, AI overview",commercial,Organic
icam365 for pc,54,54,140,25,0,https://www.icseecam.com/es/icam365-app-download/,0,0,0,0.01,148,"15, 15, 11, 100, 18, 15, 15, 11, 18, 15, 15, 18",2026-07-02 22:45:46,"Reviews, Video, Video Carousel, People also ask, Popular products, Related searches, AI overview",commercial,Organic
icam365 for pc,61,61,140,25,0,https://www.icseecam.com/icam365-ultimate-guide-2025/,0,0,0,0.01,148,"15, 15, 11, 100, 18, 15, 15, 11, 18, 15, 15, 18",2026-07-02 22:45:46,"Reviews, Video, Video Carousel, People also ask, Popular products, Related searches, AI overview",commercial,Organic
icam365 for pc,65,65,140,25,0,https://www.icseecam.com/pl/icam365-app-download/,0,0,0,0.01,148,"15, 15, 11, 100, 18, 15, 15, 11, 18, 15, 15, 18",2026-07-02 22:45:46,"Reviews, Video, Video Carousel, People also ask, Popular products, Related searches, AI overview",commercial,Organic
icam365 for pc,69,69,140,25,0,https://www.icseecam.com/ar/icam365-app-download/,0,0,0,0.01,148,"15, 15, 11, 100, 18, 15, 15, 11, 18, 15, 15, 18",2026-07-02 22:45:46,"Reviews, Video, Video Carousel, People also ask, Popular products, Related searches, AI overview",commercial,Organic
best non subscription security cameras,69,69,210,30,1.04,https://www.icseecam.com/best-home-security-camera-without-subscription/,0,0,0,1,109,"34, 34, 53, 43, 53, 65, 100, 53, 53, 81, 53, 81",2026-07-08 03:48:09,"Sitelinks, Video, Image, Ads bottom, People also ask, Related searches, Ads middle",commercial,Organic
best non subscription security cameras,77,77,210,30,1.04,https://www.icseecam.com/best-home-security-camera-without-subscription/,0,0,0,1,109,"34, 34, 53, 43, 53, 65, 100, 53, 53, 81, 53, 81",2026-07-08 03:48:09,"Sitelinks, Video, Image, Ads bottom, People also ask, Related searches, Ads middle",commercial,Organic
surveillance camera suppliers,78,78,110,27,5.23,https://www.icseecam.com/top-10-cctv-manufacturers-in-usa/,0,0,0,0.34,200,"43, 43, 21, 34, 34, 34, 28, 43, 34, 34, 43, 53",2026-07-24 19:07:18,"Local pack, Sitelinks, Reviews, Video, Popular products, Related searches",commercial,Organic
cheapest camera subscription,50,50,50,31,3.36,https://www.icseecam.com/best-home-security-camera-without-subscription/,0,0,0,0.79,176,"18, 18, 18, 36, 27, 36, 100, 45, 27, 45, 45, 63",2026-07-07 22:40:04,"Sitelinks, Video, People also ask, Popular products, Related searches, Discussions and forums, AI overview",informational,Organic
do ring doorbells work without wifi,45,45,70,13,0,https://www.icseecam.com/do-ring-cameras-work-without-wifi/,0,0,0,0.01,62,"52, 64, 41, 41, 29, 41, 41, 52, 41, 41, 41, 41",2026-07-26 01:21:02,"Sitelinks, Video, Video Carousel, People also ask, Related searches, AI overview",informational,Organic
best cellular camera for security,55,55,40,15,1.77,https://www.icseecam.com/cellular-security-camera-manufacturers-in-the-usa/,0,0,0,0.99,127,"15, 15, 6, 9, 12, 9, 3, 15, 12, 15, 21, 15",2026-08-11 11:51:56,"Sitelinks, Video, Video Carousel, People also ask, Popular products, Related searches, Discussions and forums, AI overview",commercial,Organic
blink camera vs nest,25,25,70,16,0.55,https://www.icseecam.com/blink-camera-vs-nest-camera/,0,0,0,0.8,92,"26, 26, 26, 26, 26, 34, 34, 26, 34, 19, 26, 19",2026-08-09 19:06:05,"Sitelinks, Reviews, Video, Video Carousel, People also ask, Related searches, Discussions and forums, AI overview",commercial,Organic
blink camera vs nest,65,65,70,16,0.55,https://www.icseecam.com/es/blink-camera-vs-nest-camera/,0,0,0,0.8,92,"26, 26, 26, 26, 26, 34, 34, 26, 34, 19, 26, 19",2026-08-09 19:06:05,"Sitelinks, Reviews, Video, Video Carousel, People also ask, Related searches, Discussions and forums, AI overview",commercial,Organic
blink camera vs nest,69,69,70,16,0.55,https://www.icseecam.com/cs/blink-camera-vs-nest-camera/,0,0,0,0.8,92,"26, 26, 26, 26, 26, 34, 34, 26, 34, 19, 26, 19",2026-08-09 19:06:05,"Sitelinks, Reviews, Video, Video Carousel, People also ask, Related searches, Discussions and forums, AI overview",commercial,Organic
is recording audio on security camera illegal,94,94,140,11,0,https://www.icseecam.com/is-recording-audio-on-security-camera-illegal/,0,0,0,0.01,135,"81, 65, 43, 34, 43, 34, 34, 34, 43, 28, 34, 34",2026-07-10 03:56:25,"Sitelinks, Reviews, Video, Video Carousel, People also ask, Related searches, AI overview",informational,Organic
ring outdoor camera 24 7 recording,61,61,30,34,1.56,https://www.icseecam.com/do-ring-cameras-record-24-7/,0,0,0,1,177,"28, 57, 14, 14, 100, 100, 28, 28, 28, 28, 28, 28",2026-07-09 09:45:17,"Sitelinks, Reviews, Video, Video Carousel, People also ask, Popular products, Related searches","informational, navigational",Organic
security cameras not made in china,74,74,50,8,1.19,https://www.icseecam.com/top-4-chinese-security-camera-manufacturers/,0,0,0,0.89,159,"26, 26, 53, 34, 15, 26, 11, 7, 7, 15, 19, 7",2026-07-09 00:46:30,"Sitelinks, Reviews, Video, People also ask, Related searches, AI overview",informational,Organic
ring camera no wifi,59,59,70,19,1.64,https://www.icseecam.com/zh-CN/do-ring-cameras-work-without-wifi/,0,0,0,0.9,147,"41, 52, 82, 41, 41, 41, 29, 29, 11, 23, 41, 11",2026-07-02 20:19:23,"Sitelinks, Video, People also ask, Popular products, Related searches, AI overview","commercial, informational",Organic
ring or blink camera,40,40,30,14,1.08,https://www.icseecam.com/blink-vs-ring-camera-5-key-comparisons/,0,0,0,1,166,"4, 14, 9, 33, 19, 100, 0, 0, 0, 0, 9, 4",2026-08-01 05:14:22,"Sitelinks, Video, Video Carousel, People also ask, Related searches, Short videos, Discussions and forums, AI overview","commercial, informational",Organic
how to reset ring doorbell without app,48,48,40,25,0,https://www.icseecam.com/reactivate-ring-doorbell-camera-without-pin-code/,0,0,0,0.33,125,"45, 63, 63, 81, 63, 81, 27, 18, 18, 18, 18, 18",2026-07-17 16:18:58,"Video, Video Carousel, People also ask, Related searches, Short videos, Discussions and forums, AI overview",informational,Organic
good security camera brands,13,13,140,54,2.99,https://www.icseecam.com/top-10-cctv-camera-brands-in-the-united-states/,0,0,0,1,182,"66, 14, 29, 43, 18, 18, 14, 22, 22, 22, 22, 35",2026-07-26 01:50:37,"Sitelinks, Video, Image, Video Carousel, People also ask, Popular products, Related searches, Discussions and forums, AI overview",commercial,Organic
arlo vs ring cameras,40,40,30,25,1.44,https://www.icseecam.com/arlo-vs-ring-cameras/,0,0,0,1,154,"28, 0, 57, 71, 0, 42, 71, 71, 28, 57, 14, 42",2026-07-09 11:49:21,"Sitelinks, Video, Video Carousel, People also ask, Related searches, AI overview","commercial, informational",Organic
eseecloud camera app,35,35,50,18,0.42,https://www.icseecam.com/what-is-eseecloud/,0,0,0,0.11,168,"1, 1, 3, 3, 5, 8, 3, 2, 3, 3, 3, 1",2026-08-09 01:33:05,"Sitelinks, Reviews, Video, Video Carousel, People also ask, Related searches, AI overview",informational,Organic
eseecloud camera app,45,45,50,18,0.42,https://www.icseecam.com/eseecloud-app-download/,0,0,0,0.11,168,"1, 1, 3, 3, 5, 8, 3, 2, 3, 3, 3, 1",2026-08-09 01:33:05,"Sitelinks, Reviews, Video, Video Carousel, People also ask, Related searches, AI overview",informational,Organic
us solar panel makers,81,81,90,46,3.61,https://www.icseecam.com/top-10-solar-panel-manufacturers-in-the-usa-2025/,0,0,0,0.43,193,"0, 0, 0, 0, 0, 0, 8, 10, 6, 13, 13, 13",2026-08-08 06:13:25,"Sitelinks, Video, Video Carousel, People also ask, Related searches, AI overview",informational,Organic
ring 24 7,40,40,40,30,3.51,https://www.icseecam.com/do-ring-cameras-record-24-7/,0,0,0,0.33,0,"63, 63, 45, 45, 36, 18, 18, 18, 18, 18, 18, 18",2026-07-21 09:43:45,"Sitelinks, Video, Video Carousel, People also ask, Related searches, AI overview",navigational,Organic
what does it mean when ring camera flashes blue,21,21,90,17,0,https://www.icseecam.com/what-does-solid-blue-light-on-ring-cameras-mean%EF%BC%9F/,0,0,0,0.33,101,"14, 14, 80, 42, 14, 80, 100, 80, 33, 23, 9, 9",2026-06-25 14:19:43,"Sitelinks, Video, Video Carousel, People also ask, Related searches, AI overview",informational,Organic
what does the blue light on the ring camera mean,23,23,70,13,0,https://www.icseecam.com/what-does-solid-blue-light-on-ring-cameras-mean%EF%BC%9F/,0,0,0,0.33,107,"14, 50, 78, 78, 28, 35, 35, 35, 50, 28, 35, 50",2026-06-25 23:44:23,"Sitelinks, Video, People also ask, Related searches, Discussions and forums, AI overview",informational,Organic
which is better ring or blink,45,45,260,21,0.91,https://www.icseecam.com/blink-vs-ring-camera-5-key-comparisons/,0,0,0,0.98,92,"44, 66, 35, 35, 44, 54, 44, 23, 35, 35, 35, 35",2026-08-02 20:34:55,"Sitelinks, Video, Video Carousel, People also ask, Related searches, Discussions and forums, AI overview","commercial, informational",Organic
which is better ring or blink,52,52,260,21,0.91,https://www.icseecam.com/blink-vs-ring-camera-5-key-comparisons/,0,0,0,0.98,92,"44, 66, 35, 35, 44, 54, 44, 23, 35, 35, 35, 35",2026-08-02 20:34:55,"Sitelinks, Video, Video Carousel, People also ask, Related searches, Discussions and forums, AI overview","commercial, informational",Organic
which is better ring or blink,78,78,260,21,0.91,https://www.icseecam.com/de/blink-vs-ring-camera-5-key-comparisons/,0,0,0,0.98,92,"44, 66, 35, 35, 44, 54, 44, 23, 35, 35, 35, 35",2026-08-02 20:34:55,"Sitelinks, Video, Video Carousel, People also ask, Related searches, Discussions and forums, AI overview","commercial, informational",Organic
best nvr camera system,60,60,260,29,1.99,https://www.icseecam.com/best-home-security-camera-with-nvr-systems-2026/,0,0,0,1,167,"54, 44, 66, 36, 36, 29, 36, 23, 23, 29, 23, 29",2026-06-29 11:04:06,"Sitelinks, Reviews, Video, Image, Video Carousel, People also ask, Related searches, Discussions and forums, AI overview",commercial,Organic
how to set up ring cameras,31,31,70,23,1.37,https://www.icseecam.com/how-to-set-up-ring-camera%EF%BC%9F/,0,0,0,0.06,92,"0, 17, 53, 10, 7, 53, 12, 17, 12, 12, 12, 5",2026-07-22 16:29:55,"Sitelinks, Video, Video Carousel, People also ask, Related searches, AI overview",informational,Organic
how long does a camera battery last,90,90,90,9,0,https://www.icseecam.com/how-long-do-solar-powered-security-cameras-last/,0,0,0,0.33,141,"65, 42, 42, 26, 34, 34, 26, 34, 42, 19, 26, 26",2026-07-05 23:22:44,"Sitelinks, Video, Video Carousel, People also ask, Related searches, AI overview",informational,Organic
solar cell producers,76,76,110,51,2.61,https://www.icseecam.com/top-10-solar-panel-manufacturers-in-the-usa-2025/,0,0,0,0.03,192,"80, 53, 26, 19, 34, 34, 53, 19, 34, 26, 65, 53",2026-07-15 19:20:27,"Sitelinks, Video, Video Carousel, People also ask, Related searches, AI overview",informational,Organic
how to reconnect ring cameras to new wifi,38,38,90,25,0.01,https://www.icseecam.com/how-to-reconnect-ring-camera-to-wifi/,0,0,0,0.03,113,"100, 81, 100, 81, 45, 45, 63, 100, 100, 100, 81, 9",2026-08-11 07:03:23,"Sitelinks, Video, Video Carousel, People also ask, Related searches, AI overview",informational,Organic
what does the blue light on a ring camera mean,24,24,140,12,0,https://www.icseecam.com/what-does-solid-blue-light-on-ring-cameras-mean%EF%BC%9F/,0,0,0,0.33,100,"81, 18, 18, 11, 18, 54, 15, 15, 11, 15, 18, 15",2026-08-02 08:25:40,"Sitelinks, Video, People also ask, Related searches, Discussions and forums, AI overview",informational,Organic
what does the blue light on a ring camera mean,30,30,140,12,0,https://www.icseecam.com/what-does-solid-blue-light-on-ring-cameras-mean%EF%BC%9F/,0,0,0,0.33,100,"81, 18, 18, 11, 18, 54, 15, 15, 11, 15, 18, 15",2026-08-02 08:25:40,"Sitelinks, Video, People also ask, Related searches, Discussions and forums, AI overview",informational,Organic
does blink camera record all the time,36,36,70,14,0,https://www.icseecam.com/do-blink-cameras-record-24-7/,0,0,0,0.03,58,"100, 26, 15, 19, 19, 19, 26, 19, 15, 19, 26, 26",2026-06-26 19:53:07,"Sitelinks, Video, Video Carousel, People also ask, Related searches, AI overview",informational,Organic
eseecloud cameras,42,42,170,36,1.04,https://www.icseecam.com/what-is-eseecloud/,0,0,0,1,175,"23, 15, 19, 23, 23, 23, 29, 12, 15, 81, 12, 12",2026-07-05 11:38:01,"Sitelinks, Reviews, Video, Video Carousel, People also ask, Popular products, Related searches",commercial,Organic
eseecloud cameras,59,59,170,36,1.04,https://www.icseecam.com/product-category/eseecloud/,0,0,0,1,175,"23, 15, 19, 23, 23, 23, 29, 12, 15, 81, 12, 12",2026-07-05 11:38:01,"Sitelinks, Reviews, Video, Video Carousel, People also ask, Popular products, Related searches",commercial,Organic
eseecloud cameras,65,65,170,36,1.04,https://www.icseecam.com/eseecloud-app-download/,0,0,0,1,175,"23, 15, 19, 23, 23, 23, 29, 12, 15, 81, 12, 12",2026-07-05 11:38:01,"Sitelinks, Reviews, Video, Video Carousel, People also ask, Popular products, Related searches",commercial,Organic
is it recording,72,72,50,12,0,https://www.icseecam.com/do-ring-cameras-record-24-7/,0,0,0,0.33,122,"11, 11, 11, 11, 11, 11, 11, 11, 11, 64, 64, 82",2026-08-16 07:04:19,"Sitelinks, Reviews, Video, Video Carousel, People also ask, Related searches, AI overview",informational,Organic
mobile surveillance camera manufacturer,78,78,90,19,0,https://www.icseecam.com/top-10-cctv-manufacturers-in-the-world/,0,0,0,0,201,"15, 100, 3, 53, 7, 34",2026-07-08 00:06:39,"Local pack, Sitelinks, Reviews, Video, Video Carousel, Related searches, AI overview","commercial, informational",Organic
how to set up my ring camera,44,44,70,27,1.25,https://www.icseecam.com/how-to-set-up-ring-camera%EF%BC%9F/,0,0,0,0.17,104,"18, 100, 18, 36, 63, 100, 81, 63, 81, 81, 9, 100",2026-08-07 03:00:59,"Video, Video Carousel, People also ask, Related searches, Discussions and forums, AI overview",informational,Organic
app yoosee,36,36,70,37,0.12,https://www.icseecam.com/yoosee-app/,0,0,0,0.07,137,"19, 9, 52, 42, 4, 4, 14, 52, 100, 42, 23, 52",2026-08-09 07:56:47,"Sitelinks, Reviews, Video, People also ask, Related searches, AI overview","informational, transactional",Organic
2 way audio surveillance camera,55,55,110,11,1.61,https://www.icseecam.com/best-two-way-audio-security-camera-manufacturers/,0,0,0,0.75,181,"35, 28, 43, 28, 28, 35, 23, 17, 17, 17, 28, 23",2026-07-16 23:44:55,"Sitelinks, Video, Video Carousel, People also ask, Popular products, Related searches, Discussions and forums, AI overview","commercial, informational",Organic
nest v ring,54,54,50,36,2.03,https://www.icseecam.com/nest-vs-ring-doorbell-camera/,0,0,0,0.48,148,"0, 1, 0, 1, 1, 28, 0, 3, 1, 44, 23, 6",2026-07-06 05:58:59,"Sitelinks, Reviews, Video, Video Carousel, People also ask, Related searches, Discussions and forums, AI overview",commercial,Organic
free security cameras,50,50,210,42,5.63,https://www.icseecam.com/top-subscription-free-security-cameras/,0,0,0,1,173,"15, 23, 29, 44, 44, 54, 19, 29, 29, 23, 19, 29",2026-07-18 21:46:38,"Sitelinks, Reviews, Video, Image, Video Carousel, People also ask, Related searches, AI overview",commercial,Organic
best farm security cameras without wifi,31,31,110,11,1.44,https://www.icseecam.com/farm-security-cameras-without-wifi-why-theyre-a-must-have/,0,0,0,1,106,"5, 7, 12, 17, 7, 5, 12, 66, 82, 100",2026-08-07 03:02:46,"Sitelinks, Video, Video Carousel, People also ask, Popular products, Related searches, AI overview",commercial,Organic
top 10 solar panels manufacturers in the world,86,86,70,27,4.04,https://www.icseecam.com/top-10-solar-panels-manufacturers-in-the-world/,0,0,0,0.28,132,"52, 66, 100, 66, 33, 33, 4, 14, 9, 4, 19, 0",2026-07-16 23:16:51,"Sitelinks, Video, People also ask, Related searches, AI overview",informational,Organic
cameras with solar panels,53,53,140,23,0.66,https://www.icseecam.com/security-cameras-with-solar-panels/,0,0,0,1,194,"14, 100, 80, 80, 80, 66, 66, 66, 52, 66, 52, 100",2026-07-10 14:50:48,"Image pack, Sitelinks, Reviews, Video, Video Carousel, People also ask, Popular products, Related searches, AI overview","commercial, informational",Organic
high speed camera technology key players manufacturers,98,98,260,15,0,https://www.icseecam.com/2024-biggest-security-camera-companies/,0,0,0,0,118,"2, 100, 100, 15, 0, 0",2026-07-08 19:54:49,"Reviews, Video, People also ask, AI overview",informational,Organic
ubox solar camera,9,9,70,0,0.52,https://www.icseecam.com/ubox-solar-security-camera-review/,0,0,0,1,216,"11, 11, 17, 29, 41, 29, 100, 29, 29, 23, 23, 64",2026-07-23 11:15:23,"Image pack, Sitelinks, Reviews, Video, Image, Video Carousel, People also ask, Popular products, Related searches, AI overview","commercial, informational",Organic
ubox solar camera,24,24,70,0,0.52,https://www.icseecam.com/ubox-solar-security-camera-review/,0,0,0,1,216,"11, 11, 17, 29, 41, 29, 100, 29, 29, 23, 23, 64",2026-07-23 11:15:23,"Image pack, Sitelinks, Reviews, Video, Image, Video Carousel, People also ask, Popular products, Related searches, AI overview","commercial, informational",Organic
eseecloud customer service telephone number,34,34,70,0,0,https://www.icseecam.com/what-is-eseecloud/,0,0,0,0.01,130,"100, 81, 100, 63, 63, 45, 36, 63, 63, 63, 63, 63",2026-07-27 18:41:26,"Sitelinks, Reviews, Video, People also ask, Related searches","informational, transactional",Organic
eseecloud customer service telephone number,89,89,70,0,0,https://www.icseecam.com/contact/,0,0,0,0.01,130,"100, 81, 100, 63, 63, 45, 36, 63, 63, 63, 63, 63",2026-07-27 18:41:26,"Sitelinks, Reviews, Video, People also ask, Related searches","informational, transactional",Organic
tuya peephole camera manual,25,25,40,,0,https://www.icseecam.com/tuya-smart-camera-manual/,0,0,0,0.33,108,"41, 100, 11, 23, 11, 11, 0, 11, 11, 11, 11, 11",2026-07-19 19:57:01,"Video, Video Carousel, People also ask, Related searches",informational,Organic
icsee pro,23,23,110,38,0.13,https://www.icseecam.com/icsee-pro-app-download/,0,0,0,0.18,199,"35, 5, 15, 100, 11, 8, 8, 15, 11, 11, 1, 3",2026-07-07 02:27:27,"Sitelinks, Reviews, Video, Video Carousel, People also ask, Related searches, AI overview",informational,Organic
icsee pro,38,38,110,38,0.13,https://www.icseecam.com/es/icsee-pro-app-download/,0,0,0,0.18,199,"35, 5, 15, 100, 11, 8, 8, 15, 11, 11, 1, 3",2026-07-07 02:27:27,"Sitelinks, Reviews, Video, Video Carousel, People also ask, Related searches, AI overview",informational,Organic
icsee pro,39,39,110,38,0.13,https://www.icseecam.com/es/icsee-pro-app-download/,0,0,0,0.18,199,"35, 5, 15, 100, 11, 8, 8, 15, 11, 11, 1, 3",2026-07-07 02:27:27,"Sitelinks, Reviews, Video, Video Carousel, People also ask, Related searches, AI overview",informational,Organic
icsee pro,46,46,110,38,0.13,https://www.icseecam.com/download/,0,0,0,0.18,199,"35, 5, 15, 100, 11, 8, 8, 15, 11, 11, 1, 3",2026-07-07 02:27:27,"Sitelinks, Reviews, Video, Video Carousel, People also ask, Related searches, AI overview",informational,Organic
icsee pro,50,50,110,38,0.13,https://www.icseecam.com/icsee/,0,0,0,0.18,199,"35, 5, 15, 100, 11, 8, 8, 15, 11, 11, 1, 3",2026-07-07 02:27:27,"Sitelinks, Reviews, Video, Video Carousel, People also ask, Related searches, AI overview",informational,Organic
icsee pro,55,55,110,38,0.13,https://www.icseecam.com/the-ultimate-guide-to-icsee-everything-you-need-to-know/,0,0,0,0.18,199,"35, 5, 15, 100, 11, 8, 8, 15, 11, 11, 1, 3",2026-07-07 02:27:27,"Sitelinks, Reviews, Video, Video Carousel, People also ask, Related searches, AI overview",informational,Organic
icsee pro,59,59,110,38,0.13,https://www.icseecam.com/,0,0,0,0.18,199,"35, 5, 15, 100, 11, 8, 8, 15, 11, 11, 1, 3",2026-07-07 02:27:27,"Sitelinks, Reviews, Video, Video Carousel, People also ask, Related searches, AI overview",informational,Organic
ip vs analog camera,79,79,50,15,0.53,https://www.icseecam.com/ip-camera-vs-analog-camera/,0,0,0,0.31,111,"18, 45, 63, 36, 100, 81, 45, 45, 45, 27, 63, 63",2026-07-08 13:49:40,"Image pack, Sitelinks, Reviews, Video, People also ask, Related searches, Discussions and forums, AI overview",commercial,Organic
wire free home security camera,55,55,480,32,1.66,https://www.icseecam.com/best-wire-free-home-security-cameras-in-2026/,0,0,0,0.76,173,"0, 0, 0, 1, 0, 0, 0, 0, 0, 100, 0, 0",2026-07-27 09:26:20,"Sitelinks, Reviews, Video, Video Carousel, Popular products, Related searches, Discussions and forums, AI overview","commercial, informational",Organic
us based security cameras,76,76,30,30,2.15,https://www.icseecam.com/top-10-cctv-manufacturers-in-usa/,0,0,0,1,193,"23, 11, 17, 11, 11, 17, 11, 11, 11, 17, 17, 11",2026-08-09 05:45:45,"Sitelinks, Reviews, Video, People also ask, Related searches, AI overview",informational,Organic
us based security cameras,82,82,30,30,2.15,https://www.icseecam.com/top-10-cctv-manufacturers-in-usa/,0,0,0,1,193,"23, 11, 17, 11, 11, 17, 11, 11, 11, 17, 17, 11",2026-08-09 05:45:45,"Sitelinks, Reviews, Video, People also ask, Related searches, AI overview",informational,Organic
eesee cloud,41,41,110,32,1.68,https://www.icseecam.com/what-is-eseecloud/,0,0,0,0.11,105,"7, 7, 11, 19, 26, 26, 53, 53, 80, 42, 100, 80",2026-06-27 08:46:16,"Sitelinks, Reviews, Video, People also ask, Related searches",informational,Organic
eesee cloud,54,54,110,32,1.68,https://www.icseecam.com/eseecloud-app-download/,0,0,0,0.11,105,"7, 7, 11, 19, 26, 26, 53, 53, 80, 42, 100, 80",2026-06-27 08:46:16,"Sitelinks, Reviews, Video, People also ask, Related searches",informational,Organic
eesee cloud,60,60,110,32,1.68,https://www.icseecam.com/product/y1018-indoor-eseecloud-5g-wifi-camera/,0,0,0,0.11,105,"7, 7, 11, 19, 26, 26, 53, 53, 80, 42, 100, 80",2026-06-27 08:46:16,"Sitelinks, Reviews, Video, People also ask, Related searches",informational,Organic
eesee cloud,61,61,110,32,1.68,https://www.icseecam.com/product/y1018-indoor-eseecloud-5g-wifi-camera/,0,0,0,0.11,105,"7, 7, 11, 19, 26, 26, 53, 53, 80, 42, 100, 80",2026-06-27 08:46:16,"Sitelinks, Reviews, Video, People also ask, Related searches",informational,Organic
eesee cloud,66,66,110,32,1.68,https://www.icseecam.com/product-category/eseecloud/,0,0,0,0.11,105,"7, 7, 11, 19, 26, 26, 53, 53, 80, 42, 100, 80",2026-06-27 08:46:16,"Sitelinks, Reviews, Video, People also ask, Related searches",informational,Organic
dual camera security system,46,46,30,12,5.4,https://www.icseecam.com/10-best-dual-lens-security-camera-manufacturers/,0,0,0,1,195,"18, 18, 100, 18, 18, 18, 18, 18, 18, 18, 18, 18",2026-07-07 20:02:11,"Sitelinks, Reviews, Video, Image, Video Carousel, Popular products, Related searches, Discussions and forums",commercial,Organic
best home cameras without subscription,47,47,390,22,2.57,https://www.icseecam.com/best-home-security-camera-without-subscription/,0,0,0,1,177,"35, 66, 66, 54, 81, 54, 54, 44, 54, 81, 100, 81",2026-08-17 07:02:41,"Sitelinks, Reviews, Video, Ads bottom, Video Carousel, People also ask, Related searches, Discussions and forums, AI overview",commercial,Organic
best home cameras without subscription,49,49,390,22,2.57,https://www.icseecam.com/best-home-security-camera-without-subscription/,0,0,0,1,177,"35, 66, 66, 54, 81, 54, 54, 44, 54, 81, 100, 81",2026-08-17 07:02:41,"Sitelinks, Reviews, Video, Ads bottom, Video Carousel, People also ask, Related searches, Discussions and forums, AI overview",commercial,Organic
nest v ring camera,49,49,40,35,1.54,https://www.icseecam.com/nest-vs-ring-doorbell-camera/,0,0,0,0.7,162,"0, 0, 0, 2, 2, 2, 0, 2, 10, 66, 6, 14",2026-07-13 03:59:34,"Sitelinks, Reviews, Video, Video Carousel, People also ask, Related searches, Discussions and forums, AI overview",informational,Organic
delete ring videos,29,29,140,22,0,https://www.icseecam.com/how-to-remove-ring-camera-history-on-ring-app/,0,0,0,0.33,105,"52, 100, 66, 80, 66, 52, 66, 52, 52, 80, 100, 66",2026-08-12 03:55:21,"Sitelinks, Reviews, Video, Video Carousel, People also ask, Related searches, AI overview",informational,Organic
iseecams,51,51,880,19,0.59,https://www.icseecam.com/,0,0,0,0.75,2890,"2, 2, 4, 100, 3, 2, 3, 3, 1, 2, 3, 2",2026-08-08 19:46:13,"Sitelinks, Reviews, AI overview",navigational,Organic
long range video surveillance camera,53,53,210,27,1.46,https://www.icseecam.com/top-5-long-range-security-camera-manufacturers/,0,0,0,1,174,"66, 66, 18, 28, 81, 81, 6, 18, 18, 15, 28, 18",2026-07-10 03:24:22,"Sitelinks, Reviews, Video, Video Carousel, People also ask, Related searches, AI overview",commercial,Organic
blue light on ring camera,31,31,210,15,0,https://www.icseecam.com/what-does-solid-blue-light-on-ring-cameras-mean%EF%BC%9F/,0,0,0,0.33,125,"29, 19, 29, 29, 29, 44, 15, 23, 19, 23, 36, 29",2026-07-29 20:50:01,"Sitelinks, Reviews, Video, Video Carousel, People also ask, Related searches, AI overview",informational,Organic
camera systems without subscription,57,57,70,37,3.53,https://www.icseecam.com/best-home-security-camera-without-subscription/,0,0,0,1,188,"29, 29, 11, 11, 23, 100, 82, 82, 100, 11, 11, 11",2026-08-14 13:34:10,"Sitelinks, Reviews, Video, Video Carousel, People also ask, Popular products, Related searches, Discussions and forums, AI overview",commercial,Organic
how far can a cctv camera see,72,72,90,7,0,https://www.icseecam.com/how-far-can-security-cameras-see%EF%BC%9F/,0,0,0,0.12,125,"100, 100, 50, 50, 50, 50, 50, 50, 50, 50, 50, 78",2026-07-16 22:13:15,"Sitelinks, Reviews, Video, Video Carousel, People also ask, Related searches",informational,Organic
how far can a cctv camera see,80,80,90,7,0,https://www.icseecam.com/how-far-can-security-cameras-see%EF%BC%9F/,0,0,0,0.12,125,"100, 100, 50, 50, 50, 50, 50, 50, 50, 50, 50, 78",2026-07-16 22:13:15,"Sitelinks, Reviews, Video, Video Carousel, People also ask, Related searches",informational,Organic
ring app network settings,44,44,40,23,0,https://www.icseecam.com/how-to-reconnect-ring-camera-to-wifi/,0,0,0,0.02,100,"18, 100, 36, 100, 81, 18, 18, 18, 18, 18, 18, 18",2026-08-10 11:16:39,"Video, Video Carousel, People also ask, Related searches, AI overview",informational,Organic
ring vs arlo cameras,42,42,90,26,0.94,https://www.icseecam.com/arlo-vs-ring-cameras/,0,0,0,1,113,"34, 21, 43, 12, 12, 28, 43, 15, 21, 28, 28, 21",2026-07-10 20:51:45,"Sitelinks, Video, Video Carousel, People also ask, Related searches, Discussions and forums",commercial,Organic
school security camera systems,63,63,110,10,0,https://www.icseecam.com/school-security-cameras-trusted-brands-reviewed/,0,0,0,0,181,"42, 42, 100, 66, 52, 100, 80, 52, 52, 33, 33, 33",2026-07-14 09:56:21,"Sitelinks, Reviews, Video, Video Carousel, People also ask, Popular products, Related searches, Ads middle, AI overview","commercial, informational",Organic
school security camera systems,72,72,110,10,0,https://www.icseecam.com/school-security-cameras-trusted-brands-reviewed/,0,0,0,0,181,"42, 42, 100, 66, 52, 100, 80, 52, 52, 33, 33, 33",2026-07-14 09:56:21,"Sitelinks, Reviews, Video, Video Carousel, People also ask, Popular products, Related searches, Ads middle, AI overview","commercial, informational",Organic
us solar module manufacturers,83,83,260,50,3.42,https://www.icseecam.com/top-10-solar-panel-manufacturers-in-the-usa-2025/,0,0,0,0.44,132,"36, 24, 8, 8, 8, 30, 24, 13, 20, 10, 13, 13",2026-07-31 04:35:10,"Sitelinks, Video, People also ask, Related searches, AI overview",informational,Organic
compañia de camaras de seguridad,46,46,40,0,13.23,https://www.icseecam.com/es/top-10-cctv-manufacturers-in-usa/,0,0,0,0.94,163,"11, 23, 29, 17, 29, 23, 23, 29, 17, 29, 29, 23",2026-08-17 12:52:24,"Sitelinks, Reviews, Video, Jobs search, People also ask, Popular products, Related searches, AI overview",commercial,Organic
compañia de camaras de seguridad,60,60,40,0,13.23,https://www.icseecam.com/es/top-10-cctv-camera-wholesale-suppliers/,0,0,0,0.94,163,"11, 23, 29, 17, 29, 23, 23, 29, 17, 29, 29, 23",2026-08-17 12:52:24,"Sitelinks, Reviews, Video, Jobs search, People also ask, Popular products, Related searches, AI overview",commercial,Organic
compañia de camaras de seguridad,66,66,40,0,13.23,https://www.icseecam.com/es/top-10-cctv-camera-brands-in-the-united-states/,0,0,0,0.94,163,"11, 23, 29, 17, 29, 23, 23, 29, 17, 29, 29, 23",2026-08-17 12:52:24,"Sitelinks, Reviews, Video, Jobs search, People also ask, Popular products, Related searches, AI overview",commercial,Organic
ip camera manufacturer,27,27,30,20,3.29,https://www.icseecam.com/top-10-cctv-manufacturers-in-the-world/,0,0,0,0.22,176,"7, 7, 11, 11, 11, 15, 19, 26, 7, 7, 7, 7",2026-07-09 08:54:41,"Local pack, Sitelinks, Reviews, Video, People also ask, Related searches, AI overview",informational,Organic
ubox bird feeder camera,41,41,140,23,0.37,https://www.icseecam.com/product/ubox-rs1-4g-wifi-bird-house-camera/,0,0,0,1,190,"5, 5, 5, 5, 5, 7, 66, 100, 43, 53, 66, 66",2026-08-13 08:06:14,"Sitelinks, Reviews, Video, People also ask, Related searches, AI overview",informational,Organic
ubox camera,44,0,2900,41,1,https://www.icseecam.com/ubox-camera/,0,0,0,0.97,167,"44, 66, 66, 66, 80, 80, 80, 100, 66, 80, 100, 100",2026-08-18 15:05:01,"Sitelinks, Reviews, Video, Image, People also ask, Popular products, Related searches","commercial, informational",Organic
ubox camera,51,43,2900,41,1,https://www.icseecam.com/ubox-solar-security-camera-review/,0,0,0,0.97,167,"44, 66, 66, 66, 80, 80, 80, 100, 66, 80, 100, 100",2026-08-18 15:05:01,"Sitelinks, Reviews, Video, Image, People also ask, Popular products, Related searches","commercial, informational",Organic
what is better ring or blink,46,46,90,23,1.39,https://www.icseecam.com/blink-vs-ring-camera-5-key-comparisons/,0,0,0,0.62,129,"33, 42, 80, 42, 42, 52, 66, 42, 23, 33, 33, 33",2026-07-10 05:37:00,"Sitelinks, Reviews, Video, People also ask, Related searches, AI overview",informational,Organic
what is better ring or blink,48,48,90,23,1.39,https://www.icseecam.com/blink-vs-ring-camera-5-key-comparisons/,0,0,0,0.62,129,"33, 42, 80, 42, 42, 52, 66, 42, 23, 33, 33, 33",2026-07-10 05:37:00,"Sitelinks, Reviews, Video, People also ask, Related searches, AI overview",informational,Organic
what is better ring or blink,68,68,90,23,1.39,https://www.icseecam.com/de/blink-vs-ring-camera-5-key-comparisons/,0,0,0,0.62,129,"33, 42, 80, 42, 42, 52, 66, 42, 23, 33, 33, 33",2026-07-10 05:37:00,"Sitelinks, Reviews, Video, People also ask, Related searches, AI overview",informational,Organic
is arlo better than ring,69,69,90,19,2.05,https://www.icseecam.com/arlo-vs-ring-cameras/,0,0,0,0.99,95,"29, 64, 23, 64, 64, 64, 82, 41, 64, 41, 29, 41",2026-08-12 08:58:33,"Sitelinks, Reviews, Video, Ads top, Ads bottom, People also ask, Related searches, Discussions and forums, AI overview","commercial, informational",Organic
largest manufacturer of solar panels,88,88,70,52,9.97,https://www.icseecam.com/top-10-solar-panels-manufacturers-in-the-world/,0,0,0,0.08,135,"64, 100, 64, 78, 64, 50, 50, 28, 35, 35, 35, 35",2026-07-30 00:53:25,"Sitelinks, Video, People also ask, Related searches, AI overview",informational,Organic
solar panel top,63,63,40,32,2.46,https://www.icseecam.com/top-10-solar-panels-manufacturers-in-the-world/,0,0,0,1,185,"22, 8, 6, 10, 8, 2, 6, 6, 8, 8, 4, 4",2026-07-30 02:45:39,"Image pack, Sitelinks, Video, Image, People also ask, Related searches, Discussions and forums, AI overview",commercial,Organic
ring camera 24/7 recording,83,0,90,24,3.45,https://www.icseecam.com/do-ring-cameras-record-24-7/,0,0,0,0.95,5230000,"0, 0, 23, 0, 41, 100, 64, 64, 82, 82, 52, 52",2026-08-18 10:29:59,"Sitelinks, Reviews, Video, People also ask, Related searches, Discussions and forums, AI overview","informational, navigational",Organic
who makes lorex cameras,48,48,40,37,0,https://www.icseecam.com/where-are-lorex-cameras-manufactured/,0,0,0,0.01,165,"23, 19, 19, 14, 19, 9, 52, 9, 33, 9, 14, 9",2026-07-06 21:07:39,"Sitelinks, Reviews, People also ask, Related searches, AI overview",informational,Organic
curisee smart ptz solar camera,41,41,40,15,1.07,https://www.icseecam.com/product-category/solar-security-camera/,0,0,0,1,160,"100, 23, 11, 11, 11, 11, 11, 11, 11, 11, 11, 11",2026-06-24 10:58:08,"Sitelinks, Video, People also ask, Related searches, AI overview",informational,Organic
curisee smart ptz solar camera,48,48,40,15,1.07,https://www.icseecam.com/icsee/,0,0,0,1,160,"100, 23, 11, 11, 11, 11, 11, 11, 11, 11, 11, 11",2026-06-24 10:58:08,"Sitelinks, Video, People also ask, Related searches, AI overview",informational,Organic
ptz camera manufacturers,63,63,30,23,3.28,https://www.icseecam.com/top-6-ptz-camera-manufacturers-in-the-us/,0,0,0,0.18,187,"7, 7, 7, 19, 7, 7, 19, 7, 7, 7, 7, 7",2026-07-20 01:00:03,"Sitelinks, Video, People also ask, Popular products, Related searches",commercial,Organic
hack the camera,94,94,260,47,0,https://www.icseecam.com/how-to-hack-into-security-cameras%EF%BC%9F/,0,0,0,0.33,303000000,"100, 35, 35, 66, 66, 66, 66, 82, 66, 100, 100, 66",2026-08-11 10:07:26,"Sitelinks, Video Carousel, AI overview",informational,Organic
security cameras industry,95,95,50,44,14.16,https://www.icseecam.com/top-10-cctv-manufacturers-in-usa/,0,0,0,0.87,201,"0, 0, 0, 0, 0, 0, 0, 100, 80, 65, 0, 0",2026-07-09 19:17:38,"Sitelinks, Reviews, Video, People also ask, Popular products, Related searches, AI overview","commercial, informational",Organic
solar panel manufacturers usa,83,83,260,58,3.42,https://www.icseecam.com/top-10-solar-panel-manufacturers-in-the-usa-2025/,0,0,0,0.44,182,"23, 23, 36, 29, 66, 29, 29, 23, 36, 36, 44, 44",2026-07-15 03:02:08,"Local pack, Sitelinks, Video, People also ask, Related searches",commercial,Organic
ring vs blink cameras,43,43,140,34,0.87,https://www.icseecam.com/blink-vs-ring-camera-5-key-comparisons/,0,0,0,0.88,103,"15, 23, 15, 12, 29, 23, 10, 2, 12, 10, 12, 36",2026-08-07 19:36:13,"Sitelinks, Video, People also ask, Related searches, Short videos, Discussions and forums, AI overview",commercial,Organic
american made security cameras,63,63,320,10,2.71,https://www.icseecam.com/cellular-security-camera-manufacturers-in-the-usa/,0,0,0,1,186,"81, 81, 66, 54, 54, 54, 54, 54, 44, 44, 44, 35",2026-07-26 18:03:33,"Sitelinks, Reviews, Video, Image, People also ask, Popular products, Related searches, AI overview",informational,Organic
ring camera flashing blue when charging,31,31,40,23,0,https://www.icseecam.com/what-does-solid-blue-light-on-ring-cameras-mean%EF%BC%9F/,0,0,0,0.33,113,"6, 6, 9, 9, 9, 15, 12, 43, 15, 9, 15, 6",2026-07-07 21:03:19,"Sitelinks, Reviews, Video, Video Carousel, People also ask, Related searches, Short videos, AI overview",informational,Organic
indoor security cameras without subscription,62,62,320,42,1.56,https://www.icseecam.com/best-home-security-camera-without-subscription/,0,0,0,1,98,"1, 11, 17, 17, 9, 7, 32, 48, 17, 100, 72, 21",2026-07-30 00:54:10,"Sitelinks, Reviews, Video, Ads top, Ads bottom, People also ask, Popular products, Related searches, Discussions and forums, AI overview",commercial,Organic
247 recording camera,46,46,30,16,3.42,https://www.icseecam.com/do-ring-cameras-record-24-7/,0,0,0,1,188,"14, 7, 14, 14, 14, 7, 14, 100, 0, 64, 7, 7",2026-07-21 01:16:51,"Sitelinks, Video, Video Carousel, People also ask, Popular products, Related searches, Discussions and forums, AI overview","commercial, informational",Organic
camera that can see sound,83,83,40,6,0,https://www.icseecam.com/top-10-sound-detection-security-camera-manufacturers/,0,0,0,0.13,195,"11, 29, 100, 23, 11, 11, 11, 11, 11, 11, 11, 11",2026-07-15 18:52:07,"Sitelinks, Reviews, Video, Video Carousel, People also ask, Popular products, Related searches, Discussions and forums, AI overview",informational,Organic
camera that can see sound,89,89,40,6,0,https://www.icseecam.com/top-10-sound-detection-security-camera-manufacturers/,0,0,0,0.13,195,"11, 29, 100, 23, 11, 11, 11, 11, 11, 11, 11, 11",2026-07-15 18:52:07,"Sitelinks, Reviews, Video, Video Carousel, People also ask, Popular products, Related searches, Discussions and forums, AI overview",informational,Organic
home security camera system no subscription,46,46,30,27,4.84,https://www.icseecam.com/best-home-security-camera-without-subscription/,0,0,0,1,186,"40, 40, 40, 60, 100, 40, 40, 40, 100, 40, 60, 40",2026-07-20 03:15:56,"Sitelinks, Reviews, Video, Image, Video Carousel, Related searches, Discussions and forums, AI overview","commercial, informational",Organic
esee cloud login,31,31,50,17,1.88,https://www.icseecam.com/what-is-eseecloud/,0,0,0,0.01,95,"22, 33, 55, 55, 44, 77, 77, 77, 100, 77, 77, 55",2026-07-13 10:15:23,"Sitelinks, Reviews, Video, People also ask, Related searches",transactional,Organic
www q see com en español,29,29,40,24,0,https://www.icseecam.com/es/product/icsee-abq-q6-solar-powered-security-camera/,0,0,0,0.5,166,"14, 28, 14, 14, 100, 100, 14, 0, 14, 14, 14, 14",2026-06-27 04:26:06,"Sitelinks, Reviews, Video, Related searches",navigational,Organic
camera ycc360 180,46,46,40,28,0,https://www.icseecam.com/ycc365-plus-camera/,0,0,0,0.33,596,"44, 55, 100, 100, 33, 22, 22, 22, 22, 22, 11, 22",2026-08-15 01:16:55,"Sitelinks, Reviews, Video, Video Carousel, People also ask, Related searches, AI overview",informational,Organic
does ring doorbell go blue when live,38,38,40,19,0,https://www.icseecam.com/what-does-solid-blue-light-on-ring-cameras-mean%EF%BC%9F/,0,0,0,0,101,"0, 52, 11, 11, 11, 100, 11, 11, 11, 11, 11, 0",2026-08-16 03:01:29,"Video, People also ask, Related searches, AI overview",informational,Organic
does ring doorbell go blue when live,46,46,40,19,0,https://www.icseecam.com/what-does-solid-blue-light-on-ring-cameras-mean%EF%BC%9F/,0,0,0,0,101,"0, 52, 11, 11, 11, 100, 11, 11, 11, 11, 11, 0",2026-08-16 03:01:29,"Video, People also ask, Related searches, AI overview",informational,Organic
who owns arlo cameras,71,71,140,40,0,https://www.icseecam.com/where-are-arlo-security-cameras-manufactured%EF%BC%9F/,0,0,0,0.04,105,"21, 43, 28, 21, 34, 53, 53, 53, 100, 43, 34, 34",2026-08-13 03:58:45,"Sitelinks, Reviews, Video, People also ask, Related searches, AI overview",informational,Organic
best wireless security camera without subscription,54,54,590,27,1.67,https://www.icseecam.com/best-home-security-camera-without-subscription/,0,0,0,1,115,"44, 100, 81, 66, 81, 81, 81, 54, 66, 66, 54, 100",2026-08-05 06:49:48,"Sitelinks, Video, People also ask, Popular products, Related searches, Discussions and forums, AI overview",commercial,Organic
how much is ring 24 7 recording,63,63,40,26,1.65,https://www.icseecam.com/do-ring-cameras-record-24-7/,0,0,0,0.14,92,"100, 23, 11, 11, 11, 11, 11, 11, 11, 11, 11, 11",2026-07-12 21:15:43,"Sitelinks, Video, People also ask, Related searches, AI overview","informational, navigational",Organic
top solar panel manufacturers,74,74,110,39,3.15,https://www.icseecam.com/top-10-solar-panel-manufacturers-in-the-usa-2025/,0,0,0,0.34,187,"53, 42, 80, 100, 80, 65, 19, 19, 15, 15, 26, 19",2026-07-26 21:16:33,"Sitelinks, Video, Video Carousel, People also ask, Popular products, Related searches",commercial,Organic
camera no subscription needed,38,38,30,35,1.4,https://www.icseecam.com/best-home-security-camera-without-subscription/,0,0,0,1,182,"0, 0, 0, 0, 0, 0, 100, 41, 11, 11, 11, 0",2026-07-21 19:23:23,"Sitelinks, Reviews, Video, Video Carousel, People also ask, Popular products, Related searches, Discussions and forums, AI overview",informational,Organic
does ring need wifi to work,39,39,50,19,0,https://www.icseecam.com/do-ring-cameras-work-without-wifi/,0,0,0,0.33,80,"11, 11, 11, 11, 11, 11, 11, 82, 100, 82, 11, 11",2026-07-13 23:47:03,"Sitelinks, Reviews, Video, Video Carousel, People also ask, Related searches, AI overview",informational,Organic
ring doorbell vs nest cam,59,59,40,40,1.99,https://www.icseecam.com/nest-vs-ring-doorbell-camera/,0,0,0,0.78,178,"18, 100, 18, 18, 18, 18, 18, 18, 100, 18, 18, 18",2026-08-16 19:37:54,"Sitelinks, Reviews, Video, People also ask, Related searches, Discussions and forums, AI overview",commercial,Organic
orbs on security camera,22,22,170,12,0,https://www.icseecam.com/what-are-orbs-on-security-cameras%EF%BC%9F/,0,0,0,0.33,103,"29, 29, 29, 35, 35, 35, 35, 29, 35, 29, 35, 29",2026-07-26 00:27:14,"Sitelinks, Video, Video Carousel, People also ask, Related searches, Short videos, Discussions and forums, AI overview",informational,Organic
orbs on security camera,29,29,170,12,0,https://www.icseecam.com/what-are-orbs-on-security-cameras%EF%BC%9F/,0,0,0,0.33,103,"29, 29, 29, 35, 35, 35, 35, 29, 35, 29, 35, 29",2026-07-26 00:27:14,"Sitelinks, Video, Video Carousel, People also ask, Related searches, Short videos, Discussions and forums, AI overview",informational,Organic
camera companies in usa,74,74,90,17,4.66,https://www.icseecam.com/top-10-cctv-manufacturers-in-usa/,0,0,0,0.11,130,"50, 64, 50, 78, 64, 35, 21, 64, 64, 50, 78, 78",2026-08-12 01:25:22,"Sitelinks, Reviews, Video, People also ask, Related searches, Discussions and forums, AI overview",informational,Organic
camera companies in usa,96,96,90,17,4.66,https://www.icseecam.com/la/top-10-cctv-camera-brands-in-the-united-states/,0,0,0,0.11,130,"50, 64, 50, 78, 64, 35, 21, 64, 64, 50, 78, 78",2026-08-12 01:25:22,"Sitelinks, Reviews, Video, People also ask, Related searches, Discussions and forums, AI overview",informational,Organic
best solar construction camera,56,56,40,13,0,https://www.icseecam.com/whats-the-best-solar-security-cameras/,0,0,0,0,165,"14, 14, 57, 71, 28, 100, 71, 71, 71, 71, 42, 57",2026-07-15 06:17:16,"Sitelinks, Reviews, Video, Video Carousel, Popular products, Related searches, Discussions and forums",commercial,Organic
ring cam turn off blue light,32,32,70,18,0,https://www.icseecam.com/what-does-solid-blue-light-on-ring-cameras-mean%EF%BC%9F/,0,0,0,0.33,124,"100, 77, 77, 77, 77, 77, 100, 77, 55, 77, 55, 44",2026-06-30 11:31:57,"Sitelinks, Video, Video Carousel, People also ask, Related searches, AI overview",informational,Organic
ring or nest camera,57,57,70,19,1.41,https://www.icseecam.com/nest-vs-ring-doorbell-camera/,0,0,0,0.98,168,"11, 11, 64, 11, 17, 29, 82, 82, 11, 100, 41, 41",2026-06-28 02:50:06,"Sitelinks, Reviews, Video, People also ask, Related searches, AI overview",commercial,Organic
solar panel made in usa,86,86,50,39,1.87,https://www.icseecam.com/top-10-solar-panel-manufacturers-in-the-usa-2025/,0,0,0,1,192,"21, 21, 53, 43, 28, 6, 9, 6, 3, 3, 9, 12",2026-08-17 11:22:38,"Image pack, Sitelinks, Reviews, Video, Image, People also ask, Popular products, Related searches, AI overview","commercial, informational",Organic
solar panel manufacturer usa,85,85,30,55,3.42,https://www.icseecam.com/top-10-solar-panel-manufacturers-in-the-usa-2025/,0,0,0,0.44,189,"6, 4, 6, 4, 5, 12, 4, 2, 1, 1, 1, 1",2026-07-29 02:38:48,"Local pack, Sitelinks, Video, People also ask, Related searches, AI overview",informational,Organic
security camera data plans,62,62,90,30,1.52,https://www.icseecam.com/4g-cameras-the-ultimate-guide/,0,0,0,1,181,"1, 1, 1, 23, 100, 3, 3, 3, 3, 3, 3, 3",2026-07-11 20:47:08,"Sitelinks, Video, Video Carousel, People also ask, Popular products, Related searches, AI overview","commercial, informational",Organic
solar panels made in the usa,98,98,210,34,2.16,https://www.icseecam.com/top-10-solar-panel-manufacturers-in-the-usa-2025/,0,0,0,1,151,"67, 29, 29, 54, 15, 15, 10, 10, 4, 7, 10, 10",2026-07-31 16:50:01,"Sitelinks, Video, People also ask, Related searches, AI overview","commercial, informational",Organic
c492a w6 ip camera,53,53,30,5,1.45,https://www.icseecam.com/icsee/,0,0,0,0.74,174,"0, 0, 22, 22, 22, 100, 100, 22, 22, 22, 22, 22",2026-07-22 00:35:48,"Sitelinks, Reviews, Video, Video Carousel, People also ask, Related searches",informational,Organic
how to set up wifi on ring camera,54,54,50,24,0,https://www.icseecam.com/how-to-reconnect-ring-camera-to-wifi/,0,0,0,0.03,138,"14, 14, 14, 14, 14, 14, 35, 100, 78, 78, 35, 14",2026-07-15 05:23:31,"Reviews, Video, Video Carousel, People also ask, Related searches, AI overview",informational,Organic
i see camera,10,10,70,40,1.07,https://www.icseecam.com/download/,0,0,0,0.99,139,"45, 45, 63, 63, 63, 100, 81, 81, 63, 45, 63, 45",2026-07-25 15:29:33,"Sitelinks, Reviews, People also ask, Popular products, Related searches, AI overview",commercial,Organic
i see camera,13,13,70,40,1.07,https://www.icseecam.com/icsee/,0,0,0,0.99,139,"45, 45, 63, 63, 63, 100, 81, 81, 63, 45, 63, 45",2026-07-25 15:29:33,"Sitelinks, Reviews, People also ask, Popular products, Related searches, AI overview",commercial,Organic
i see camera,15,15,70,40,1.07,https://www.icseecam.com/,0,0,0,0.99,139,"45, 45, 63, 63, 63, 100, 81, 81, 63, 45, 63, 45",2026-07-25 15:29:33,"Sitelinks, Reviews, People also ask, Popular products, Related searches, AI overview",commercial,Organic
wiring security cameras,58,58,260,31,2.98,https://www.icseecam.com/how-to-wire-wired-security-cameras%EF%BC%9F/,0,0,0,1,156,"100, 30, 55, 3, 3, 4, 0, 1, 2, 3, 1, 8",2026-08-13 04:16:01,"Sitelinks, Reviews, Video, Ads bottom, Video Carousel, People also ask, Related searches, Discussions and forums, AI overview",informational,Organic
best school security camera systems,77,77,40,3,0,https://www.icseecam.com/school-security-cameras-trusted-brands-reviewed/,0,0,0,0,194,"0, 0, 0, 81, 100, 45, 27, 27, 36, 63, 27, 36",2026-08-16 13:34:20,"Sitelinks, Reviews, Video, People also ask, Popular products, Related searches, AI overview",commercial,Organic
does ring doorbell work without wifi,47,47,90,14,0,https://www.icseecam.com/do-ring-cameras-work-without-wifi/,0,0,0,0.01,64,"52, 42, 33, 23, 42, 33, 42, 42, 33, 42, 42, 52",2026-08-09 13:58:09,"Sitelinks, Reviews, Video, Video Carousel, People also ask, Related searches, AI overview",informational,Organic
camera china,48,48,140,38,0,https://www.icseecam.com/top-10-cctv-manufacturers-in-china/,0,0,0,0.02,169,"52, 52, 52, 66, 66, 23, 100, 52, 52, 80, 80, 80",2026-08-11 15:49:16,"Sitelinks, Video, Video Carousel, People also ask, Popular products, Related searches, AI overview",commercial,Organic
connecting ring camera to wifi,57,57,140,24,0.01,https://www.icseecam.com/how-to-reconnect-ring-camera-to-wifi/,0,0,0,0.05,134,"42, 66, 66, 52, 66, 52, 52, 66, 100, 80, 80, 80",2026-07-29 08:14:39,"Video, Video Carousel, People also ask, Related searches, AI overview",informational,Organic
ahd camera means,83,83,70,3,0,https://www.icseecam.com/fr/what-is-ahd-camera-and-its-advantages/,0,0,0,0.33,178,"63, 63, 36, 63, 63, 81, 63, 45, 63, 63, 63, 18",2026-06-28 08:12:20,"Image pack, Sitelinks, Video, Video Carousel, People also ask, Related searches, Short videos, AI overview",informational,Organic
best continuous recording security camera,41,41,140,33,2.71,https://www.icseecam.com/top-continuous-recording-security-camera-brands/,0,0,0,1,181,"18, 44, 44, 15, 35, 18, 15, 11, 15, 15, 23, 35",2026-08-16 08:30:54,"Sitelinks, Video, People also ask, Popular products, Related searches, AI overview",commercial,Organic
dahua wikipedia,73,73,170,45,0,https://www.icseecam.com/where-are-dahua-cameras-manufactured/,0,0,0,0.33,107,"54, 44, 12, 19, 36, 29, 6, 12, 36, 23, 36, 6",2026-07-06 15:12:47,"Sitelinks, Reviews, Video, People also ask, Related searches","informational, transactional",Organic
css camera,86,86,170,30,0,https://www.icseecam.com/icsee/,0,0,0,0.33,110,"7, 7, 65, 42, 42, 80, 100, 100, 80, 53, 80, 80",2026-06-30 02:53:43,"Sitelinks, Video, Video Carousel, People also ask, Related searches, AI overview",informational,Organic
css camera,88,88,170,30,0,https://www.icseecam.com/icsee/,0,0,0,0.33,110,"7, 7, 65, 42, 42, 80, 100, 100, 80, 53, 80, 80",2026-06-30 02:53:43,"Sitelinks, Video, Video Carousel, People also ask, Related searches, AI overview",informational,Organic
ring camera continuous recording,46,46,110,21,4.4,https://www.icseecam.com/do-ring-cameras-record-24-7/,0,0,0,0.61,178,"52, 52, 66, 52, 52, 52, 66, 52, 66, 42, 42, 33",2026-07-28 01:36:58,"Sitelinks, Video, Video Carousel, People also ask, Related searches, Discussions and forums, AI overview",informational,Organic
ring camera continuous recording,48,48,110,21,4.4,https://www.icseecam.com/do-ring-cameras-record-24-7/,0,0,0,0.61,178,"52, 52, 66, 52, 52, 52, 66, 52, 66, 42, 42, 33",2026-07-28 01:36:58,"Sitelinks, Video, Video Carousel, People also ask, Related searches, Discussions and forums, AI overview",informational,Organic
free trial security camera,58,58,30,22,7.6,https://www.icseecam.com/top-subscription-free-security-cameras/,0,0,0,0.79,177,"27, 27, 36, 45, 36, 27, 36, 27, 27, 18, 18, 45",2026-07-26 05:20:17,"Sitelinks, Reviews, Video, Video Carousel, People also ask, Related searches, AI overview","commercial, informational",Organic
what does blue light on ring mean,26,26,50,19,0,https://www.icseecam.com/what-does-solid-blue-light-on-ring-cameras-mean%EF%BC%9F/,0,0,0,0.33,121,"100, 11, 11, 11, 64, 64, 11, 11, 17, 11, 11, 11",2026-08-09 02:00:46,"Sitelinks, Reviews, Video, Video Carousel, People also ask, Related searches, AI overview",informational,Organic
what does blue light on ring mean,40,40,50,19,0,https://www.icseecam.com/what-does-solid-blue-light-on-ring-cameras-mean%EF%BC%9F/,0,0,0,0.33,121,"100, 11, 11, 11, 64, 64, 11, 11, 17, 11, 11, 11",2026-08-09 02:00:46,"Sitelinks, Reviews, Video, Video Carousel, People also ask, Related searches, AI overview",informational,Organic
yoosee camera,35,35,480,38,0.71,https://www.icseecam.com/what-is-yoosee/,0,0,0,0.93,189,"66, 81, 81, 100, 100, 81, 81, 66, 81, 66, 81, 81",2026-06-25 17:22:31,"Sitelinks, Reviews, Video, Image, Video Carousel, People also ask, Popular products, Related searches",commercial,Organic
does the ring camera constantly record,38,38,40,22,0,https://www.icseecam.com/do-ring-cameras-record-24-7/,0,0,0,0.33,102,"100, 33, 9, 9, 9, 9, 9, 9, 9, 9, 9, 9",2026-08-14 13:48:15,"Sitelinks, Video, Video Carousel, People also ask, Related searches, AI overview",informational,Organic
orbs on cameras,29,29,50,15,1.01,https://www.icseecam.com/what-are-orbs-on-security-cameras%EF%BC%9F/,0,0,0,0.03,103,"6, 5, 6, 6, 6, 9, 9, 6, 4, 4, 6, 6",2026-07-06 01:53:26,"Sitelinks, Video, Video Carousel, People also ask, Related searches, AI overview",informational,Organic
is blink or ring camera better,38,38,50,22,1.89,https://www.icseecam.com/blink-vs-ring-camera-5-key-comparisons/,0,0,0,0.74,92,"19, 100, 7, 7, 7, 26, 3, 0, 7, 7, 7, 7",2026-08-12 10:57:43,"Sitelinks, Reviews, Video, Video Carousel, People also ask, Related searches, Discussions and forums, AI overview",commercial,Organic
is blink or ring camera better,70,70,50,22,1.89,https://www.icseecam.com/fr/blink-vs-ring-camera-5-key-comparisons/,0,0,0,0.74,92,"19, 100, 7, 7, 7, 26, 3, 0, 7, 7, 7, 7",2026-08-12 10:57:43,"Sitelinks, Reviews, Video, Video Carousel, People also ask, Related searches, Discussions and forums, AI overview",commercial,Organic
is blink or ring camera better,77,77,50,22,1.89,https://www.icseecam.com/de/blink-vs-ring-camera-5-key-comparisons/,0,0,0,0.74,92,"19, 100, 7, 7, 7, 26, 3, 0, 7, 7, 7, 7",2026-08-12 10:57:43,"Sitelinks, Reviews, Video, Video Carousel, People also ask, Related searches, Discussions and forums, AI overview",commercial,Organic
v380pro app,52,52,140,37,0.27,https://www.icseecam.com/v380-pro-free-download/,0,0,0,0.36,167,"0, 0, 1, 4, 3, 5, 1, 2, 13, 13, 5, 7",2026-06-28 05:11:46,"Sitelinks, Reviews, Video, Video Carousel, People also ask, Related searches",informational,Organic
video surveillance manufacturers,71,71,90,23,5.23,https://www.icseecam.com/top-10-cctv-manufacturers-in-the-world/,0,0,0,0.34,176,"41, 52, 41, 82, 82, 41, 41, 64, 41, 41, 64, 64",2026-07-04 15:13:57,"Local pack, Sitelinks, Reviews, Video, People also ask, Related searches, AI overview",informational,Organic
can ring camera record 24/7,63,63,90,20,5.28,https://www.icseecam.com/do-ring-cameras-record-24-7/,0,0,0,0.06,4670000,"0, 0, 0, 0, 0, 53, 80, 34, 34, 42, 42, 100",2026-07-09 08:50:47,"Sitelinks, Reviews, Video, Video Carousel, People also ask, Related searches, AI overview",informational,Organic
best security camera system without subscription,63,63,210,28,4.06,https://www.icseecam.com/best-home-security-camera-without-subscription/,0,0,0,1,180,"35, 53, 43, 35, 43, 66, 53, 53, 53, 53, 53, 66",2026-08-09 16:46:59,"Sitelinks, Video, Ads top, Ads bottom, Video Carousel, People also ask, Popular products, Related searches, Discussions and forums, AI overview",commercial,Organic
icsee pro mod apk,37,37,50,14,0,https://www.icseecam.com/icsee-pro-app-download/,0,0,0,0.33,96,"18, 100, 18, 81, 81, 81, 18, 18, 81, 18, 18, 18",2026-07-09 11:55:31,"Reviews, Related searches, AI overview",informational,Organic
icsee pro mod apk,42,42,50,14,0,https://www.icseecam.com/download/,0,0,0,0.33,96,"18, 100, 18, 81, 81, 81, 18, 18, 81, 18, 18, 18",2026-07-09 11:55:31,"Reviews, Related searches, AI overview",informational,Organic
icsee pro mod apk,46,46,50,14,0,https://www.icseecam.com/es/icsee-pro-app-download/,0,0,0,0.33,96,"18, 100, 18, 81, 81, 81, 18, 18, 81, 18, 18, 18",2026-07-09 11:55:31,"Reviews, Related searches, AI overview",informational,Organic
icsee pro mod apk,50,50,50,14,0,https://www.icseecam.com/es/icsee-pro-app-download/,0,0,0,0.33,96,"18, 100, 18, 81, 81, 81, 18, 18, 81, 18, 18, 18",2026-07-09 11:55:31,"Reviews, Related searches, AI overview",informational,Organic
manufacturing smart cameras,85,85,40,15,0,https://www.icseecam.com/how-motion-tracking-security-cameras-are-made%EF%BC%9F/,0,0,0,0.33,188,"55, 55, 77, 100, 44, 22, 44, 0, 22, 11, 22, 44",2026-07-03 08:01:16,"Sitelinks, Reviews, Video, People also ask, Related searches, AI overview",informational,Organic
best cctv security camera,53,53,50,53,2.73,https://www.icseecam.com/top-10-cctv-camera-brands-in-the-united-states/,0,0,0,1,175,"100, 77, 55, 44, 44, 55, 44, 55, 33, 44, 77, 22",2026-07-07 07:57:35,"Sitelinks, Reviews, Video, Ads bottom, Video Carousel, People also ask, Popular products, Related searches, Discussions and forums, AI overview",commercial,Organic
best solar panel brands 2025,61,61,140,27,0,https://www.icseecam.com/best-solar-panel-brands-in-2025-top-6-picks/,0,0,0,0,176,"23, 2, 100, 54, 36, 6, 9, 4, 6, 6, 0, 0",2026-08-09 22:17:24,"Sitelinks, Video, Image, People also ask, Related searches, AI overview",commercial,Organic
how much data does a security camera use,14,14,70,10,0,https://www.icseecam.com/how-much-data-does-a-security-camera-use/,0,0,0,0.02,127,"81, 81, 81, 81, 81, 63, 81, 63, 63, 45, 81, 81",2026-07-19 02:41:12,"Sitelinks, Reviews, Video, People also ask, Related searches, AI overview",informational,Organic
how much data does a security camera use,64,64,70,10,0,https://www.icseecam.com/how-much-data-does-a-security-camera-use/,0,0,0,0.02,127,"81, 81, 81, 81, 81, 63, 81, 63, 63, 45, 81, 81",2026-07-19 02:41:12,"Sitelinks, Reviews, Video, People also ask, Related searches, AI overview",informational,Organic
what is ahd camera,68,68,110,7,0,https://www.icseecam.com/what-is-ahd-camera-and-its-advantages/,0,0,0,0.09,161,"78, 78, 78, 64, 64, 100, 78, 78, 78, 78, 78, 78",2026-08-13 05:24:18,"Image pack, Sitelinks, Video, Video Carousel, People also ask, Related searches, AI overview",informational,Organic
what is ahd camera,80,80,110,7,0,https://www.icseecam.com/fr/what-is-ahd-camera-and-its-advantages/,0,0,0,0.09,161,"78, 78, 78, 64, 64, 100, 78, 78, 78, 78, 78, 78",2026-08-13 05:24:18,"Image pack, Sitelinks, Video, Video Carousel, People also ask, Related searches, AI overview",informational,Organic
two way audio security camera,55,55,170,22,1.61,https://www.icseecam.com/best-two-way-audio-security-camera-manufacturers/,0,0,0,0.75,188,"29, 29, 100, 35, 29, 22, 35, 29, 22, 29, 35, 22",2026-07-22 12:51:27,"Sitelinks, Video, Image, Video Carousel, People also ask, Popular products, Related searches, Discussions and forums, AI overview","commercial, informational",Organic
does deleting ring videos delete on all devices,33,33,50,13,0,https://www.icseecam.com/how-to-remove-ring-camera-history-on-ring-app/,0,0,0,0.33,107,"41, 41, 29, 0, 29, 41, 41, 29, 29, 11, 17, 11",2026-06-26 01:10:13,"Sitelinks, Video, People also ask, Related searches, AI overview",informational,Organic
security camera ghost,25,25,70,91,0,https://www.icseecam.com/what-causes-ghost-images-on-security-cameras/,0,0,0,0.03,195,"14, 50, 21, 50, 14, 50, 28, 78, 64, 78, 64, 64",2026-06-27 18:20:24,"Sitelinks, Reviews, Video, Video Carousel, People also ask, Popular products, Related searches, Discussions and forums",informational,Organic
does turning off the wifi turn off the ring camera,48,48,50,16,0,https://www.icseecam.com/do-ring-cameras-work-without-wifi/,0,0,0,0.33,108,"0, 52, 100, 11, 11, 82, 41, 11, 11, 11, 11, 11",2026-07-08 19:49:31,"Sitelinks, Video, People also ask, Related searches, AI overview",informational,Organic
does turning off the wifi turn off the ring camera,53,53,50,16,0,https://www.icseecam.com/do-ring-cameras-work-without-wifi/,0,0,0,0.33,108,"0, 52, 100, 11, 11, 82, 41, 11, 11, 11, 11, 11",2026-07-08 19:49:31,"Sitelinks, Video, People also ask, Related searches, AI overview",informational,Organic
best solar camera outdoor,51,51,140,36,1.06,https://www.icseecam.com/whats-the-best-solar-security-cameras/,0,0,0,1,168,"19, 26, 19, 26, 19, 53, 65, 65, 80, 80, 100, 100",2026-07-03 20:48:14,"Sitelinks, Reviews, Video, Image, Video Carousel, People also ask, Popular products, Related searches, AI overview",commercial,Organic
best ptz camera,58,58,170,7,0.93,https://www.icseecam.com/top-10-ptz-camera-brands-for-home-security-in-2025/,0,0,0,1,160,"14, 35, 35, 43, 54, 22, 43, 35, 43, 35, 14, 14",2026-07-19 02:35:56,"Sitelinks, Video, Image, Video Carousel, People also ask, Popular products, Related searches, Discussions and forums, AI overview",commercial,Organic
does ring camera work without wifi,42,42,140,14,0,https://www.icseecam.com/do-ring-cameras-work-without-wifi/,0,0,0,0.33,71,"7, 5, 12, 29, 12, 7, 19, 12, 10, 10, 23, 19",2026-07-31 18:05:29,"Sitelinks, Video, Video Carousel, People also ask, Related searches, AI overview",informational,Organic
do cameras work without internet,79,79,40,25,0,https://www.icseecam.com/do-security-cameras-need-wifi/,0,0,0,0.21,131,"28, 28, 21, 14, 14, 35, 100, 14, 35, 14, 14, 35",2026-08-16 09:13:24,"Sitelinks, Reviews, Video, People also ask, Related searches, Discussions and forums, AI overview",informational,Organic
who owns wyze camera,53,53,90,26,0,https://www.icseecam.com/where-is-wyze-security-camera-manufactured%EF%BC%9F/,0,0,0,0.33,138,"0, 35, 7, 7, 12, 10, 7, 35, 100, 12, 12, 10",2026-08-07 01:20:03,"Sitelinks, Video, People also ask, Related searches, AI overview",informational,Organic
long range surveillance camera,64,64,480,16,1.56,https://www.icseecam.com/top-5-long-range-security-camera-manufacturers/,0,0,0,1,185,"54, 81, 81, 81, 66, 81, 66, 66, 44, 66, 36, 44",2026-08-03 06:13:46,"Sitelinks, Reviews, Video, Image, People also ask, Popular products, Related searches, Discussions and forums, AI overview","commercial, informational",Organic
nest or ring doorbell,55,55,50,36,0.4,https://www.icseecam.com/nest-vs-ring-doorbell-camera/,0,0,0,0.94,161,"10, 12, 10, 5, 5, 5, 23, 35, 10, 43, 5, 5",2026-07-15 14:56:42,"Sitelinks, Reviews, Video, People also ask, Related searches, AI overview",commercial,Organic
analog vs ip camera,79,79,50,18,0.4,https://www.icseecam.com/ip-camera-vs-analog-camera/,0,0,0,0.34,185,"12, 12, 12, 12, 12, 15, 12, 21, 21, 12, 12, 9",2026-08-06 12:58:06,"Sitelinks, Reviews, Video, Video Carousel, People also ask, Related searches, Discussions and forums, AI overview",commercial,Organic
ahd que es,61,61,40,0,1.43,https://www.icseecam.com/es/what-is-ahd-camera-and-its-advantages/,0,0,0,0.14,105,"0, 0, 0, 0, 0, 0, 0, 0, 5, 0, 100, 0",2026-07-12 20:39:05,"Sitelinks, Video, Video Carousel, People also ask, Related searches, AI overview",informational,Organic
ahd que es,72,72,40,0,1.43,https://www.icseecam.com/what-is-ahd-camera-and-its-advantages/,0,0,0,0.14,105,"0, 0, 0, 0, 0, 0, 0, 0, 5, 0, 100, 0",2026-07-12 20:39:05,"Sitelinks, Video, Video Carousel, People also ask, Related searches, AI overview",informational,Organic
ahd que es,81,81,40,0,1.43,https://www.icseecam.com/fr/what-is-ahd-camera-and-its-advantages/,0,0,0,0.14,105,"0, 0, 0, 0, 0, 0, 0, 0, 5, 0, 100, 0",2026-07-12 20:39:05,"Sitelinks, Video, Video Carousel, People also ask, Related searches, AI overview",informational,Organic
blue light on ring cam,30,30,90,15,0,https://www.icseecam.com/what-does-solid-blue-light-on-ring-cameras-mean%EF%BC%9F/,0,0,0,0.33,109,"19, 4, 66, 33, 52, 80, 19, 19, 66, 66, 100, 19",2026-07-12 15:41:10,"Sitelinks, Video, Video Carousel, People also ask, Related searches, AI overview",informational,Organic
hack home cameras,66,66,170,19,0,https://www.icseecam.com/how-to-hack-into-security-cameras%EF%BC%9F/,0,0,0,0.33,161000000,"1, 14, 14, 11, 14, 14, 14, 0, 26, 32, 32, 32",2026-07-10 15:07:47,"Sitelinks, Video Carousel",informational,Organic
moving orbs on security camera,36,36,110,14,0,https://www.icseecam.com/what-are-orbs-on-security-cameras%EF%BC%9F/,0,0,0,0.33,115,"66, 52, 66, 52, 66, 42, 42, 23, 23, 33, 33, 100",2026-07-25 09:20:12,"Sitelinks, Video, Video Carousel, People also ask, Related searches, Short videos, Discussions and forums, AI overview",informational,Organic
moving orbs on security camera,37,37,110,14,0,https://www.icseecam.com/what-are-orbs-on-security-cameras%EF%BC%9F/,0,0,0,0.33,115,"66, 52, 66, 52, 66, 42, 42, 23, 23, 33, 33, 100",2026-07-25 09:20:12,"Sitelinks, Video, Video Carousel, People also ask, Related searches, Short videos, Discussions and forums, AI overview",informational,Organic
setting up ring camera,39,39,210,37,0.82,https://www.icseecam.com/how-to-set-up-ring-camera%EF%BC%9F/,0,0,0,0.1,167,"65, 65, 65, 81, 53, 65, 65, 81, 65, 43, 53, 53",2026-07-02 09:19:16,"Video, People also ask, Related searches, AI overview",informational,Organic
ring versus blink doorbell,43,43,70,28,0.39,https://www.icseecam.com/blink-vs-ring-camera-5-key-comparisons/,0,0,0,0.67,164,"4, 33, 14, 14, 66, 52, 19, 100, 0, 0, 100, 9",2026-08-02 08:40:16,"Sitelinks, Video, Video Carousel, People also ask, Related searches, Discussions and forums, AI overview",commercial,Organic
why is ring camera flashing blue,27,27,40,22,0,https://www.icseecam.com/what-does-solid-blue-light-on-ring-cameras-mean%EF%BC%9F/,0,0,0,0.01,88,"18, 18, 18, 18, 18, 18, 18, 18, 100, 63, 45, 18",2026-07-20 09:16:13,"Sitelinks, Reviews, Video, Video Carousel, People also ask, Related searches, Short videos, AI overview",informational,Organic
güneş enerjili kameralar,46,46,70,14,0,https://www.icseecam.com/tr/product-category/solar-security-camera/,0,0,0,0.57,208,"12, 100, 6, 34, 34, 6, 6, 6, 6, 6, 6, 6",2026-07-30 22:14:24,"Image pack, Sitelinks, Video, Image, Video Carousel, Popular products, Related searches",informational,Organic
connecting ring to wifi,56,56,140,23,0.01,https://www.icseecam.com/how-to-reconnect-ring-camera-to-wifi/,0,0,0,0.05,161,"6, 23, 23, 18, 18, 23, 28, 28, 35, 44, 18, 11",2026-07-10 03:47:11,"Video, Video Carousel, People also ask, Related searches, AI overview",informational,Organic
connecting ring to wifi,58,58,140,23,0.01,https://www.icseecam.com/how-to-reconnect-ring-camera-to-wifi/,0,0,0,0.05,161,"6, 23, 23, 18, 18, 23, 28, 28, 35, 44, 18, 11",2026-07-10 03:47:11,"Video, Video Carousel, People also ask, Related searches, AI overview",informational,Organic
best 4k solar security camera,71,71,40,35,0.96,https://www.icseecam.com/whats-the-best-solar-security-cameras/,0,0,0,1,224,"18, 27, 27, 27, 18, 36, 100, 18, 18, 18, 45, 63",2026-07-09 12:13:24,"Sitelinks, Video, Image, Video Carousel, People also ask, Popular products, Related searches, Ads middle",commercial,Organic
us cellular security camera,39,39,90,15,2.67,https://www.icseecam.com/cellular-security-camera-manufacturers-in-the-usa/,0,0,0,0.54,162,"19, 26, 19, 42, 26, 42, 26, 19, 42, 34, 65, 100",2026-08-10 23:10:30,"Sitelinks, Reviews, Video, Ads bottom, People also ask, Related searches, AI overview",informational,Organic
us cellular security camera,40,40,90,15,2.67,https://www.icseecam.com/cellular-security-camera-manufacturers-in-the-usa/,0,0,0,0.54,162,"19, 26, 19, 42, 26, 42, 26, 19, 42, 34, 65, 100",2026-08-10 23:10:30,"Sitelinks, Reviews, Video, Ads bottom, People also ask, Related searches, AI overview",informational,Organic
empresas de videovigilancia,97,97,50,3,0,https://www.icseecam.com/es/best-cctv-suppliers-near-me/,0,0,0,0.01,5900000,"63, 81, 63, 36, 81, 81, 27, 18, 27, 18, 18, 100",2026-06-25 00:03:40,"Local pack, Video, People also ask",commercial,Organic
which is better blink or ring,47,47,260,27,1.03,https://www.icseecam.com/blink-vs-ring-camera-5-key-comparisons/,0,0,0,0.88,81,"28, 35, 66, 35, 44, 54, 54, 44, 23, 28, 28, 35",2026-07-17 09:25:43,"Sitelinks, Reviews, Video, Video Carousel, People also ask, Related searches, Discussions and forums, AI overview",informational,Organic
which is better blink or ring,60,60,260,27,1.03,https://www.icseecam.com/fr/blink-vs-ring-camera-5-key-comparisons/,0,0,0,0.88,81,"28, 35, 66, 35, 44, 54, 54, 44, 23, 28, 28, 35",2026-07-17 09:25:43,"Sitelinks, Reviews, Video, Video Carousel, People also ask, Related searches, Discussions and forums, AI overview",informational,Organic
which is better blink or ring,74,74,260,27,1.03,https://www.icseecam.com/de/blink-vs-ring-camera-5-key-comparisons/,0,0,0,0.88,81,"28, 35, 66, 35, 44, 54, 54, 44, 23, 28, 28, 35",2026-07-17 09:25:43,"Sitelinks, Reviews, Video, Video Carousel, People also ask, Related searches, Discussions and forums, AI overview",informational,Organic
surveillance cameras made in usa,58,58,90,8,2.45,https://www.icseecam.com/top-10-cctv-manufacturers-in-usa/,0,0,0,1,191,"26, 53, 34, 26, 34, 26, 42, 26, 65, 19, 19, 11",2026-08-09 11:05:08,"Sitelinks, Reviews, Video, People also ask, Popular products, Related searches, Discussions and forums, AI overview",informational,Organic
surveillance cameras made in usa,93,93,90,8,2.45,https://icseecam.com/fr/top-10-cctv-manufacturers-in-usa/,0,0,0,1,191,"26, 53, 34, 26, 34, 26, 42, 26, 65, 19, 19, 11",2026-08-09 11:05:08,"Sitelinks, Reviews, Video, People also ask, Popular products, Related searches, Discussions and forums, AI overview",informational,Organic
ip camera or cctv,84,84,70,7,0.77,https://www.icseecam.com/cctv-vs-ip-camera/,0,0,0,0.21,182,"63, 63, 36, 63, 63, 63, 63, 63, 45, 45, 45, 63",2026-07-10 01:38:01,"Sitelinks, Reviews, Video, Video Carousel, People also ask, Popular products, Related searches, Discussions and forums, AI overview",informational,Organic
long distance security camera,49,49,480,26,1.46,https://www.icseecam.com/top-5-long-range-security-camera-manufacturers/,0,0,0,1,167,"66, 81, 100, 81, 81, 81, 100, 66, 81, 54, 66, 54",2026-06-29 22:27:17,"Sitelinks, Reviews, Video, Image, Video Carousel, People also ask, Popular products, Related searches, AI overview","commercial, informational",Organic
door camera no wifi needed,56,56,50,21,1.66,https://www.icseecam.com/is-there-a-doorbell-camera-that-works-without-wifi/,0,0,0,1,148,"0, 0, 0, 18, 18, 100, 18, 27, 18, 100, 100, 100",2026-07-12 16:50:14,"Sitelinks, Reviews, Video, Video Carousel, People also ask, Popular products, Related searches",commercial,Organic
dust particles on camera,24,24,110,11,0,https://www.icseecam.com/what-are-orbs-on-security-cameras%EF%BC%9F/,0,0,0,0.33,151,"41, 41, 52, 64, 82, 82, 64, 64, 64, 64, 52, 82",2026-08-14 01:16:53,"Image pack, Sitelinks, Video, Video Carousel, People also ask, Related searches, Discussions and forums, AI overview",informational,Organic
how to delete videos on ring camera,35,35,70,20,0,https://www.icseecam.com/how-to-remove-ring-camera-history-on-ring-app/,0,0,0,0.33,109,"100, 52, 66, 14, 23, 14, 14, 9, 9, 19, 9, 9",2026-08-10 18:58:40,"Sitelinks, Reviews, Video, Video Carousel, People also ask, Related searches, Short videos, AI overview",informational,Organic
ring or nest,49,49,110,40,2.45,https://www.icseecam.com/nest-vs-ring-doorbell-camera/,0,0,0,0.79,156,"15, 12, 19, 9, 12, 15, 15, 12, 15, 23, 12, 12",2026-07-10 07:53:45,"Sitelinks, Video, People also ask, Related searches, AI overview","commercial, informational",Organic
ring camera setup,32,32,1300,34,3.58,https://www.icseecam.com/how-to-set-up-ring-camera%EF%BC%9F/,0,0,0,0.72,154,"62, 81, 81, 81, 81, 81, 81, 81, 81, 55, 81, 81",2026-08-02 01:58:44,"Sitelinks, Video, Video Carousel, People also ask, Related searches, Discussions and forums",informational,Organic
blink vs. ring,43,43,110,33,1.69,https://www.icseecam.com/blink-vs-ring-camera-5-key-comparisons/,0,0,0,0.67,106,"1, 1, 1, 0, 0, 0, 34, 0, 0, 0, 0, 0",2026-07-29 01:52:30,"Sitelinks, Video, Video Carousel, People also ask, Related searches, AI overview",commercial,Organic
ring camera vs blink,44,44,320,30,1.15,https://www.icseecam.com/blink-vs-ring-camera-5-key-comparisons/,0,0,0,0.85,89,"36, 81, 100, 44, 54, 54, 44, 44, 19, 12, 9, 12",2026-07-03 04:55:51,"Sitelinks, Video, Video Carousel, People also ask, Related searches, AI overview",commercial,Organic
orbs on night vision camera,31,31,90,11,0,https://www.icseecam.com/what-are-orbs-on-security-cameras%EF%BC%9F/,0,0,0,0.33,131,"34, 21, 34, 28, 21, 28, 43, 34, 21, 21, 21, 28",2026-06-26 03:48:33,"Sitelinks, Video, Video Carousel, People also ask, Related searches, Short videos, AI overview",informational,Organic
difference between blink and ring,43,43,110,28,0.58,https://www.icseecam.com/blink-vs-ring-camera-5-key-comparisons/,0,0,0,0.19,77,"15, 15, 23, 10, 10, 15, 19, 12, 7, 7, 7, 7",2026-06-27 11:55:06,"Sitelinks, Video, Video Carousel, People also ask, Related searches, AI overview","commercial, informational",Organic
difference between blink and ring,67,67,110,28,0.58,https://www.icseecam.com/de/blink-vs-ring-camera-5-key-comparisons/,0,0,0,0.19,77,"15, 15, 23, 10, 10, 15, 19, 12, 7, 7, 7, 7",2026-06-27 11:55:06,"Sitelinks, Video, Video Carousel, People also ask, Related searches, AI overview","commercial, informational",Organic
difference between blink and ring,69,69,110,28,0.58,https://www.icseecam.com/de/blink-vs-ring-camera-5-key-comparisons/,0,0,0,0.19,77,"15, 15, 23, 10, 10, 15, 19, 12, 7, 7, 7, 7",2026-06-27 11:55:06,"Sitelinks, Video, Video Carousel, People also ask, Related searches, AI overview","commercial, informational",Organic
how to reconnect ring camera to wifi,31,31,720,25,0.01,https://www.icseecam.com/how-to-reconnect-ring-camera-to-wifi/,0,0,0,0.03,101,"67, 54, 81, 44, 67, 81, 100, 100, 81, 100, 67, 67",2026-08-08 23:54:09,"Sitelinks, Reviews, Video, Video Carousel, Related searches, AI overview",informational,Organic
how to reconnect ring camera,46,46,170,27,0.01,https://www.icseecam.com/how-to-reconnect-ring-camera-to-wifi/,0,0,0,0.04,129,"66, 66, 100, 80, 66, 80, 80, 66, 80, 80, 100, 80",2026-07-08 04:28:07,"Sitelinks, Reviews, Video, Featured snippet, Video Carousel, People also ask, Related searches",informational,Organic
how to setup wifi on ring camera,43,43,50,19,0,https://www.icseecam.com/how-to-reconnect-ring-camera-to-wifi/,0,0,0,0.03,134,"14, 14, 14, 14, 14, 14, 14, 100, 78, 78, 14, 14",2026-07-15 04:46:05,"Reviews, Video, Video Carousel, People also ask, Related searches, AI overview",informational,Organic
solar panels manufactured in usa,90,90,110,31,3.61,https://www.icseecam.com/top-10-solar-panel-manufacturers-in-the-usa-2025/,0,0,0,0.43,184,"36, 36, 19, 23, 29, 19, 15, 2, 1, 1, 1, 1",2026-08-12 00:15:13,"Sitelinks, Video, Ads bottom, People also ask, Related searches, AI overview",informational,Organic
does a ring camera record 24/7,67,67,50,22,0,https://www.icseecam.com/do-ring-cameras-record-24-7/,0,0,0,0.15,4210000,"0, 0, 4, 0, 33, 33, 100, 33, 14, 14, 14, 23",2026-08-16 20:32:21,"Sitelinks, Reviews, Video, People also ask, Related searches, Discussions and forums, AI overview",informational,Organic
solar panels made in usa,84,84,480,43,2.16,https://www.icseecam.com/top-10-solar-panel-manufacturers-in-the-usa-2025/,0,0,0,1,188,"36, 24, 24, 36, 55, 55, 36, 30, 20, 30, 36, 16",2026-06-29 03:09:07,"Sitelinks, Video, Video Carousel, People also ask, Popular products, Related searches, AI overview",commercial,Organic
blink doorbell vs ring,41,41,260,31,0.36,https://www.icseecam.com/blink-vs-ring-camera-5-key-comparisons/,0,0,0,0.67,96,"5, 7, 16, 8, 7, 11, 16, 11, 7, 8, 7, 7",2026-07-15 20:48:31,"Sitelinks, Video, Video Carousel, People also ask, Related searches, AI overview","commercial, informational",Organic
google nest vs ring doorbell,53,53,170,39,1.59,https://www.icseecam.com/nest-vs-ring-doorbell-camera/,0,0,0,0.79,162,"18, 22, 35, 22, 29, 43, 54, 43, 43, 43, 22, 35",2026-07-05 11:56:17,"Sitelinks, Video, Video Carousel, People also ask, Related searches, Discussions and forums, AI overview","commercial, informational",Organic
top solar panel manufacturer,72,72,50,42,3.15,https://www.icseecam.com/top-10-solar-panels-manufacturers-in-the-world/,0,0,0,0.34,180,"36, 9, 45, 100, 81, 63, 63, 63, 63, 63, 9, 0",2026-06-30 14:42:36,"Sitelinks, Video, Video Carousel, People also ask, Related searches, AI overview",commercial,Organic
how to connect a ring camera to wifi,43,43,90,21,0.01,https://www.icseecam.com/how-to-reconnect-ring-camera-to-wifi/,0,0,0,0.04,135,"7, 42, 7, 42, 42, 42, 42, 53, 34, 34, 53, 34",2026-06-30 05:25:38,"Video, Video Carousel, People also ask, Related searches, AI overview",informational,Organic
nest vs blink,27,27,110,16,0.83,https://www.icseecam.com/blink-camera-vs-nest-camera/,0,0,0,0.61,100,"23, 35, 18, 18, 18, 18, 11, 11, 23, 11, 11, 18",2026-08-08 11:35:59,"Sitelinks, Reviews, Video, Video Carousel, People also ask, Related searches, Discussions and forums, AI overview",commercial,Organic
nest vs blink,65,65,110,16,0.83,https://www.icseecam.com/es/blink-camera-vs-nest-camera/,0,0,0,0.61,100,"23, 35, 18, 18, 18, 18, 11, 11, 23, 11, 11, 18",2026-08-08 11:35:59,"Sitelinks, Reviews, Video, Video Carousel, People also ask, Related searches, Discussions and forums, AI overview",commercial,Organic
nest vs blink,77,77,110,16,0.83,https://www.icseecam.com/cs/blink-camera-vs-nest-camera/,0,0,0,0.61,100,"23, 35, 18, 18, 18, 18, 11, 11, 23, 11, 11, 18",2026-08-08 11:35:59,"Sitelinks, Reviews, Video, Video Carousel, People also ask, Related searches, Discussions and forums, AI overview",commercial,Organic
best home cameras no subscription,32,32,30,41,1.97,https://www.icseecam.com/best-home-security-camera-without-subscription/,0,0,0,1,117,"71, 28, 28, 28, 28, 14, 28, 57, 42, 57, 100, 14",2026-07-20 18:55:23,"Sitelinks, Reviews, Video, Video Carousel, People also ask, Popular products, Related searches, Discussions and forums, AI overview",commercial,Organic
arlo 24 7 recording,25,25,70,17,1.45,https://www.icseecam.com/do-arlo-cameras-record-24-7/,0,0,0,0.89,95,"41, 23, 52, 41, 29, 29, 41, 41, 52, 41, 64, 52",2026-07-15 04:54:46,"Sitelinks, Video, People also ask, Related searches, AI overview",informational,Organic
best non subscription security camera,54,54,480,33,1.44,https://www.icseecam.com/best-home-security-camera-without-subscription/,0,0,0,1,176,"66, 100, 66, 66, 100, 100, 100, 81, 100, 100, 81, 100",2026-08-04 14:39:44,"Sitelinks, Video, Image, Video Carousel, People also ask, Related searches, Discussions and forums, AI overview",commercial,Organic
solar panel producers in china,97,97,70,45,2.89,https://www.icseecam.com/2025-top-10-solar-panel-manufacturers-in-china/,0,0,0,0.29,150,"64, 100, 50, 64, 50, 100, 28, 21, 35, 50, 50, 14",2026-07-09 14:13:28,"Sitelinks, Reviews, Video, People also ask, Related searches, Ads middle, AI overview","commercial, informational",Organic
can ring record 24 7,44,44,70,23,0,https://www.icseecam.com/do-ring-cameras-record-24-7/,0,0,0,0.01,65,"52, 33, 33, 33, 23, 42, 33, 23, 23, 23, 33, 9",2026-07-09 03:43:17,"Sitelinks, Video, Video Carousel, People also ask, Related searches, AI overview",informational,Organic
wyze wiki,59,59,50,32,0,https://www.icseecam.com/where-is-wyze-security-camera-manufactured%EF%BC%9F/,0,0,0,0.33,103,"34, 34, 26, 19, 15, 7, 7, 7, 7, 42, 7, 15",2026-07-10 23:57:29,"Sitelinks, Video, People also ask, Related searches, AI overview",informational,Organic
top surveillance companies,60,60,40,34,14.25,https://www.icseecam.com/top-10-cctv-manufacturers-in-usa/,0,0,0,0.48,128,"11, 11, 11, 11, 100, 17, 23, 23, 11, 11, 41, 17",2026-07-12 11:44:18,"Local pack, Sitelinks, Reviews, Video, People also ask, Related searches, AI overview",commercial,Organic
ring camera offline but wifi working,37,37,40,25,0,https://www.icseecam.com/do-ring-cameras-work-without-wifi/,0,0,0,0.05,79,"0, 7, 80, 53, 7, 7, 7, 7, 7, 7, 15, 7",2026-06-27 08:29:38,"Sitelinks, Reviews, Video, Video Carousel, People also ask, Related searches, AI overview",informational,Organic
do ring cameras record 24/7,74,74,480,28,7.1,https://www.icseecam.com/do-ring-cameras-record-24-7/,0,0,0,0.09,189,"72, 4, 4, 88, 0, 1, 48, 88, 88, 100, 100, 48",2026-06-28 11:05:15,"Sitelinks, Video, Video Carousel, People also ask, Related searches, AI overview",informational,Organic
usa manufactured solar panels,70,70,30,40,3.42,https://www.icseecam.com/top-10-solar-panel-manufacturers-in-the-usa-2025/,0,0,0,0.44,184,"0, 1, 6, 6, 5, 5, 6, 6, 8, 8, 8, 8",2026-07-19 22:00:57,"Sitelinks, Video, Video Carousel, Related searches, AI overview","commercial, informational",Organic
what's the difference between ring and blink,41,41,40,25,1.02,https://www.icseecam.com/blink-vs-ring-camera-5-key-comparisons/,0,0,0,0.36,100,"14, 78, 14, 21, 28, 35, 28, 14, 14, 14, 14, 14",2026-08-12 14:33:09,"Sitelinks, Video, Ads bottom, Video Carousel, People also ask, Related searches, Short videos, Discussions and forums, AI overview","commercial, informational",Organic
what's the difference between ring and blink,72,72,40,25,1.02,https://www.icseecam.com/fr/blink-vs-ring-camera-5-key-comparisons/,0,0,0,0.36,100,"14, 78, 14, 21, 28, 35, 28, 14, 14, 14, 14, 14",2026-08-12 14:33:09,"Sitelinks, Video, Ads bottom, Video Carousel, People also ask, Related searches, Short videos, Discussions and forums, AI overview","commercial, informational",Organic
camara v380 pro,29,29,50,35,0.22,https://www.icseecam.com/es/what-is-v380-and-v380-pro/,0,0,0,1,222,"14, 78, 78, 78, 78, 14, 14, 14, 14, 14, 14, 14",2026-08-02 02:44:44,"Image pack, Sitelinks, Reviews, Video, Video Carousel, People also ask, Popular products, Related searches, Short videos, AI overview","commercial, informational",Organic
camara v380 pro,31,31,50,35,0.22,https://www.icseecam.com/es/v380-pro-free-download/,0,0,0,1,222,"14, 78, 78, 78, 78, 14, 14, 14, 14, 14, 14, 14",2026-08-02 02:44:44,"Image pack, Sitelinks, Reviews, Video, Video Carousel, People also ask, Popular products, Related searches, Short videos, AI overview","commercial, informational",Organic
blue light on ring doorbell,29,39,110,29,0,https://www.icseecam.com/what-does-solid-blue-light-on-ring-cameras-mean%EF%BC%9F/,0,0,0,0.01,101,"15, 19, 15, 15, 9, 15, 15, 15, 19, 19, 12, 12",2026-08-18 11:58:58,"Sitelinks, Video, Video Carousel, People also ask, Related searches, AI overview",informational,Organic
hack into security cameras,79,79,90,23,0,https://www.icseecam.com/how-to-hack-into-security-cameras%EF%BC%9F/,0,0,0,0.33,20600000,"17, 23, 23, 17, 23, 17, 28, 17, 23, 28, 17, 28",2026-08-03 05:50:35,"Sitelinks, Video Carousel, AI overview",informational,Organic
v380pro,46,46,880,44,0.24,https://www.icseecam.com/what-is-v380-and-v380-pro/,0,0,0,0.62,125,"20, 37, 68, 37, 46, 31, 31, 46, 52, 84, 46, 68",2026-07-12 01:13:56,"Sitelinks, Reviews, Video, Image, Video Carousel, People also ask, Related searches",informational,Organic
oem camera production,69,69,90,3,0,https://www.icseecam.com/security-camera-factory-production-process/,0,0,0,0.33,181,"23, 23, 42, 52, 52, 23, 52, 66, 100, 66, 33, 33",2026-06-30 15:00:19,"Sitelinks, Video, Ads bottom, People also ask, Related searches, AI overview",informational,Organic
oem camera production,71,71,90,3,0,https://www.icseecam.com/security-camera-factory-production-process/,0,0,0,0.33,181,"23, 23, 42, 52, 52, 23, 52, 66, 100, 66, 33, 33",2026-06-30 15:00:19,"Sitelinks, Video, Ads bottom, People also ask, Related searches, AI overview",informational,Organic
can shared users delete ring videos,32,32,70,20,0,https://www.icseecam.com/how-to-remove-ring-camera-history-on-ring-app/,0,0,0,0.33,90,"50, 50, 28, 50, 50, 50, 78, 100, 100, 64, 35, 35",2026-07-25 04:29:06,"Sitelinks, Video, Video Carousel, People also ask, Related searches, AI overview",informational,Organic
solar pv panel manufacturers,86,86,720,62,4.3,https://www.icseecam.com/top-10-solar-panel-manufacturers-in-the-usa-2025/,0,0,0,0.19,195,"5, 3, 24, 65, 44, 3, 3, 34, 55, 55, 3, 24",2026-08-04 02:42:05,"Local pack, Sitelinks, Video, Video Carousel, People also ask, Related searches, AI overview",informational,Organic
top solar module,74,74,140,35,2.46,https://www.icseecam.com/top-10-solar-panels-manufacturers-in-the-world/,0,0,0,1,190,"80, 80, 66, 52, 100, 66, 66, 52, 52, 52, 66, 80",2026-08-01 03:11:05,"Image pack, Sitelinks, Video, Video Carousel, People also ask, Popular products, Related searches, AI overview",commercial,Organic
top solar module,77,77,140,35,2.46,https://www.icseecam.com/top-10-solar-panels-manufacturers-in-the-world/,0,0,0,1,190,"80, 80, 66, 52, 100, 66, 66, 52, 52, 52, 66, 80",2026-08-01 03:11:05,"Image pack, Sitelinks, Video, Video Carousel, People also ask, Popular products, Related searches, AI overview",commercial,Organic
ip camera vs cctv,78,78,70,11,0.87,https://www.icseecam.com/cctv-vs-ip-camera/,0,0,0,0.14,175,"63, 45, 63, 81, 81, 63, 63, 45, 45, 45, 63, 27",2026-08-11 20:57:21,"Sitelinks, Reviews, Video, Video Carousel, People also ask, Related searches, Discussions and forums, AI overview","commercial, informational",Organic
manufacturing cctv,55,55,30,18,4.66,https://www.icseecam.com/top-10-cctv-manufacturers-in-the-world/,0,0,0,0.11,12300,"100, 18, 18, 18, 18, 18, 18, 18, 18, 18, 18, 18",2026-07-28 20:09:58,"Local pack, Video, Video Carousel, People also ask, Related searches, AI overview",informational,Organic
esee security camera,66,66,50,28,1.31,https://www.icseecam.com/eseecloud-app-download/,0,0,0,1,181,"33, 19, 23, 33, 23, 23, 23, 23, 23, 14, 9, 9",2026-08-09 07:17:09,"Sitelinks, Reviews, Video, Ads bottom, Video Carousel, People also ask, Popular products, Related searches, AI overview",commercial,Organic
ring vs blink reddit,43,43,40,26,0,https://www.icseecam.com/blink-vs-ring-camera-5-key-comparisons/,0,0,0,0.33,126,"10, 10, 22, 4, 4, 4, 22, 4, 4, 4, 4, 4",2026-07-14 16:37:53,"Video, Related searches",navigational,Organic
esee cloud,50,50,720,36,0.3,https://www.icseecam.com/what-is-eseecloud/,0,0,0,0.07,191,"30, 30, 24, 30, 30, 30, 30, 24, 30, 24, 24, 20",2026-07-01 22:00:57,"Sitelinks, Reviews, Video, People also ask, Related searches",informational,Organic
japanese camera brand,63,63,260,15,0,https://www.icseecam.com/top-10-japan-cctv-manufacturers-in-2024/,0,0,0,0.01,179,"5, 2, 8, 2, 7, 1, 2, 7, 0, 100, 0, 2",2026-08-18 02:29:11,"Image pack, Sitelinks, Video, People also ask, Popular products, Related searches, AI overview",informational,Organic
best wifi baby camera,46,46,50,34,0,https://www.icseecam.com/best-wifi-baby-monitor-manufacturers-in-usa/,0,0,0,0,162,"41, 41, 52, 82, 100, 29, 11, 5, 11, 0, 11, 0",2026-06-30 01:23:52,"Sitelinks, Reviews, Video, Video Carousel, Related searches, AI overview",commercial,Organic
can ring record 24/7,36,36,40,20,0,https://www.icseecam.com/do-ring-cameras-record-24-7/,0,0,0,0.01,12100000,"23, 14, 0, 9, 4, 19, 42, 33, 23, 23, 33, 9",2026-07-29 00:54:56,"Sitelinks, Video, Video Carousel, People also ask, Related searches, Discussions and forums, AI overview",informational,Organic
can ring record 24/7,67,67,40,20,0,https://www.icseecam.com/do-ring-cameras-record-24-7/,0,0,0,0.01,12100000,"23, 14, 0, 9, 4, 19, 42, 33, 23, 23, 33, 9",2026-07-29 00:54:56,"Sitelinks, Video, Video Carousel, People also ask, Related searches, Discussions and forums, AI overview",informational,Organic
house cameras without subscription,47,47,90,39,2.42,https://www.icseecam.com/best-home-security-camera-without-subscription/,0,0,0,1,181,"7, 100, 5, 7, 10, 5, 28, 5, 28, 28, 28, 28",2026-07-28 13:26:24,"Sitelinks, Reviews, Video, People also ask, Popular products, Related searches, Discussions and forums, AI overview","commercial, informational",Organic
house cameras without subscription,55,55,90,39,2.42,https://www.icseecam.com/best-home-security-camera-without-subscription/,0,0,0,1,181,"7, 100, 5, 7, 10, 5, 28, 5, 28, 28, 28, 28",2026-07-28 13:26:24,"Sitelinks, Reviews, Video, People also ask, Popular products, Related searches, Discussions and forums, AI overview","commercial, informational",Organic
how to see deleted ring videos,42,42,50,23,0,https://www.icseecam.com/how-to-remove-ring-camera-history-on-ring-app/,0,0,0,0.33,77,"100, 18, 100, 18, 18, 18, 45, 63, 63, 63, 63, 18",2026-08-02 02:31:33,"Sitelinks, Reviews, Video, Video Carousel, People also ask, Related searches, AI overview",informational,Organic
us cellular home security camera,67,67,50,28,0,https://www.icseecam.com/cellular-security-camera-manufacturers-in-the-usa/,0,0,0,0,175,"0, 0, 0, 11, 0, 100, 29, 23, 29, 29, 29, 52",2026-08-18 00:59:00,"Sitelinks, Reviews, Video, People also ask, Related searches, AI overview",informational,Organic
does a ring camera need wifi to work,49,49,50,15,0,https://www.icseecam.com/do-ring-cameras-work-without-wifi/,0,0,0,0.33,128,"18, 18, 18, 18, 18, 100, 18, 18, 45, 100, 100, 18",2026-07-08 19:12:20,"Sitelinks, Video, People also ask, Related searches, AI overview",informational,Organic
which ring camera records 24/7,35,35,90,29,3.21,https://www.icseecam.com/do-ring-cameras-record-24-7/,0,0,0,0.94,1990000,"0, 0, 0, 0, 33, 14, 100, 80, 66, 66, 66, 33",2026-06-27 13:59:00,"Sitelinks, Video, Video Carousel, People also ask, Related searches, AI overview",informational,Organic
ubox security camera,34,34,140,27,2.01,https://www.icseecam.com/ubox-solar-security-camera-review/,0,0,0,1,198,"42, 42, 53, 53, 42, 65, 100, 53, 42, 34, 42, 53",2026-07-17 20:25:28,"Sitelinks, Reviews, Video, Video Carousel, People also ask, Popular products, Related searches, AI overview",commercial,Organic
ubox security camera,36,36,140,27,2.01,https://www.icseecam.com/ubox-solar-security-camera-review/,0,0,0,1,198,"42, 42, 53, 53, 42, 65, 100, 53, 42, 34, 42, 53",2026-07-17 20:25:28,"Sitelinks, Reviews, Video, Video Carousel, People also ask, Popular products, Related searches, AI overview",commercial,Organic
do surveillance cameras record sound,75,75,50,13,0,https://www.icseecam.com/is-recording-audio-on-security-camera-illegal/,0,0,0,0.09,195,"77, 44, 55, 77, 100, 0, 77, 77, 55, 44, 55, 44",2026-08-11 04:01:51,"Sitelinks, Reviews, Video, Video Carousel, People also ask, Related searches, AI overview",informational,Organic
5g wireless security camera,29,29,70,21,1.96,https://www.icseecam.com/what-security-cameras-work-with-5ghz-wifi/,0,0,0,1,206,"52, 52, 33, 33, 23, 23, 19, 33, 33, 23, 9, 14",2026-08-13 15:05:58,"Sitelinks, Video, People also ask, Popular products, Related searches, Discussions and forums, AI overview","commercial, informational",Organic
remove location from ring app,50,50,40,24,0,https://www.icseecam.com/how-to-remove-ring-camera-history-on-ring-app/,0,0,0,0.33,118,"18, 18, 100, 18, 18, 18, 27, 45, 36, 36, 45, 18",2026-07-19 01:47:01,"Sitelinks, Video, People also ask, Related searches, Discussions and forums, AI overview",informational,Organic
orbs caught on ring cameras,49,49,90,22,0,https://www.icseecam.com/what-are-orbs-on-security-cameras%EF%BC%9F/,0,0,0,0.33,105,"33, 33, 33, 42, 42, 66, 19, 33, 66, 52, 52, 33",2026-07-14 01:21:19,"Sitelinks, Video, People also ask, Related searches, Short videos, AI overview",informational,Organic
best free security cameras,40,40,30,40,1.2,https://www.icseecam.com/top-subscription-free-security-cameras/,0,0,0,1,185,"42, 28, 57, 28, 14, 14, 0, 100, 0, 100, 100, 42",2026-07-22 00:18:21,"Sitelinks, Video, Video Carousel, People also ask, Related searches, AI overview",commercial,Organic
wholesale security camera,83,83,170,26,6.12,https://www.icseecam.com/top-10-cctv-camera-wholesale-suppliers/,0,0,0,0.61,175,"0, 0, 12, 82, 66, 82, 100, 82, 10, 23, 53, 28",2026-06-30 18:55:51,"Local pack, Sitelinks, Reviews, Video, People also ask, Popular products, Related searches",commercial,Organic
icsee pc,31,31,170,36,0,https://www.icseecam.com/download/,0,0,0,0.33,141,"5, 5, 48, 5, 100, 21, 3, 2, 2, 2, 21, 2",2026-06-25 10:59:05,"Reviews, Video, Video Carousel, People also ask, Related searches, AI overview",informational,Organic
icsee pc,61,61,170,36,0,https://www.icseecam.com/how-to-install-the-icsee-app-for-windows-easily/,0,0,0,0.33,141,"5, 5, 48, 5, 100, 21, 3, 2, 2, 2, 21, 2",2026-06-25 10:59:05,"Reviews, Video, Video Carousel, People also ask, Related searches, AI overview",informational,Organic
icsee pc,64,64,170,36,0,https://www.icseecam.com/pt/download/,0,0,0,0.33,141,"5, 5, 48, 5, 100, 21, 3, 2, 2, 2, 21, 2",2026-06-25 10:59:05,"Reviews, Video, Video Carousel, People also ask, Related searches, AI overview",informational,Organic
icsee pc,67,67,170,36,0,https://www.icseecam.com/fr/download/,0,0,0,0.33,141,"5, 5, 48, 5, 100, 21, 3, 2, 2, 2, 21, 2",2026-06-25 10:59:05,"Reviews, Video, Video Carousel, People also ask, Related searches, AI overview",informational,Organic
esee camera,37,37,210,19,0.59,https://www.icseecam.com/what-is-eseecloud/,0,0,0,0.98,177,"53, 53, 66, 53, 53, 53, 53, 53, 53, 43, 43, 53",2026-07-27 03:51:18,"Sitelinks, Reviews, Video, Video Carousel, People also ask, Popular products, Related searches, AI overview",commercial,Organic
esee camera,43,43,210,19,0.59,https://www.icseecam.com/eseecloud-cameras/,0,0,0,0.98,177,"53, 53, 66, 53, 53, 53, 53, 53, 53, 43, 43, 53",2026-07-27 03:51:18,"Sitelinks, Reviews, Video, Video Carousel, People also ask, Popular products, Related searches, AI overview",commercial,Organic
esee camera,60,60,210,19,0.59,https://www.icseecam.com/,0,0,0,0.98,177,"53, 53, 66, 53, 53, 53, 53, 53, 53, 43, 43, 53",2026-07-27 03:51:18,"Sitelinks, Reviews, Video, Video Carousel, People also ask, Popular products, Related searches, AI overview",commercial,Organic
livestock cameras no wifi,40,40,70,7,0.72,https://www.icseecam.com/farm-security-cameras-without-wifi-why-theyre-a-must-have/,0,0,0,0.99,229,"11, 23, 11, 17, 41, 29, 82, 100, 82, 52, 29, 23",2026-08-13 10:05:58,"Sitelinks, Video, Image, Video Carousel, People also ask, Popular products, Related searches, Discussions and forums",commercial,Organic
subscription free security camera,68,68,480,32,1.16,https://www.icseecam.com/top-subscription-free-security-cameras/,0,0,0,1,183,"44, 54, 44, 44, 100, 67, 54, 44, 54, 44, 44, 81",2026-08-11 05:00:47,"Sitelinks, Reviews, Video, Image, People also ask, Popular products, Related searches, Discussions and forums, AI overview","commercial, informational",Organic
ring camera setup instructions,35,0,90,34,1.33,https://www.icseecam.com/how-to-set-up-ring-camera%EF%BC%9F/,0,0,0,0.07,103,"7, 42, 42, 42, 7, 53, 65, 53, 42, 65, 0, 0",2026-08-19 02:32:08,"Image pack, Video, Video Carousel, People also ask, Related searches, AI overview",informational,Organic
blue light on camera,54,54,70,13,0,https://icseecam.com/tl/what-does-solid-blue-light-on-ring-cameras-mean%EF%BC%9F/,0,0,0,0.33,192,"100, 63, 81, 81, 36, 63, 63, 63, 63, 45, 63, 18",2026-07-26 19:48:51,"Sitelinks, Video, Video Carousel, People also ask, Related searches, AI overview",informational,Organic
security cameras without subscription,50,50,3600,35,1.88,https://www.icseecam.com/best-home-security-camera-without-subscription/,0,0,0,1,188,"44, 81, 100, 66, 81, 66, 66, 100, 81, 81, 35, 44",2026-08-16 05:23:54,"Sitelinks, Reviews, Video, Image, People also ask, Popular products, Related searches, Discussions and forums, AI overview",commercial,Organic
longest range wireless security camera,45,45,90,19,1.36,https://www.icseecam.com/top-5-long-range-security-camera-manufacturers/,0,0,0,1,168,"100, 28, 23, 12, 23, 17, 23, 23, 17, 17, 17, 12",2026-07-04 02:06:07,"Sitelinks, Reviews, Video, People also ask, Popular products, Related searches, Discussions and forums, AI overview","commercial, informational",Organic
ubia kamera,51,51,320,28,1.3,https://www.icseecam.com/product/ubox-b40f-4g-bird-house-with-camera/,0,0,0,0.95,193,"66, 53, 66, 66, 66, 82, 82, 100, 82, 66, 100, 100",2026-07-30 18:08:06,"Sitelinks, Reviews, Video, People also ask, Popular products, Related searches, AI overview",commercial,Organic
long range video surveillance,75,75,390,23,1.56,https://www.icseecam.com/top-5-long-range-security-camera-manufacturers/,0,0,0,1,182,"54, 19, 19, 54, 54, 81, 54, 54, 36, 54, 36, 29",2026-08-14 12:15:08,"Sitelinks, Reviews, Video, Video Carousel, People also ask, Popular products, Related searches",commercial,Organic
best non-subscription security cameras,69,69,50,37,1.27,https://www.icseecam.com/best-home-security-camera-without-subscription/,0,0,0,1,110,"7, 10, 10, 10, 2, 5, 5, 5, 5, 0, 100, 2",2026-06-25 11:06:11,"Sitelinks, Video, Video Carousel, People also ask, Popular products, Related searches, AI overview",commercial,Organic
wholesale security camera sales,81,81,170,22,0,https://www.icseecam.com/top-10-cctv-camera-wholesale-suppliers/,0,0,0,0,174,"11, 7, 53, 100, 100, 100, 100, 100, 0, 65, 80, 80",2026-06-30 15:08:37,"Sitelinks, Reviews, Video, Popular products, Related searches",transactional,Organic
太陽能電池板,56,56,30,7,3.17,https://www.icseecam.com/zh-TW/how-do-solar-panels-work/,0,0,0,1,62,"50, 35, 7, 0, 0, 50, 50, 14, 28, 14, 14, 21",2026-06-27 12:01:51,"Sitelinks, Video, Video Carousel, People also ask, Related searches",informational,Organic
security camera made in usa,54,54,90,13,2.71,https://www.icseecam.com/top-10-cctv-manufacturers-in-usa/,0,0,0,1,188,"52, 66, 52, 52, 52, 19, 42, 42, 23, 33, 42, 23",2026-07-19 00:47:42,"Sitelinks, Reviews, Video, People also ask, Popular products, Related searches, Discussions and forums, AI overview",informational,Organic
camara para exterior con panel solar,27,27,40,20,0,https://www.icseecam.com/es/whats-the-best-solar-security-cameras/,0,0,0,1,219,"100, 14, 14, 100, 14, 14, 14, 14, 14, 14, 14, 14",2026-06-28 12:00:11,"Sitelinks, Video, Video Carousel, People also ask, Popular products, Related searches, Short videos","informational, transactional",Organic
hacking a security camera,90,90,70,27,0,https://www.icseecam.com/how-to-hack-into-security-cameras%EF%BC%9F/,0,0,0,0.33,35800000,"33, 33, 19, 23, 33, 33, 33, 42, 33, 33, 42, 33",2026-07-10 09:06:52,"Sitelinks, Video Carousel",informational,Organic
most secure baby monitor,55,55,90,35,0,https://www.icseecam.com/best-wifi-baby-monitor-manufacturers-in-usa/,0,0,0,0,170,"78, 64, 100, 64, 50, 64, 78, 35, 64, 64, 64, 50",2026-07-11 17:39:01,"Sitelinks, Reviews, Video, People also ask, Related searches, AI overview",commercial,Organic
blink vs ring outdoor camera,33,33,110,32,0.55,https://www.icseecam.com/blink-vs-ring-camera-5-key-comparisons/,0,0,0,1,162,"23, 80, 100, 33, 42, 100, 80, 33, 23, 23, 33, 19",2026-06-27 14:05:10,"Sitelinks, Reviews, Video, Video Carousel, People also ask, Related searches, Discussions and forums, AI overview",commercial,Organic
list of solar panel manufacturers in usa,78,78,30,36,4.37,https://www.icseecam.com/top-10-solar-panel-manufacturers-in-the-usa-2025/,0,0,0,0.44,124,"1, 2, 2, 0, 1, 1, 2, 1, 1, 0, 0, 0",2026-08-10 00:33:24,"Sitelinks, Video, Ads bottom, People also ask, Related searches, AI overview",informational,Organic
ring camera blue light,25,25,390,18,0,https://www.icseecam.com/what-does-solid-blue-light-on-ring-cameras-mean%EF%BC%9F/,0,0,0,0.33,189,"66, 100, 81, 81, 66, 66, 44, 54, 54, 44, 54, 44",2026-06-27 05:32:19,"Sitelinks, Video, Video Carousel, People also ask, Related searches, AI overview",informational,Organic
window security camera no subscription,45,45,50,34,1.16,https://www.icseecam.com/best-home-security-camera-without-subscription/,0,0,0,1,179,"0, 0, 18, 18, 18, 18, 18, 63, 100, 100, 100, 63",2026-07-06 19:53:50,"Sitelinks, Reviews, Video, Ads bottom, Video Carousel, People also ask, Popular products, Related searches, AI overview",commercial,Organic
window security camera no subscription,51,51,50,34,1.16,https://www.icseecam.com/best-home-security-camera-without-subscription/,0,0,0,1,179,"0, 0, 18, 18, 18, 18, 18, 63, 100, 100, 100, 63",2026-07-06 19:53:50,"Sitelinks, Reviews, Video, Ads bottom, Video Carousel, People also ask, Popular products, Related searches, AI overview",commercial,Organic
best security camera for 24 hour recording outdoor,67,67,70,24,3.31,https://www.icseecam.com/top-continuous-recording-security-camera-brands/,0,0,0,1,134,"0, 0, 0, 0, 0, 0, 7, 7, 42, 42, 100, 80",2026-07-05 11:56:53,"Sitelinks, Reviews, Video, Video Carousel, People also ask, Popular products, Related searches, Ads middle, AI overview",commercial,Organic
does the ring camera record all the time,42,42,140,23,0,https://www.icseecam.com/do-ring-cameras-record-24-7/,0,0,0,0.01,90,"9, 9, 52, 52, 52, 52, 100, 100, 80, 52, 66, 66",2026-06-26 12:02:14,"Sitelinks, Reviews, Video, Video Carousel, People also ask, Related searches, AI overview",informational,Organic
reactivate deactivated ring camera,25,25,40,22,0,https://www.icseecam.com/reactivate-ring-doorbell-camera-without-pin-code/,0,0,0,0.01,160,"100, 11, 23, 23, 11, 11, 11, 11, 11, 11, 11, 11",2026-08-17 00:59:01,"Sitelinks, Video, People also ask, Related searches, AI overview",informational,Organic
long range night vision security camera,51,51,40,12,2.16,https://www.icseecam.com/top-5-long-range-security-camera-manufacturers/,0,0,0,0.96,190,"21, 14, 14, 35, 50, 28, 64, 35, 50, 14, 21, 14",2026-07-04 00:59:48,"Sitelinks, Reviews, Video, Image, Video Carousel, People also ask, Popular products, Related searches, AI overview","commercial, informational",Organic
us manufacturers of solar panels,86,86,70,51,3.61,https://www.icseecam.com/top-10-solar-panel-manufacturers-in-the-usa-2025/,0,0,0,0.43,151,"81, 66, 0, 1, 0, 0, 0, 0, 0, 0, 1, 1",2026-08-03 23:41:03,"Sitelinks, Video, People also ask, Related searches, AI overview",informational,Organic
sound detection camera,20,20,170,8,0.34,https://www.icseecam.com/top-10-sound-detection-security-camera-manufacturers/,0,0,0,1,200,"2, 15, 54, 15, 100, 29, 4, 5, 5, 4, 15, 2",2026-07-08 12:37:40,"Sitelinks, Reviews, Video, Video Carousel, People also ask, Popular products, Related searches, Discussions and forums, AI overview",commercial,Organic
icsee manual pdf,14,14,50,15,0,https://www.icseecam.com/es/comprehensive-icsee-camera-manual-everything-you-need-to-know/,0,0,0,0.33,88,"18, 18, 18, 18, 18, 18, 100, 18, 18, 100, 100, 100",2026-07-09 11:54:22,"Reviews, Video, Related searches, AI overview",informational,Organic
icsee manual pdf,29,29,50,15,0,https://www.icseecam.com/comprehensive-icsee-camera-manual-everything-you-need-to-know/,0,0,0,0.33,88,"18, 18, 18, 18, 18, 18, 100, 18, 18, 100, 100, 100",2026-07-09 11:54:22,"Reviews, Video, Related searches, AI overview",informational,Organic
icsee manual pdf,46,46,50,15,0,https://icseecam.com/fr/comprehensive-icsee-camera-manual-everything-you-need-to-know/,0,0,0,0.33,88,"18, 18, 18, 18, 18, 18, 100, 18, 18, 100, 100, 100",2026-07-09 11:54:22,"Reviews, Video, Related searches, AI overview",informational,Organic
icsee manual pdf,58,58,50,15,0,https://www.icseecam.com/icsee-camera-operation-guide/,0,0,0,0.33,88,"18, 18, 18, 18, 18, 18, 100, 18, 18, 100, 100, 100",2026-07-09 11:54:22,"Reviews, Video, Related searches, AI overview",informational,Organic
set up ring camera,36,36,390,32,1.19,https://www.icseecam.com/how-to-set-up-ring-camera%EF%BC%9F/,0,0,0,0.2,159,"66, 81, 100, 100, 81, 81, 100, 81, 81, 66, 81, 66",2026-07-10 09:04:16,"Sitelinks, Video, Video Carousel, People also ask, Related searches, Short videos, AI overview",informational,Organic
best camera for home security without subscription,52,52,30,23,3.87,https://www.icseecam.com/best-home-security-camera-without-subscription/,0,0,0,1,119,"100, 57, 28, 100, 57, 0, 28, 71, 28, 28, 14, 0",2026-07-23 14:57:45,"Sitelinks, Reviews, Video, Ads top, Video Carousel, People also ask, Popular products, Related searches, Discussions and forums, AI overview",commercial,Organic
indian cc camera,43,43,50,36,2.38,https://www.icseecam.com/top-10-cctv-camera-manufacturers-in-india/,0,0,0,0.11,166,"100, 100, 7, 0, 7, 14, 0, 0, 7, 35, 50, 100",2026-07-12 12:55:02,"Sitelinks, Video, Image, Video Carousel, People also ask, Related searches, AI overview","commercial, informational",Organic
magnetic home security camera,39,39,40,18,0,https://www.icseecam.com/usas-best-magnetic-security-camera-manufacturers/,0,0,0,1,192,"0, 0, 22, 44, 77, 100, 22, 100, 77, 22, 22, 22",2026-07-22 16:08:34,"Sitelinks, Video, Image, Video Carousel, People also ask, Popular products, Related searches",commercial,Organic
where is eufy made,20,20,90,28,0,https://www.icseecam.com/where-is-eufy-night-vision-security-camera-manufactured-in-usa-%EF%BC%9F/,0,0,0,0.02,98,"52, 80, 52, 42, 52, 52, 52, 33, 33, 42, 33, 33",2026-08-07 13:56:28,"Sitelinks, Reviews, Video, People also ask, Related searches, AI overview",informational,Organic
where is eufy made,62,62,90,28,0,https://www.icseecam.com/fr/where-is-eufy-night-vision-security-camera-manufactured-in-usa-%EF%BC%9F/,0,0,0,0.02,98,"52, 80, 52, 42, 52, 52, 52, 33, 33, 42, 33, 33",2026-08-07 13:56:28,"Sitelinks, Reviews, Video, People also ask, Related searches, AI overview",informational,Organic
where is eufy made,63,63,90,28,0,https://www.icseecam.com/zh-TW/where-is-eufy-night-vision-security-camera-manufactured-in-usa-%EF%BC%9F/,0,0,0,0.02,98,"52, 80, 52, 42, 52, 52, 52, 33, 33, 42, 33, 33",2026-08-07 13:56:28,"Sitelinks, Reviews, Video, People also ask, Related searches, AI overview",informational,Organic
where is eufy made,64,64,90,28,0,https://www.icseecam.com/hu/where-is-eufy-night-vision-security-camera-manufactured-in-usa-%EF%BC%9F/,0,0,0,0.02,98,"52, 80, 52, 42, 52, 52, 52, 33, 33, 42, 33, 33",2026-08-07 13:56:28,"Sitelinks, Reviews, Video, People also ask, Related searches, AI overview",informational,Organic
dual lens wifi ip camera,50,50,110,,0,https://www.icseecam.com/10-best-dual-lens-security-camera-manufacturers/,0,0,0,0.33,186,"2, 2, 2, 4, 100, 2, 9, 2, 7, 4, 2, 2",2026-07-19 00:05:04,"Sitelinks, Reviews, Video, Image, Video Carousel, Popular products, Related searches","commercial, informational",Organic
how long do blink cameras record,33,33,40,9,0,https://www.icseecam.com/do-blink-cameras-record-24-7/,0,0,0,0.33,92,"14, 50, 64, 35, 64, 14, 14, 14, 14, 14, 14, 14",2026-08-11 01:45:02,"Sitelinks, Video, Video Carousel, People also ask, Related searches, AI overview",informational,Organic
hami cam 設定,45,45,210,24,0,https://www.icseecam.com/zh-TW/icam365-ultimate-guide-2025/,0,0,0,0,96,"100, 0, 0, 0, 0, 0, 0, 0, 0",2026-07-22 11:47:05,"Video, People also ask, Related searches",informational,Organic
ring camera set up mode,34,34,70,30,1.77,https://www.icseecam.com/how-to-set-up-ring-camera%EF%BC%9F/,0,0,0,0.04,158,"35, 50, 50, 14, 0, 14, 100, 78, 78, 14, 78, 100",2026-08-14 07:17:18,"Video, People also ask, Related searches, AI overview","informational, navigational",Organic
security camera without subscription,52,52,3600,35,1.88,https://www.icseecam.com/best-home-security-camera-without-subscription/,0,0,0,1,187,"81, 66, 66, 53, 53, 100, 81, 53, 44, 44, 66, 53",2026-08-16 18:27:00,"Sitelinks, Video, Image, People also ask, Popular products, Related searches, Discussions and forums, AI overview","commercial, informational",Organic
cctv company,85,85,320,27,18.87,https://www.icseecam.com/top-10-cctv-manufacturers-in-usa/,0,0,0,0.17,152,"36, 66, 66, 36, 23, 23, 100, 23, 54, 29, 29, 29",2026-08-10 21:44:09,"Local pack, Reviews, Video, People also ask, Related searches, AI overview",commercial,Organic
how to know if a ring camera is on,48,48,50,17,0,https://www.icseecam.com/what-does-solid-blue-light-on-ring-cameras-mean%EF%BC%9F/,0,0,0,0.33,159,"29, 64, 64, 11, 11, 11, 29, 11, 11, 11, 64, 11",2026-08-07 12:45:48,"Sitelinks, Video, Video Carousel, People also ask, Related searches, AI overview",informational,Organic
cameras companies,62,0,30,30,3.56,https://www.icseecam.com/top-10-cctv-manufacturers-in-the-world/,0,0,0,0.28,184,"0, 3, 4, 3, 1, 2, 3, 4, 5, 3, 3, 7",2026-08-18 23:06:27,"Local pack, Sitelinks, Reviews, Video, People also ask, Related searches, AI overview",commercial,Organic
ycc365 plus app,38,38,170,40,0.15,https://www.icseecam.com/ycc365-plus/,0,0,0,0.11,149,"26, 17, 11, 17, 17, 17, 14, 14, 14, 11, 21, 26",2026-07-14 01:15:28,"Reviews, Video, People also ask, Related searches, AI overview",informational,Organic
ycc365 plus app,41,41,170,40,0.15,https://www.icseecam.com/ycc365-plus/,0,0,0,0.11,149,"26, 17, 11, 17, 17, 17, 14, 14, 14, 11, 21, 26",2026-07-14 01:15:28,"Reviews, Video, People also ask, Related searches, AI overview",informational,Organic
best long range cctv camera,66,66,40,31,1.4,https://www.icseecam.com/top-5-long-range-security-camera-manufacturers/,0,0,0,1,174,"63, 63, 36, 63, 63, 36, 18, 18, 18, 18, 18, 18",2026-07-10 02:38:52,"Sitelinks, Reviews, Video, Image, Video Carousel, People also ask, Related searches, Discussions and forums, AI overview",commercial,Organic
what is the difference between blink and ring,46,46,30,30,1.97,https://www.icseecam.com/blink-vs-ring-camera-5-key-comparisons/,0,0,0,0.43,82,"9, 9, 52, 9, 9, 9, 9, 9, 9, 9, 9, 9",2026-07-06 15:38:07,"Sitelinks, Video, Video Carousel, People also ask, Related searches, Short videos, Discussions and forums, AI overview","commercial, informational",Organic
what is the difference between blink and ring,49,49,30,30,1.97,https://www.icseecam.com/blink-vs-ring-camera-5-key-comparisons/,0,0,0,0.43,82,"9, 9, 52, 9, 9, 9, 9, 9, 9, 9, 9, 9",2026-07-06 15:38:07,"Sitelinks, Video, Video Carousel, People also ask, Related searches, Short videos, Discussions and forums, AI overview","commercial, informational",Organic
what is the difference between blink and ring,75,75,30,30,1.97,https://www.icseecam.com/it/blink-vs-ring-camera-5-key-comparisons/,0,0,0,0.43,82,"9, 9, 52, 9, 9, 9, 9, 9, 9, 9, 9, 9",2026-07-06 15:38:07,"Sitelinks, Video, Video Carousel, People also ask, Related searches, Short videos, Discussions and forums, AI overview","commercial, informational",Organic
what is the difference between blink and ring,79,79,30,30,1.97,https://www.icseecam.com/de/blink-vs-ring-camera-5-key-comparisons/,0,0,0,0.43,82,"9, 9, 52, 9, 9, 9, 9, 9, 9, 9, 9, 9",2026-07-06 15:38:07,"Sitelinks, Video, Video Carousel, People also ask, Related searches, Short videos, Discussions and forums, AI overview","commercial, informational",Organic
what does the blue light on ring camera mean,27,27,50,14,0,https://www.icseecam.com/what-does-solid-blue-light-on-ring-cameras-mean%EF%BC%9F/,0,0,0,0.33,96,"100, 18, 18, 100, 100, 18, 18, 18, 100, 27, 36, 18",2026-07-27 12:14:59,"Sitelinks, Video, Video Carousel, People also ask, Related searches, AI overview",informational,Organic
blink 24/7 recording,71,71,70,14,2.73,https://www.icseecam.com/do-blink-cameras-record-24-7/,0,0,0,0.43,116,"52, 64, 41, 52, 64, 41, 41, 41, 11, 11, 11, 11",2026-07-07 14:00:54,"Sitelinks, Reviews, Video, Video Carousel, People also ask, Related searches, AI overview",informational,Organic
ubia camera,48,48,390,23,1.42,https://www.icseecam.com/product/ubox-b40f-4g-bird-house-with-camera/,0,0,0,1,194,"35, 44, 54, 54, 66, 66, 81, 100, 54, 66, 81, 81",2026-08-09 13:47:21,"Sitelinks, Reviews, Video, Ads bottom, Video Carousel, People also ask, Popular products, Related searches, Discussions and forums, AI overview",commercial,Organic
does ring record 24 7,42,42,260,27,10.14,https://www.icseecam.com/do-ring-cameras-record-24-7/,0,0,0,0.04,102,"44, 11, 28, 54, 54, 54, 54, 54, 54, 54, 54, 44",2026-07-03 09:18:29,"Sitelinks, Video, Video Carousel, People also ask, Related searches, AI overview",informational,Organic
solar panel manufacturer,89,89,320,63,3.9,https://www.icseecam.com/top-10-solar-panel-manufacturers-in-the-usa-2025/,0,0,0,0.14,189,"20, 13, 31, 16, 25, 11, 8, 5, 16, 52, 5, 8",2026-07-01 19:52:12,"Local pack, Sitelinks, Video, People also ask, Related searches, AI overview",commercial,Organic
ring camera 24 7 recording,41,41,140,28,3.27,https://www.icseecam.com/do-ring-cameras-record-24-7/,0,0,0,0.95,183,"80, 66, 80, 66, 66, 66, 66, 52, 52, 52, 52, 52",2026-07-05 11:53:40,"Sitelinks, Video, Video Carousel, People also ask, Related searches","informational, navigational",Organic
how long does ring camera batteries last,46,46,40,15,4.89,https://www.icseecam.com/how-long-does-ring-camera-battery-last/,0,0,0,0.13,90,"0, 0, 6, 0, 0, 100, 0, 0, 0, 0, 0, 0",2026-06-26 17:58:43,"Sitelinks, Reviews, Video, Video Carousel, People also ask, Related searches, AI overview",informational,Organic
can t find ring doorbell qr code,27,27,40,20,0,https://www.icseecam.com/reactivate-ring-doorbell-camera-without-pin-code/,0,0,0,0.33,115,"11, 11, 23, 11, 23, 11, 100, 52, 11, 11, 11, 11",2026-06-28 20:52:27,"Sitelinks, Video, Video Carousel, People also ask, Related searches, AI overview",informational,Organic
home security camera brands,62,62,90,57,3.2,https://www.icseecam.com/top-10-cctv-manufacturers-in-usa/,0,0,0,1,178,"64, 64, 52, 41, 52, 52, 64, 82, 52, 41, 41, 52",2026-08-11 07:38:08,"Sitelinks, Reviews, Video, Image, People also ask, Popular products, Related searches, Discussions and forums, AI overview",commercial,Organic
security cameras wire free,53,53,50,23,2.07,https://www.icseecam.com/best-wire-free-home-security-cameras-in-2026/,0,0,0,0.08,178,"0, 100, 0, 0, 0, 0, 0, 0, 0, 0, 0, 0",2026-07-28 10:02:10,"Sitelinks, Reviews, Video, Video Carousel, People also ask, Popular products, Related searches, Discussions and forums",commercial,Organic
nest vs ring vs blink,42,42,30,32,1.69,https://www.icseecam.com/blink-camera-vs-nest-camera/,0,0,0,0.37,166,"11, 41, 17, 11, 11, 11, 41, 23, 11, 41, 11, 11",2026-07-29 11:52:43,"Sitelinks, Reviews, Video, Video Carousel, People also ask, Related searches, AI overview","commercial, informational",Organic
cctv us,64,0,30,40,3.9,https://www.icseecam.com/top-10-cctv-manufacturers-in-usa/,0,0,0,0.23,135,"64, 5, 5, 11, 5, 5, 17, 5, 29, 11, 23, 41",2026-08-18 22:00:52,"Sitelinks, Reviews, Video, People also ask, Related searches, AI overview",informational,Organic
blink or ring which is better,47,47,140,23,1.88,https://www.icseecam.com/blink-vs-ring-camera-5-key-comparisons/,0,0,0,0.93,79,"5, 28, 28, 53, 53, 82, 100, 43, 10, 10, 35, 28",2026-07-07 00:44:36,"Sitelinks, Reviews, Video, Video Carousel, People also ask, Related searches, AI overview","commercial, informational",Organic
blink or ring which is better,49,49,140,23,1.88,https://www.icseecam.com/blink-vs-ring-camera-5-key-comparisons/,0,0,0,0.93,79,"5, 28, 28, 53, 53, 82, 100, 43, 10, 10, 35, 28",2026-07-07 00:44:36,"Sitelinks, Reviews, Video, Video Carousel, People also ask, Related searches, AI overview","commercial, informational",Organic
blink or ring which is better,63,63,140,23,1.88,https://www.icseecam.com/fr/blink-vs-ring-camera-5-key-comparisons/,0,0,0,0.93,79,"5, 28, 28, 53, 53, 82, 100, 43, 10, 10, 35, 28",2026-07-07 00:44:36,"Sitelinks, Reviews, Video, Video Carousel, People also ask, Related searches, AI overview","commercial, informational",Organic
blink or ring which is better,74,74,140,23,1.88,https://www.icseecam.com/de/blink-vs-ring-camera-5-key-comparisons/,0,0,0,0.93,79,"5, 28, 28, 53, 53, 82, 100, 43, 10, 10, 35, 28",2026-07-07 00:44:36,"Sitelinks, Reviews, Video, Video Carousel, People also ask, Related searches, AI overview","commercial, informational",Organic
best security camera systems without subscription,66,66,30,27,4.06,https://www.icseecam.com/best-home-security-camera-without-subscription/,0,0,0,1,174,"14, 14, 14, 7, 7, 7, 0, 14, 100, 0, 0, 100",2026-08-02 06:24:16,"Sitelinks, Video, Video Carousel, People also ask, Popular products, Related searches, Discussions and forums, AI overview",commercial,Organic
nest or ring,49,49,90,39,2.45,https://www.icseecam.com/nest-vs-ring-doorbell-camera/,0,0,0,0.79,174,"10, 12, 15, 7, 10, 12, 12, 5, 4, 7, 5, 5",2026-07-14 17:23:41,"Sitelinks, Video, Video Carousel, People also ask, Related searches, AI overview",commercial,Organic
best cctv cameras for business,97,97,590,30,24.32,https://www.icseecam.com/top-10-cctv-manufacturers-in-the-world/,0,0,0,0.99,137,"48, 72, 48, 72, 48, 59, 59, 48, 48, 39, 72, 48",2026-06-29 13:08:50,"Sitelinks, Reviews, Video, Ads bottom, Video Carousel, People also ask, Popular products, Related searches, Ads middle, AI overview",commercial,Organic
iseecam,11,11,90,26,2.28,https://www.icseecam.com/,0,0,0,0.33,134,"0, 0, 0, 0, 0, 100, 0, 0, 0, 0, 0, 0",2026-07-11 21:35:45,"Sitelinks, Reviews, Video, People also ask, Related searches, AI overview",navigational,Organic
iseecam,66,66,90,26,2.28,https://www.icseecam.com/icsee/,0,0,0,0.33,134,"0, 0, 0, 0, 0, 100, 0, 0, 0, 0, 0, 0",2026-07-11 21:35:45,"Sitelinks, Reviews, Video, People also ask, Related searches, AI overview",navigational,Organic
iseecam,78,78,90,26,2.28,https://www.icseecam.com/download/,0,0,0,0.33,134,"0, 0, 0, 0, 0, 100, 0, 0, 0, 0, 0, 0",2026-07-11 21:35:45,"Sitelinks, Reviews, Video, People also ask, Related searches, AI overview",navigational,Organic
iseecam,88,88,90,26,2.28,https://www.icseecam.com/fr/,0,0,0,0.33,134,"0, 0, 0, 0, 0, 100, 0, 0, 0, 0, 0, 0",2026-07-11 21:35:45,"Sitelinks, Reviews, Video, People also ask, Related searches, AI overview",navigational,Organic
iseecam,89,89,90,26,2.28,https://www.icseecam.com/fr/,0,0,0,0.33,134,"0, 0, 0, 0, 0, 100, 0, 0, 0, 0, 0, 0",2026-07-11 21:35:45,"Sitelinks, Reviews, Video, People also ask, Related searches, AI overview",navigational,Organic
chinese camera,42,42,170,22,0,https://www.icseecam.com/top-10-cctv-manufacturers-in-china/,0,0,0,0.14,162,"35, 66, 43, 53, 43, 28, 43, 43, 28, 35, 35, 53",2026-08-12 01:40:30,"Image pack, Sitelinks, Video, Video Carousel, People also ask, Related searches, Discussions and forums, AI overview",informational,Organic
que es vivint,64,0,30,45,2.24,https://www.icseecam.com/es/where-are-vivint-cameras-made-in-usa/,0,0,0,0.66,106,"40, 40, 80, 60, 40, 60, 60, 100, 60, 80, 80, 80",2026-08-18 19:49:12,"Sitelinks, Reviews, Video, Video Carousel, People also ask, Related searches, AI overview","informational, navigational",Organic
hacked ip cameras,80,80,90,57,0,https://www.icseecam.com/how-to-hack-into-security-cameras%EF%BC%9F/,0,0,0,0.33,2560000,"4, 7, 10, 19, 5, 15, 5, 10, 7, 12, 12, 7",2026-06-25 14:16:34,"Sitelinks, Video Carousel, AI overview",informational,Organic
esee cloud for pc,33,33,210,13,0,https://www.icseecam.com/eseecloud-app-download/,0,0,0,0.01,174,"53, 53, 80, 100, 80, 100, 80, 65, 80, 53, 65, 65",2026-07-17 16:41:54,"Sitelinks, Reviews, Video, Video Carousel, People also ask, Related searches, AI overview",informational,Organic
esee cloud for pc,44,44,210,13,0,https://www.icseecam.com/what-is-eseecloud/,0,0,0,0.01,174,"53, 53, 80, 100, 80, 100, 80, 65, 80, 53, 65, 65",2026-07-17 16:41:54,"Sitelinks, Reviews, Video, Video Carousel, People also ask, Related searches, AI overview",informational,Organic
esee cloud for pc,45,45,210,13,0,https://www.icseecam.com/what-is-eseecloud/,0,0,0,0.01,174,"53, 53, 80, 100, 80, 100, 80, 65, 80, 53, 65, 65",2026-07-17 16:41:54,"Sitelinks, Reviews, Video, Video Carousel, People also ask, Related searches, AI overview",informational,Organic
esee cloud for pc,58,58,210,13,0,https://www.icseecam.com/cs/eseecloud-app-download/,0,0,0,0.01,174,"53, 53, 80, 100, 80, 100, 80, 65, 80, 53, 65, 65",2026-07-17 16:41:54,"Sitelinks, Reviews, Video, Video Carousel, People also ask, Related searches, AI overview",informational,Organic
best solar outdoor security cameras,78,78,70,35,1.02,https://www.icseecam.com/whats-the-best-solar-security-cameras/,0,0,0,1,126,"22, 22, 22, 100, 77, 77, 100, 100, 77, 77, 100, 44",2026-07-04 22:22:10,"Sitelinks, Reviews, Video, Video Carousel, People also ask, Popular products, Related searches, AI overview",commercial,Organic
eseecloud login,37,37,720,20,1.88,https://www.icseecam.com/what-is-eseecloud/,0,0,0,0.01,113,"81, 81, 81, 81, 81, 81, 81, 81, 81, 100, 100, 81",2026-07-03 07:53:18,"Sitelinks, Reviews, Video, People also ask, Related searches, AI overview",transactional,Organic
ring camera blue light on and off,31,31,70,8,0,https://www.icseecam.com/what-does-solid-blue-light-on-ring-cameras-mean%EF%BC%9F/,0,0,0,0.33,165,"0, 0, 0, 0, 3, 0, 65, 80, 100, 65, 7, 7",2026-07-08 13:57:55,"Sitelinks, Video, Video Carousel, People also ask, Related searches, Discussions and forums, AI overview",informational,Organic
will my ring doorbell work without internet,32,32,40,22,0,https://www.icseecam.com/do-ring-cameras-work-without-wifi/,0,0,0,0.33,62,"14, 14, 50, 14, 50, 28, 28, 100, 28, 14, 14, 14",2026-07-20 16:42:44,"Sitelinks, Reviews, Video, Video Carousel, People also ask, Related searches, AI overview",informational,Organic
hack an ip camera,52,52,110,26,0,https://www.icseecam.com/how-to-hack-into-security-cameras%EF%BC%9F/,0,0,0,0.33,55200000,"64, 64, 52, 64, 52, 82, 64, 100, 82, 64, 82, 64",2026-08-01 02:44:59,"Sitelinks, AI overview",informational,Organic
hack an ip camera,60,60,110,26,0,https://www.icseecam.com/how-to-hack-into-security-cameras%EF%BC%9F/,0,0,0,0.33,55200000,"64, 64, 52, 64, 52, 82, 64, 100, 82, 64, 82, 64",2026-08-01 02:44:59,"Sitelinks, AI overview",informational,Organic
how to remove ring camera from app,41,41,70,24,0,https://www.icseecam.com/how-to-remove-ring-camera-history-on-ring-app/,0,0,0,0.33,106,"9, 52, 9, 9, 52, 33, 66, 52, 33, 33, 9, 9",2026-08-05 13:02:26,"Sitelinks, Video, Video Carousel, People also ask, Related searches, Short videos, AI overview",informational,Organic
orbs on camera,35,35,390,27,1.01,https://www.icseecam.com/what-are-orbs-on-security-cameras%EF%BC%9F/,0,0,0,0.03,105,"54, 81, 81, 66, 81, 81, 81, 35, 23, 66, 28, 66",2026-06-29 12:41:04,"Image pack, Sitelinks, Video, Video Carousel, People also ask, Related searches, Short videos, AI overview",informational,Organic
ic camera,40,40,30,27,1.39,https://www.icseecam.com/,0,0,0,0.35,205,"36, 27, 27, 27, 27, 18, 18, 18, 27, 27, 18, 18",2026-07-04 17:01:56,"Image pack, Sitelinks, Reviews, Video, Video Carousel, People also ask, Popular products, Related searches, AI overview","informational, navigational",Organic
ic camera,45,45,30,27,1.39,https://www.icseecam.com/icsee/,0,0,0,0.35,205,"36, 27, 27, 27, 27, 18, 18, 18, 27, 27, 18, 18",2026-07-04 17:01:56,"Image pack, Sitelinks, Reviews, Video, Video Carousel, People also ask, Popular products, Related searches, AI overview","informational, navigational",Organic
how far can cctv cameras see,81,81,40,14,0,https://www.icseecam.com/how-far-can-security-cameras-see%EF%BC%9F/,0,0,0,0.12,140,"100, 64, 0, 7, 0, 0, 0, 50, 35, 50, 0, 64",2026-07-01 22:01:21,"Sitelinks, Reviews, Video, Video Carousel, People also ask, Related searches, Discussions and forums, AI overview",informational,Organic
solar panels brands,69,69,70,39,3.56,https://www.icseecam.com/best-solar-panel-brands-in-2025-top-6-picks/,0,0,0,0.38,182,"26, 19, 19, 11, 7, 15, 19, 26, 19, 34, 15, 65",2026-07-31 00:46:27,"Image pack, Sitelinks, Video, Image, People also ask, Popular products, Related searches, Discussions and forums, AI overview",commercial,Organic
home security cameras with sound,76,76,70,19,3.56,https://www.icseecam.com/top-10-sound-detection-security-camera-manufacturers/,0,0,0,1,208,"45, 63, 45, 45, 81, 81, 100, 81, 63, 63, 63, 63",2026-06-25 11:58:12,"Sitelinks, Reviews, Video, Video Carousel, People also ask, Popular products, Related searches, Discussions and forums",commercial,Organic
how to make ring camera record 24 7,30,30,50,19,0,https://www.icseecam.com/do-ring-cameras-record-24-7/,0,0,0,0.33,105,"100, 100, 100, 18, 0, 0, 18, 9, 27, 63, 18, 27",2026-08-16 20:30:49,"Sitelinks, Video, Video Carousel, People also ask, Related searches, AI overview",informational,Organic
ring cameras with 24 7 recording,50,50,30,28,1.62,https://www.icseecam.com/do-ring-cameras-record-24-7/,0,0,0,0.89,189,"0, 100, 18, 63, 18, 18, 18, 18, 18, 18, 18, 18",2026-07-21 02:56:55,"Sitelinks, Video, Video Carousel, People also ask, Popular products, Related searches, AI overview","commercial, navigational",Organic
eseecloud app for pc,46,46,140,12,0,https://www.icseecam.com/what-is-eseecloud/,0,0,0,0.05,145,"43, 43, 43, 28, 23, 23, 28, 100, 28, 23, 28, 23",2026-07-30 12:54:34,"Sitelinks, Reviews, Video, People also ask, Related searches, AI overview",informational,Organic
eseecloud app for pc,59,59,140,12,0,https://www.icseecam.com/cs/eseecloud-app-download/,0,0,0,0.05,145,"43, 43, 43, 28, 23, 23, 28, 100, 28, 23, 28, 23",2026-07-30 12:54:34,"Sitelinks, Reviews, Video, People also ask, Related searches, AI overview",informational,Organic
eseecloud app for pc,67,67,140,12,0,https://www.icseecam.com/cs/eseecloud-app-download/,0,0,0,0.05,145,"43, 43, 43, 28, 23, 23, 28, 100, 28, 23, 28, 23",2026-07-30 12:54:34,"Sitelinks, Reviews, Video, People also ask, Related searches, AI overview",informational,Organic
american made security systems,67,67,30,8,5.64,https://www.icseecam.com/cellular-security-camera-manufacturers-in-the-usa/,0,0,0,0.94,875000000,"18, 18, 18, 18, 27, 36, 45, 36, 27, 18, 27, 18",2026-07-06 07:25:43,"Sitelinks, Reviews, Video, People also ask, Related searches, Ads middle, AI overview","commercial, informational",Organic
xf/icsee.io,20,20,50,53,0,https://www.icseecam.com/download/,0,0,0,0.02,113,"0, 9, 18, 63, 63, 63, 63, 100, 63, 63",2026-07-09 09:00:31,"Sitelinks, Reviews, Video, People also ask, AI overview",informational,Organic
xf/icsee.io,46,46,50,53,0,https://www.icseecam.com/the-ultimate-guide-to-icsee-everything-you-need-to-know/,0,0,0,0.02,113,"0, 9, 18, 63, 63, 63, 63, 100, 63, 63",2026-07-09 09:00:31,"Sitelinks, Reviews, Video, People also ask, AI overview",informational,Organic
xf/icsee.io,54,54,50,53,0,https://www.icseecam.com/icsee/,0,0,0,0.02,113,"0, 9, 18, 63, 63, 63, 63, 100, 63, 63",2026-07-09 09:00:31,"Sitelinks, Reviews, Video, People also ask, AI overview",informational,Organic
xf/icsee.io,58,58,50,53,0,https://www.icseecam.com/setting-up-icsee-camera-cloud-storage/,0,0,0,0.02,113,"0, 9, 18, 63, 63, 63, 63, 100, 63, 63",2026-07-09 09:00:31,"Sitelinks, Reviews, Video, People also ask, AI overview",informational,Organic
xf/icsee.io,63,63,50,53,0,https://www.icseecam.com/setting-up-icsee-camera-cloud-storage/,0,0,0,0.02,113,"0, 9, 18, 63, 63, 63, 63, 100, 63, 63",2026-07-09 09:00:31,"Sitelinks, Reviews, Video, People also ask, AI overview",informational,Organic
xf/icsee.io,67,67,50,53,0,https://www.icseecam.com/comprehensive-icsee-camera-manual-everything-you-need-to-know/,0,0,0,0.02,113,"0, 9, 18, 63, 63, 63, 63, 100, 63, 63",2026-07-09 09:00:31,"Sitelinks, Reviews, Video, People also ask, AI overview",informational,Organic
xf/icsee.io,73,73,50,53,0,https://www.icseecam.com/icsee-camera-operation-guide/,0,0,0,0.02,113,"0, 9, 18, 63, 63, 63, 63, 100, 63, 63",2026-07-09 09:00:31,"Sitelinks, Reviews, Video, People also ask, AI overview",informational,Organic
xf/icsee.io,76,76,50,53,0,https://www.icseecam.com/es/download/,0,0,0,0.02,113,"0, 9, 18, 63, 63, 63, 63, 100, 63, 63",2026-07-09 09:00:31,"Sitelinks, Reviews, Video, People also ask, AI overview",informational,Organic
xf/icsee.io,77,77,50,53,0,https://www.icseecam.com/pt/download/,0,0,0,0.02,113,"0, 9, 18, 63, 63, 63, 63, 100, 63, 63",2026-07-09 09:00:31,"Sitelinks, Reviews, Video, People also ask, AI overview",informational,Organic
xf/icsee.io,78,78,50,53,0,https://www.icseecam.com/ru/product-category/icsee/,0,0,0,0.02,113,"0, 9, 18, 63, 63, 63, 63, 100, 63, 63",2026-07-09 09:00:31,"Sitelinks, Reviews, Video, People also ask, AI overview",informational,Organic
which ring cameras record 24 7,9,9,50,19,3.21,https://www.icseecam.com/do-ring-cameras-record-24-7/,0,0,0,0.94,115,"50, 100, 100, 50, 78, 7, 7, 7, 28, 7, 7, 0",2026-07-19 17:25:50,"Sitelinks, Video, People also ask, Related searches, Discussions and forums","informational, navigational",Organic
which ring cameras record 24 7,42,42,50,19,3.21,https://www.icseecam.com/do-ring-cameras-record-24-7/,0,0,0,0.94,115,"50, 100, 100, 50, 78, 7, 7, 7, 28, 7, 7, 0",2026-07-19 17:25:50,"Sitelinks, Video, People also ask, Related searches, Discussions and forums","informational, navigational",Organic
cctv usa,64,64,70,63,3.9,https://www.icseecam.com/top-10-cctv-manufacturers-in-usa/,0,0,0,0.23,199,"45, 100, 63, 63, 45, 63, 63, 100, 63, 36, 36, 63",2026-08-13 13:07:53,"Sitelinks, Reviews, Video, People also ask, Related searches, AI overview",informational,Organic
blink vs ring reddit,39,39,90,29,0,https://www.icseecam.com/blink-vs-ring-camera-5-key-comparisons/,0,0,0,0.03,127,"7, 7, 19, 10, 7, 12, 19, 10, 5, 7, 5, 5",2026-07-27 19:46:50,"Video, Related searches",navigational,Organic
ring camera vs nest,51,51,90,19,1.54,https://www.icseecam.com/nest-vs-ring-doorbell-camera/,0,0,0,0.7,155,"23, 23, 42, 19, 42, 42, 42, 66, 42, 100, 42, 33",2026-07-22 20:41:41,"Sitelinks, Reviews, Video, People also ask, Related searches, AI overview",commercial,Organic
do blink cameras record audio,43,43,40,14,0,https://www.icseecam.com/do-blink-cameras-record-24-7/,0,0,0,0.02,68,"18, 100, 100, 18, 18, 18, 18, 18, 18, 18, 18, 18",2026-08-03 22:03:24,"Sitelinks, Video, Video Carousel, People also ask, Related searches, AI overview",informational,Organic
why is my ring camera flashing blue when charging,38,38,90,20,0,https://www.icseecam.com/what-does-solid-blue-light-on-ring-cameras-mean%EF%BC%9F/,0,0,0,0.33,117,"15, 7, 7, 7, 7, 7, 53, 80, 100, 65, 26, 15",2026-07-27 21:38:56,"Sitelinks, Reviews, Video, Video Carousel, People also ask, Related searches, AI overview",informational,Organic
anti fog spray for security camera,57,57,50,13,0,https://www.icseecam.com/how-to-prevent-fog-on-security-cameras/,0,0,0,0.07,179,"2, 2, 2, 2, 2, 11, 11, 14, 11, 2, 2, 2",2026-06-29 07:44:20,"Sitelinks, Reviews, Video, Image, People also ask, Popular products, Related searches",commercial,Organic
arlo camera recording,28,28,50,22,0.72,https://www.icseecam.com/do-arlo-cameras-record-24-7/,0,0,0,0.45,207,"33, 33, 33, 33, 23, 33, 23, 23, 9, 9, 9, 9",2026-08-12 05:57:06,"Sitelinks, Video, Video Carousel, People also ask, Popular products, Related searches, AI overview",informational,Organic
does ring work without internet,40,40,110,27,0,https://www.icseecam.com/do-ring-cameras-work-without-wifi/,0,0,0,0.02,71,"11, 29, 64, 64, 64, 64, 100, 100, 64, 52, 52, 64",2026-07-15 19:34:33,"Sitelinks, Reviews, Video, Video Carousel, People also ask, Related searches, AI overview",informational,Organic
ring connection,41,41,140,42,0.53,https://www.icseecam.com/how-to-reconnect-ring-camera-to-wifi/,0,0,0,0.9,163,"7, 10, 12, 10, 36, 15, 15, 10, 15, 12, 19, 23",2026-08-07 12:00:20,"Sitelinks, Reviews, Video, Video Carousel, People also ask, Related searches, AI overview",informational,Organic
who owns arlo camera,62,62,70,36,0,https://www.icseecam.com/where-are-arlo-security-cameras-manufactured%EF%BC%9F/,0,0,0,0.04,129,"26, 26, 15, 7, 42, 53, 34, 7, 100, 3, 3, 7",2026-08-09 03:59:48,"Sitelinks, Reviews, Video, People also ask, Related searches, AI overview",informational,Organic
5ghz wifi camera,27,27,50,20,0.85,https://www.icseecam.com/what-security-cameras-work-with-5ghz-wifi/,0,0,0,1,213,"21, 15, 12, 15, 21, 28, 21, 6, 6, 34, 6, 6",2026-08-15 03:00:24,"Sitelinks, Reviews, Video, People also ask, Popular products, Related searches, Discussions and forums, AI overview",commercial,Organic
5ghz wifi camera,28,28,50,20,0.85,https://www.icseecam.com/what-security-cameras-work-with-5ghz-wifi/,0,0,0,1,213,"21, 15, 12, 15, 21, 28, 21, 6, 6, 34, 6, 6",2026-08-15 03:00:24,"Sitelinks, Reviews, Video, People also ask, Popular products, Related searches, Discussions and forums, AI overview",commercial,Organic
which ring cameras can record 24/7,88,88,40,25,0,https://www.icseecam.com/do-ring-cameras-record-24-7/,0,0,0,0.66,3430000,"100, 64, 50, 21, 14, 50, 14, 7, 7, 14, 14, 0",2026-06-27 14:55:23,"Sitelinks, Reviews, Video, Video Carousel, People also ask, Related searches","informational, navigational",Organic
top pv module manufacturers,63,63,70,26,3.15,https://www.icseecam.com/top-10-solar-panels-manufacturers-in-the-world/,0,0,0,0.34,188,"82, 52, 41, 41, 41, 29, 29, 23, 17, 23, 41, 29",2026-07-13 20:51:12,"Sitelinks, Video, People also ask, Related searches, AI overview","commercial, informational",Organic
where is eufy based,27,27,110,23,0,https://www.icseecam.com/where-is-eufy-night-vision-security-camera-manufactured-in-usa-%EF%BC%9F/,0,0,0,0.01,101,"50, 78, 50, 50, 64, 100, 100, 100, 64, 64, 64, 100",2026-08-14 00:29:27,"Sitelinks, Reviews, People also ask, Related searches, AI overview",informational,Organic
where is eufy based,61,61,110,23,0,https://www.icseecam.com/fr/where-is-eufy-night-vision-security-camera-manufactured-in-usa-%EF%BC%9F/,0,0,0,0.01,101,"50, 78, 50, 50, 64, 100, 100, 100, 64, 64, 64, 100",2026-08-14 00:29:27,"Sitelinks, Reviews, People also ask, Related searches, AI overview",informational,Organic
where is eufy based,62,62,110,23,0,https://www.icseecam.com/gd/where-is-eufy-night-vision-security-camera-manufactured-in-usa-%EF%BC%9F/,0,0,0,0.01,101,"50, 78, 50, 50, 64, 100, 100, 100, 64, 64, 64, 100",2026-08-14 00:29:27,"Sitelinks, Reviews, People also ask, Related searches, AI overview",informational,Organic
where is eufy based,64,64,110,23,0,https://www.icseecam.com/zh-TW/where-is-eufy-night-vision-security-camera-manufactured-in-usa-%EF%BC%9F/,0,0,0,0.01,101,"50, 78, 50, 50, 64, 100, 100, 100, 64, 64, 64, 100",2026-08-14 00:29:27,"Sitelinks, Reviews, People also ask, Related searches, AI overview",informational,Organic
where is eufy based,65,65,110,23,0,https://www.icseecam.com/hu/where-is-eufy-night-vision-security-camera-manufactured-in-usa-%EF%BC%9F/,0,0,0,0.01,101,"50, 78, 50, 50, 64, 100, 100, 100, 64, 64, 64, 100",2026-08-14 00:29:27,"Sitelinks, Reviews, People also ask, Related searches, AI overview",informational,Organic
google nest versus ring,53,53,90,31,1.92,https://www.icseecam.com/nest-vs-ring-doorbell-camera/,0,0,0,0.68,164,"21, 12, 6, 81, 21, 6, 21, 28, 15, 43, 43, 43",2026-06-24 22:00:07,"Sitelinks, Reviews, Video, Video Carousel, People also ask, Related searches, Discussions and forums, AI overview",commercial,Organic
i cee,75,75,50,22,0,https://www.icseecam.com/,0,0,0,0.33,131,"15, 2, 2, 2, 2, 2, 2, 2, 2, 2, 15, 19",2026-08-06 21:56:53,"Knowledge panel, Image pack, Sitelinks, Video, People also ask, Related searches, AI overview",informational,Organic
do blink cameras record 24/7,51,51,90,9,3.7,https://www.icseecam.com/do-blink-cameras-record-24-7/,0,0,0,0.1,328000,"0, 0, 0, 3, 3, 100, 65, 0, 3, 53, 100, 34",2026-07-25 00:54:10,"Sitelinks, Reviews, Video, Video Carousel, People also ask, Related searches, AI overview",informational,Organic
google nest or ring doorbell,67,67,30,35,1.18,https://www.icseecam.com/nest-vs-ring-doorbell-camera/,0,0,0,0.96,17,"28, 28, 57, 28, 28, 28, 28, 28, 28, 71, 42, 28",2026-07-21 22:16:54,"Sitelinks, Reviews, Video, People also ask, Popular products, Related searches, Discussions and forums, AI overview",informational,Organic
ring nest camera,53,53,30,41,2.23,https://www.icseecam.com/nest-vs-ring-doorbell-camera/,0,0,0,1,172,"9, 9, 9, 9, 9, 9, 9, 9, 9, 80, 9, 9",2026-07-21 22:28:19,"Sitelinks, Reviews, Video, Video Carousel, People also ask, Related searches, Discussions and forums, AI overview","commercial, informational",Organic
security camera connections,69,69,40,14,5.69,https://www.icseecam.com/how-to-wire-wired-security-cameras%EF%BC%9F/,0,0,0,0.75,174,"52, 41, 29, 29, 0, 17, 5, 5, 5, 29, 29, 29",2026-07-24 06:22:07,"Sitelinks, Reviews, Video, Image, Video Carousel, People also ask, Popular products, Related searches, Discussions and forums",commercial,Organic
what home security cameras don't require a subscription,50,50,50,40,2.49,https://www.icseecam.com/best-home-security-camera-without-subscription/,0,0,0,1,113000000,"0, 7, 28, 0, 28, 50, 100, 100, 78, 14, 28, 14",2026-07-08 22:44:28,"Sitelinks, Video, Video Carousel, People also ask, Popular products, Related searches, Short videos, AI overview",informational,Organic
how do you set up a ring camera,48,48,90,27,1.46,https://www.icseecam.com/how-to-set-up-ring-camera%EF%BC%9F/,0,0,0,0.26,137,"14, 14, 78, 78, 78, 78, 78, 100, 50, 50, 78, 50",2026-07-04 00:08:43,"Video, Video Carousel, People also ask, Related searches, Short videos, Discussions and forums, AI overview",informational,Organic
is blink the same as ring,54,54,70,27,0,https://www.icseecam.com/blink-vs-ring-camera-5-key-comparisons/,0,0,0,0.04,98,"15, 7, 53, 19, 7, 42, 7, 19, 42, 80, 11, 7",2026-07-04 03:58:32,"Sitelinks, Reviews, Video, Video Carousel, People also ask, Related searches, Discussions and forums, AI overview",informational,Organic
is blink the same as ring,60,60,70,27,0,https://www.icseecam.com/blink-vs-ring-camera-5-key-comparisons/,0,0,0,0.04,98,"15, 7, 53, 19, 7, 42, 7, 19, 42, 80, 11, 7",2026-07-04 03:58:32,"Sitelinks, Reviews, Video, Video Carousel, People also ask, Related searches, Discussions and forums, AI overview",informational,Organic
is blink the same as ring,80,80,70,27,0,https://www.icseecam.com/de/blink-vs-ring-camera-5-key-comparisons/,0,0,0,0.04,98,"15, 7, 53, 19, 7, 42, 7, 19, 42, 80, 11, 7",2026-07-04 03:58:32,"Sitelinks, Reviews, Video, Video Carousel, People also ask, Related searches, Discussions and forums, AI overview",informational,Organic
best in home cameras without subscription,64,64,30,22,3.27,https://www.icseecam.com/best-home-security-camera-without-subscription/,0,0,0,1,174,"11, 100, 11, 11, 11, 11, 11, 11, 11, 11, 11, 11",2026-08-11 17:12:36,"Sitelinks, Video, Video Carousel, Popular products, Related searches, Discussions and forums, AI overview",commercial,Organic
eseecloud app download,42,42,260,42,0.67,https://www.icseecam.com/eseecloud-app-download/,0,0,0,0.06,129,"43, 54, 66, 81, 81, 54, 54, 54, 35, 43, 35, 35",2026-07-22 17:15:01,"Reviews, Video, People also ask, Related searches, AI overview",informational,Organic
hack a camera,89,89,110,49,0,https://www.icseecam.com/how-to-hack-into-security-cameras%EF%BC%9F/,0,0,0,0.33,298000000,"0, 0, 0, 53, 100, 100, 34, 34, 26, 26, 53, 34",2026-06-25 19:56:36,"Video Carousel, AI overview",informational,Organic
ring doorbell 24/7 recording,35,35,50,21,2.74,https://www.icseecam.com/do-ring-cameras-record-24-7/,0,0,0,0.76,125,"77, 77, 0, 0, 0, 44, 100, 100, 77, 55, 55, 77",2026-07-06 15:36:37,"Sitelinks, Reviews, Video, Video Carousel, People also ask, Related searches, AI overview",informational,Organic
ring doorbell 24/7 recording,38,38,50,21,2.74,https://www.icseecam.com/do-ring-cameras-record-24-7/,0,0,0,0.76,125,"77, 77, 0, 0, 0, 44, 100, 100, 77, 55, 55, 77",2026-07-06 15:36:37,"Sitelinks, Reviews, Video, Video Carousel, People also ask, Related searches, AI overview",informational,Organic
ring doorbell 24/7 recording,66,66,50,21,2.74,https://www.icseecam.com/do-ring-cameras-record-24-7/,0,0,0,0.76,125,"77, 77, 0, 0, 0, 44, 100, 100, 77, 55, 55, 77",2026-07-06 15:36:37,"Sitelinks, Reviews, Video, Video Carousel, People also ask, Related searches, AI overview",informational,Organic
best home security camera no subscription,65,65,90,31,3.32,https://www.icseecam.com/best-home-security-camera-without-subscription/,0,0,0,1,109,"41, 64, 100, 52, 41, 41, 52, 41, 41, 41, 52, 100",2026-07-11 11:03:24,"Sitelinks, Reviews, Video, People also ask, Popular products, Related searches, AI overview",commercial,Organic
ubox パソコン で 見る,34,34,40,19,0,https://www.icseecam.com/ja/ubox-app-download/,0,0,0,0,142,"11, 41, 100, 23, 64, 23, 11, 11, 11, 0, 0, 0",2026-06-26 18:54:53,"Sitelinks, Reviews, Video, Video Carousel, People also ask, Related searches, AI overview",informational,Organic
gped camera app,37,37,90,31,0.41,https://www.icseecam.com/icam365-app-download/,0,0,0,0.18,143,"78, 50, 64, 78, 78, 50, 64, 50, 35, 28, 50, 50",2026-08-01 20:15:42,"Reviews, Video, People also ask, Related searches, AI overview",informational,Organic
gped camera app,51,51,90,31,0.41,https://www.icseecam.com/zh-TW/icam365-app-download/,0,0,0,0.18,143,"78, 50, 64, 78, 78, 50, 64, 50, 35, 28, 50, 50",2026-08-01 20:15:42,"Reviews, Video, People also ask, Related searches, AI overview",informational,Organic
dash cam manufacturers,66,66,70,22,3.44,https://www.icseecam.com/top-10-dash-cam-manufacturers-in-china/,0,0,0,0.94,188,"33, 42, 42, 42, 14, 9, 9, 42, 66, 52, 33, 33",2026-07-28 10:20:51,"Local pack, Sitelinks, Reviews, Video, Video Carousel, People also ask, Related searches, Discussions and forums, AI overview","commercial, informational",Organic
dash cam manufacturers,71,71,70,22,3.44,https://www.icseecam.com/top-10-dash-cam-manufacturers-in-china/,0,0,0,0.94,188,"33, 42, 42, 42, 14, 9, 9, 42, 66, 52, 33, 33",2026-07-28 10:20:51,"Local pack, Sitelinks, Reviews, Video, Video Carousel, People also ask, Related searches, Discussions and forums, AI overview","commercial, informational",Organic
long distance cctv camera,51,51,210,8,1.56,https://www.icseecam.com/top-5-long-range-security-camera-manufacturers/,0,0,0,1,198,"54, 19, 23, 23, 12, 7, 15, 54, 23, 29, 23, 23",2026-08-18 00:03:28,"Sitelinks, Reviews, Video, Image, Video Carousel, People also ask, Popular products, Related searches, AI overview",commercial,Organic
can blink cameras continuously record,33,33,40,16,0,https://www.icseecam.com/do-blink-cameras-record-24-7/,0,0,0,0.06,62,"18, 18, 18, 18, 18, 100, 18, 18, 18, 18, 100, 18",2026-07-11 18:11:27,"Sitelinks, Video, Video Carousel, People also ask, Related searches, AI overview",informational,Organic
5g surveillance camera,28,28,50,25,1.57,https://www.icseecam.com/what-security-cameras-work-with-5ghz-wifi/,0,0,0,1,221,"9, 23, 23, 42, 19, 42, 19, 19, 14, 9, 14, 19",2026-06-27 23:59:40,"Sitelinks, Video, Video Carousel, People also ask, Popular products, Related searches, AI overview","commercial, informational",Organic
5g surveillance camera,30,30,50,25,1.57,https://www.icseecam.com/what-security-cameras-work-with-5ghz-wifi/,0,0,0,1,221,"9, 23, 23, 42, 19, 42, 19, 19, 14, 9, 14, 19",2026-06-27 23:59:40,"Sitelinks, Video, Video Carousel, People also ask, Popular products, Related searches, AI overview","commercial, informational",Organic
best solar panel manufacturers 2026,60,60,50,33,0,https://www.icseecam.com/top-10-solar-panels-manufacturers-in-the-world/,0,0,0,0,167,"11, 33, 44, 100, 77",2026-08-15 22:02:16,"Sitelinks, Reviews, Video, Video Carousel, People also ask, Related searches, AI overview","commercial, informational",Organic
ic see,37,37,90,51,0.17,https://www.icseecam.com/icsee-login-a-simple-guide-for-new-users/,0,0,0,0.14,111,"10, 14, 66, 43, 6, 2, 2, 43, 4, 2, 4, 2",2026-08-10 07:01:16,"Sitelinks, Reviews, Video, Video Carousel, People also ask, Related searches, See results about, Things to know",informational,Organic
ic see,53,53,90,51,0.17,https://www.icseecam.com/download/,0,0,0,0.14,111,"10, 14, 66, 43, 6, 2, 2, 43, 4, 2, 4, 2",2026-08-10 07:01:16,"Sitelinks, Reviews, Video, Video Carousel, People also ask, Related searches, See results about, Things to know",informational,Organic
ic see,79,79,90,51,0.17,https://www.icseecam.com/product-category/icsee/,0,0,0,0.14,111,"10, 14, 66, 43, 6, 2, 2, 43, 4, 2, 4, 2",2026-08-10 07:01:16,"Sitelinks, Reviews, Video, Video Carousel, People also ask, Related searches, See results about, Things to know",informational,Organic
ic see,84,84,90,51,0.17,https://www.icseecam.com/es/icsee/,0,0,0,0.14,111,"10, 14, 66, 43, 6, 2, 2, 43, 4, 2, 4, 2",2026-08-10 07:01:16,"Sitelinks, Reviews, Video, Video Carousel, People also ask, Related searches, See results about, Things to know",informational,Organic
ic see,87,87,90,51,0.17,https://www.icseecam.com/es/download/,0,0,0,0.14,111,"10, 14, 66, 43, 6, 2, 2, 43, 4, 2, 4, 2",2026-08-10 07:01:16,"Sitelinks, Reviews, Video, Video Carousel, People also ask, Related searches, See results about, Things to know",informational,Organic
china security cameras,59,59,90,40,0,https://www.icseecam.com/top-10-cctv-manufacturers-in-china/,0,0,0,0.2,177,"64, 41, 52, 64, 100, 52, 41, 41, 41, 41, 41, 52",2026-08-17 16:21:04,"Sitelinks, Video, Video Carousel, People also ask, Related searches, Discussions and forums, AI overview",informational,Organic
continuous recording security camera,27,27,590,30,3.32,https://www.icseecam.com/top-continuous-recording-security-camera-brands/,0,0,0,1,180,"37, 25, 46, 31, 37, 25, 37, 20, 20, 20, 20, 37",2026-07-12 04:49:36,"Sitelinks, Reviews, Video, People also ask, Popular products, Related searches, AI overview","commercial, informational",Organic
ring camera flashing blue while charging,37,37,90,20,0,https://www.icseecam.com/what-does-solid-blue-light-on-ring-cameras-mean%EF%BC%9F/,0,0,0,0.33,94,"5, 5, 5, 5, 5, 5, 12, 53, 100, 66, 17, 5",2026-06-26 16:24:56,"Sitelinks, Video, Video Carousel, People also ask, Related searches, AI overview",informational,Organic
camera wiring,52,52,90,22,0.85,https://www.icseecam.com/how-to-wire-wired-security-cameras%EF%BC%9F/,0,0,0,1,165,"0, 5, 8, 3, 6, 54, 5, 6, 28, 3, 5, 54",2026-08-10 21:31:10,"Image pack, Sitelinks, Reviews, Video, Image, Video Carousel, People also ask, Popular products, Related searches, Short videos, AI overview",informational,Organic
eseecloud pc download,33,33,50,20,0,https://www.icseecam.com/eseecloud-app-download/,0,0,0,0.33,99,"5, 5, 7, 5, 5, 5, 100, 5, 5, 5, 5, 7",2026-08-09 00:51:50,"Sitelinks, Reviews, Video, Video Carousel, Related searches, AI overview",informational,Organic
eseecloud pc download,50,50,50,20,0,https://www.icseecam.com/es/eseecloud-app-download/,0,0,0,0.33,99,"5, 5, 7, 5, 5, 5, 100, 5, 5, 5, 5, 7",2026-08-09 00:51:50,"Sitelinks, Reviews, Video, Video Carousel, Related searches, AI overview",informational,Organic
eseecloud pc download,55,55,50,20,0,https://www.icseecam.com/cs/eseecloud-app-download/,0,0,0,0.33,99,"5, 5, 7, 5, 5, 5, 100, 5, 5, 5, 5, 7",2026-08-09 00:51:50,"Sitelinks, Reviews, Video, Video Carousel, Related searches, AI overview",informational,Organic
how to view eseecloud video on pc,51,51,590,16,0,https://www.icseecam.com/what-is-eseecloud/,0,0,0,0,129,"100, 0, 0",2026-07-24 09:57:25,"Sitelinks, Reviews, Video, Video Carousel, People also ask, Related searches",informational,Organic
how to view eseecloud video on pc,72,72,590,16,0,https://www.icseecam.com/eseecloud-app-download/,0,0,0,0,129,"100, 0, 0",2026-07-24 09:57:25,"Sitelinks, Reviews, Video, Video Carousel, People also ask, Related searches",informational,Organic
arlo recording,40,40,70,23,1.32,https://www.icseecam.com/do-arlo-cameras-record-24-7/,0,0,0,0.52,189,"42, 33, 42, 42, 42, 23, 42, 23, 23, 9, 9, 9",2026-07-14 13:08:24,"Sitelinks, Video, Video Carousel, People also ask, Related searches, AI overview",informational,Organic
security cameras wholesale suppliers,86,86,30,26,5.49,https://www.icseecam.com/top-10-cctv-camera-wholesale-suppliers/,0,0,0,0.78,1280,"7, 7, 11, 11, 15, 11, 15, 15, 11, 7, 7, 7",2026-07-29 06:58:02,"Local pack, Sitelinks, Reviews, Video, Image, Popular products, Related searches",commercial,Organic
best 2 way audio security camera,57,57,50,3,1.68,https://www.icseecam.com/best-two-way-audio-security-camera-manufacturers/,0,0,0,1,174,"7, 7, 7, 7, 7, 7, 7, 7, 7, 7, 100, 53",2026-08-15 22:29:13,"Sitelinks, Video, Video Carousel, People also ask, Popular products, Related searches, Discussions and forums, AI overview","commercial, informational",Organic
cctv camera manufacturers india,84,84,40,,0,https://www.icseecam.com/mr/top-10-cctv-camera-manufacturers-in-india/,0,0,0,0.33,173,"11, 11, 11, 23, 100, 11, 11, 11, 11, 11, 11, 11",2026-08-16 00:15:13,"Local pack, Sitelinks, Reviews, Video, Featured snippet, People also ask, Related searches",informational,Organic
ip camera systems for schools,96,96,70,11,0,https://www.icseecam.com/school-security-cameras-trusted-brands-reviewed/,0,0,0,0,158,"22, 55, 33, 44, 77, 100, 77, 100, 77, 77, 100, 77",2026-06-30 07:35:31,"Local pack, Sitelinks, Reviews, Video, Popular products, Related searches",commercial,Organic
who owns eufy,32,32,590,39,0,https://www.icseecam.com/where-is-eufy-night-vision-security-camera-manufactured-in-usa-%EF%BC%9F/,0,0,0,0.33,120,"67, 67, 81, 54, 54, 67, 100, 67, 81, 100, 54, 67",2026-07-10 21:08:39,"Sitelinks, Video, People also ask, Related searches, AI overview",informational,Organic
history of cctv camera,89,89,70,32,0.67,https://www.icseecam.com/when-were-security-cameras-invented/,0,0,0,0.03,125,"63, 45, 45, 45, 63, 45, 45, 0, 18, 100, 100, 100",2026-07-31 15:58:09,"Sitelinks, Reviews, Video, Video Carousel, People also ask, Related searches, Short videos, AI overview",informational,Organic
nest camera vs ring,45,45,140,21,1.63,https://www.icseecam.com/nest-vs-ring-doorbell-camera/,0,0,0,0.89,160,"10, 5, 5, 5, 10, 15, 5, 5, 100, 7, 4, 5",2026-08-14 04:05:46,"Sitelinks, Reviews, Video, Video Carousel, People also ask, Related searches, Discussions and forums, AI overview",commercial,Organic
ipcam korea,45,45,50,20,0,https://www.icseecam.com/korean-ip-camera-manufacturer/,0,0,0,0.33,169,"1, 12, 19, 1, 2, 9, 0, 0, 0, 36, 5, 0",2026-08-16 09:56:12,"Sitelinks, People also ask",informational,Organic
solar cell manufacturers,80,80,70,53,2.61,https://www.icseecam.com/top-10-solar-panel-manufacturers-in-the-usa-2025/,0,0,0,0.03,188,"100, 52, 41, 41, 23, 41, 41, 23, 41, 52, 64, 52",2026-07-07 19:28:15,"Local pack, Sitelinks, Video, Video Carousel, People also ask, Popular products, Related searches, AI overview",informational,Organic
camera yoosee ip,41,41,50,5,0,https://www.icseecam.com/yoosee-camera/,0,0,0,0,160,"50, 35, 50, 78, 100, 28, 14, 14, 14, 14, 14, 0",2026-07-12 16:48:12,"Sitelinks, Reviews, Video, Video Carousel, People also ask, Popular products, Related searches, Short videos, Discussions and forums",commercial,Organic
how far can security cameras see,93,93,110,8,0,https://www.icseecam.com/how-far-can-security-cameras-see%EF%BC%9F/,0,0,0,0.12,170,"82, 82, 64, 64, 52, 41, 52, 41, 41, 52, 52, 64",2026-07-17 05:34:22,"Sitelinks, Reviews, Video, Video Carousel, People also ask, Related searches, Discussions and forums, AI overview",informational,Organic
does a ring camera always record,43,43,40,20,0,https://www.icseecam.com/do-ring-cameras-record-24-7/,0,0,0,0.33,67,"14, 78, 78, 14, 14, 14, 14, 28, 14, 14, 14, 14",2026-07-29 10:04:27,"Sitelinks, Reviews, Video, Video Carousel, People also ask, Related searches, AI overview",informational,Organic
how to get ring camera off,66,66,40,17,0,https://www.icseecam.com/how-to-remove-ring-camera-history-on-ring-app/,0,0,0,0.33,148,"50, 14, 14, 14, 28, 28, 14, 100, 14, 14, 14, 14",2026-07-15 04:37:52,"Sitelinks, Reviews, Video, Video Carousel, People also ask, Related searches, Short videos, AI overview",informational,Organic
ring camera recording,54,54,140,32,1.64,https://www.icseecam.com/do-ring-cameras-record-24-7/,0,0,0,0.47,182,"65, 53, 65, 53, 53, 65, 65, 65, 53, 53, 42, 42",2026-07-28 04:36:03,"Sitelinks, Video, Video Carousel, People also ask, Popular products, Related searches, AI overview",informational,Organic
which ring cameras record 24/7,51,51,40,30,3.21,https://www.icseecam.com/do-ring-cameras-record-24-7/,0,0,0,0.94,3330000,"0, 0, 0, 9, 0, 0, 100, 81, 81, 45, 81, 0",2026-07-12 12:54:28,"Sitelinks, Reviews, Video, People also ask, Related searches, AI overview",informational,Organic
which ring cameras record 24/7,85,85,40,30,3.21,https://www.icseecam.com/do-ring-cameras-record-24-7/,0,0,0,0.94,3330000,"0, 0, 0, 9, 0, 0, 100, 81, 81, 45, 81, 0",2026-07-12 12:54:28,"Sitelinks, Reviews, Video, People also ask, Related searches, AI overview",informational,Organic
ring camera flashes blue,34,34,140,23,0,https://www.icseecam.com/what-does-solid-blue-light-on-ring-cameras-mean%EF%BC%9F/,0,0,0,0.33,163,"42, 33, 80, 66, 42, 52, 66, 9, 100, 66, 80, 80",2026-07-26 18:46:54,"Sitelinks, Video, Video Carousel, People also ask, Related searches, Short videos, AI overview",informational,Organic
top rated cctv systems,26,26,40,68,4.14,https://www.icseecam.com/top-10-cctv-camera-brands-in-the-united-states/,0,0,0,1,160,"63, 63, 63, 36, 100, 18, 18, 18, 18, 18, 18, 18",2026-07-29 15:07:50,"Sitelinks, Video, Video Carousel, People also ask, Popular products, Related searches, Discussions and forums, AI overview",commercial,Organic
icsee camera manual,7,7,40,8,0,https://www.icseecam.com/comprehensive-icsee-camera-manual-everything-you-need-to-know/,0,0,0,0.33,88,"14, 10, 14, 14, 6, 6, 4, 4, 4, 4, 4, 4",2026-08-13 09:19:05,"Image pack, Video, Video Carousel, People also ask, Related searches, AI overview",informational,Organic
icsee camera manual,22,22,40,8,0,https://www.icseecam.com/icsee-camera-operation-guide/,0,0,0,0.33,88,"14, 10, 14, 14, 6, 6, 4, 4, 4, 4, 4, 4",2026-08-13 09:19:05,"Image pack, Video, Video Carousel, People also ask, Related searches, AI overview",informational,Organic
icsee camera manual,35,35,40,8,0,https://www.icseecam.com/icsee-camera-operation-guide/,0,0,0,0.33,88,"14, 10, 14, 14, 6, 6, 4, 4, 4, 4, 4, 4",2026-08-13 09:19:05,"Image pack, Video, Video Carousel, People also ask, Related searches, AI overview",informational,Organic
icsee camera manual,46,46,40,8,0,https://icseecam.com/fr/comprehensive-icsee-camera-manual-everything-you-need-to-know/,0,0,0,0.33,88,"14, 10, 14, 14, 6, 6, 4, 4, 4, 4, 4, 4",2026-08-13 09:19:05,"Image pack, Video, Video Carousel, People also ask, Related searches, AI overview",informational,Organic
icsee camera manual,51,51,40,8,0,https://icseecam.com/pt/comprehensive-icsee-camera-manual-everything-you-need-to-know/,0,0,0,0.33,88,"14, 10, 14, 14, 6, 6, 4, 4, 4, 4, 4, 4",2026-08-13 09:19:05,"Image pack, Video, Video Carousel, People also ask, Related searches, AI overview",informational,Organic
icsee camera manual,59,59,40,8,0,https://www.icseecam.com/fr/icsee-login-a-simple-guide-for-new-users/,0,0,0,0.33,88,"14, 10, 14, 14, 6, 6, 4, 4, 4, 4, 4, 4",2026-08-13 09:19:05,"Image pack, Video, Video Carousel, People also ask, Related searches, AI overview",informational,Organic
non chinese security cameras,62,62,30,13,2.67,https://www.icseecam.com/best-home-security-camera-without-subscription/,0,0,0,0.92,180,"41, 17, 29, 29, 17, 17, 17, 0, 0, 11, 0, 0",2026-07-28 05:20:57,"Sitelinks, Video, People also ask, Related searches, AI overview",informational,Organic
how to setup ring camera,39,39,480,36,1.37,https://www.icseecam.com/how-to-set-up-ring-camera%EF%BC%9F/,0,0,0,0.06,139,"81, 19, 23, 36, 29, 67, 36, 36, 67, 100, 100, 44",2026-06-27 22:05:27,"Video, People also ask, Related searches, Short videos, AI overview",informational,Organic
does ring cam record 24/7,58,58,70,26,7.1,https://www.icseecam.com/do-ring-cameras-record-24-7/,0,0,0,0.09,1020000,"100, 0, 0, 0, 0, 4, 23, 23, 52, 100, 42, 100",2026-07-09 06:03:40,"Sitelinks, Video, Video Carousel, People also ask, Related searches, AI overview",informational,Organic
what does the blue light mean on ring camera,31,31,70,13,0,https://www.icseecam.com/what-does-solid-blue-light-on-ring-cameras-mean%EF%BC%9F/,0,0,0,0.33,100,"0, 4, 4, 0, 0, 4, 2, 5, 4, 0, 0, 2",2026-08-13 00:00:17,"Sitelinks, Video, Video Carousel, People also ask, Related searches, Discussions and forums, AI overview",informational,Organic
what does the blue light mean on ring camera,39,39,70,13,0,https://www.icseecam.com/what-does-solid-blue-light-on-ring-cameras-mean%EF%BC%9F/,0,0,0,0.33,100,"0, 4, 4, 0, 0, 4, 2, 5, 4, 0, 0, 2",2026-08-13 00:00:17,"Sitelinks, Video, Video Carousel, People also ask, Related searches, Discussions and forums, AI overview",informational,Organic
two way audio video surveillance,61,61,140,7,1.61,https://www.icseecam.com/best-two-way-audio-security-camera-manufacturers/,0,0,0,0.75,176,"43, 43, 43, 21, 34, 43, 43, 43, 43, 34, 53, 43",2026-06-27 11:47:25,"Sitelinks, Reviews, Video, Video Carousel, People also ask, Popular products, Related searches",commercial,Organic
ip dual lens camera,45,45,90,8,0,https://www.icseecam.com/10-best-dual-lens-security-camera-manufacturers/,0,0,0,0,186,"35, 100, 10, 22, 29, 6, 4, 4, 4, 4, 4, 0",2026-07-22 20:27:03,"Reviews, Video, Video Carousel, Popular products, Related searches",commercial,Organic
ring blue light flashing,34,34,210,33,0,https://www.icseecam.com/what-does-solid-blue-light-on-ring-cameras-mean%EF%BC%9F/,0,0,0,0.01,145,"100, 28, 28, 66, 18, 66, 35, 54, 35, 15, 11, 0",2026-07-01 07:00:03,"Sitelinks, Video, People also ask, Related searches, Short videos, AI overview",informational,Organic
ring vs blink outdoor camera,58,58,50,28,0.99,https://www.icseecam.com/de/blink-vs-ring-camera-5-key-comparisons/,0,0,0,0.97,160,"42, 33, 66, 23, 9, 42, 33, 14, 9, 14, 14, 9",2026-07-27 18:23:35,"Sitelinks, Video, People also ask, Related searches, Discussions and forums, AI overview",commercial,Organic
icam365 app,43,43,480,31,0.44,https://www.icseecam.com/icam365-ultimate-guide-2025/,0,0,0,0.15,167,"54, 36, 44, 44, 54, 44, 44, 54, 54, 54, 67, 67",2026-07-31 23:32:05,"Reviews, Video, Video Carousel, People also ask, Related searches, Things to know, AI overview",informational,Organic
icam365 app,52,52,480,31,0.44,https://www.icseecam.com/hu/icam365-app-download/,0,0,0,0.15,167,"54, 36, 44, 44, 54, 44, 44, 54, 54, 54, 67, 67",2026-07-31 23:32:05,"Reviews, Video, Video Carousel, People also ask, Related searches, Things to know, AI overview",informational,Organic
icam365 app,57,57,480,31,0.44,https://www.icseecam.com/hu/icam365-app-download/,0,0,0,0.15,167,"54, 36, 44, 44, 54, 44, 44, 54, 54, 54, 67, 67",2026-07-31 23:32:05,"Reviews, Video, Video Carousel, People also ask, Related searches, Things to know, AI overview",informational,Organic
icam365 app,66,66,480,31,0.44,https://www.icseecam.com/zh-TW/icam365-app-download/,0,0,0,0.15,167,"54, 36, 44, 44, 54, 44, 44, 54, 54, 54, 67, 67",2026-07-31 23:32:05,"Reviews, Video, Video Carousel, People also ask, Related searches, Things to know, AI overview",informational,Organic
icam365 app,78,78,480,31,0.44,https://www.icseecam.com/fa/icam365-app-download/,0,0,0,0.15,167,"54, 36, 44, 44, 54, 44, 44, 54, 54, 54, 67, 67",2026-07-31 23:32:05,"Reviews, Video, Video Carousel, People also ask, Related searches, Things to know, AI overview",informational,Organic
i see app,18,18,50,50,0.13,https://www.icseecam.com/download/,0,0,0,0.06,167,"9, 9, 52, 52, 33, 33, 33, 33, 0, 23, 0, 33",2026-07-26 11:06:14,"Sitelinks, Reviews, Video, Video Carousel, People also ask, Related searches, AI overview",informational,Organic
i see app,30,30,50,50,0.13,https://www.icseecam.com/the-ultimate-guide-to-icsee-everything-you-need-to-know/,0,0,0,0.06,167,"9, 9, 52, 52, 33, 33, 33, 33, 0, 23, 0, 33",2026-07-26 11:06:14,"Sitelinks, Reviews, Video, Video Carousel, People also ask, Related searches, AI overview",informational,Organic
i see app,42,42,50,50,0.13,https://www.icseecam.com/es/download/,0,0,0,0.06,167,"9, 9, 52, 52, 33, 33, 33, 33, 0, 23, 0, 33",2026-07-26 11:06:14,"Sitelinks, Reviews, Video, Video Carousel, People also ask, Related searches, AI overview",informational,Organic
i see app,52,52,50,50,0.13,https://www.icseecam.com/pt/download/,0,0,0,0.06,167,"9, 9, 52, 52, 33, 33, 33, 33, 0, 23, 0, 33",2026-07-26 11:06:14,"Sitelinks, Reviews, Video, Video Carousel, People also ask, Related searches, AI overview",informational,Organic
v380 pro free download,56,56,50,35,0,https://www.icseecam.com/v380-pro-free-download/,0,0,0,0.71,117,"15, 15, 6, 6, 34, 34, 65, 6, 6, 6, 6, 6",2026-08-11 01:02:52,"Sitelinks, Reviews, Video, Video Carousel, People also ask, Related searches, AI overview",informational,Organic
v380 pro free download,59,59,50,35,0,https://www.icseecam.com/v380-pro-free-download/,0,0,0,0.71,117,"15, 15, 6, 6, 34, 34, 65, 6, 6, 6, 6, 6",2026-08-11 01:02:52,"Sitelinks, Reviews, Video, Video Carousel, People also ask, Related searches, AI overview",informational,Organic
v380 pro free download,81,81,50,35,0,https://www.icseecam.com/es/v380-pro-free-download/,0,0,0,0.71,117,"15, 15, 6, 6, 34, 34, 65, 6, 6, 6, 6, 6",2026-08-11 01:02:52,"Sitelinks, Reviews, Video, Video Carousel, People also ask, Related searches, AI overview",informational,Organic
wyze 台灣,34,34,40,19,0,https://www.icseecam.com/zh-TW/where-is-wyze-security-camera-manufactured%EF%BC%9F/,0,0,0,0.33,114,"11, 41, 23, 11, 23, 100, 11, 11, 11, 11, 11, 11",2026-07-09 02:08:02,"Sitelinks, Reviews, Video, Related searches",informational,Organic
arlo vs ring security cameras,40,40,40,14,1.79,https://www.icseecam.com/arlo-vs-ring-cameras/,0,0,0,0.95,148,"81, 100, 100, 18, 18, 27, 18, 18, 18, 18, 18, 27",2026-07-29 22:53:51,"Sitelinks, Video, Video Carousel, People also ask, Related searches, Discussions and forums, AI overview",commercial,Organic
see vision solar camera,51,51,40,15,0.39,https://www.icseecam.com/product-category/solar-security-camera/,0,0,0,0.98,150,"100, 18, 18, 18, 18, 100, 0, 18, 18, 18, 18, 18",2026-07-05 00:51:18,"Sitelinks, Reviews, Video, Video Carousel, People also ask, Popular products, Related searches, AI overview",commercial,Organic
security camera systems without subscription,65,65,30,31,4.54,https://www.icseecam.com/best-home-security-camera-without-subscription/,0,0,0,1,103,"22, 22, 22, 22, 22, 11, 55, 100, 55, 22, 22, 33",2026-06-27 04:49:59,"Sitelinks, Video, Video Carousel, People also ask, Popular products, Related searches, AI overview","commercial, informational",Organic
ubox app for android,39,39,70,47,0.57,https://www.icseecam.com/ubox-app-download/,0,0,0,0.04,171,"9, 9, 9, 52, 52, 66, 33, 23, 33, 23, 52, 52",2026-07-07 09:53:26,"Sitelinks, Reviews, Video, Video Carousel, People also ask, Related searches",navigational,Organic
ubox app for android,46,46,70,47,0.57,https://www.icseecam.com/what-is-ubox-app/,0,0,0,0.04,171,"9, 9, 9, 52, 52, 66, 33, 23, 33, 23, 52, 52",2026-07-07 09:53:26,"Sitelinks, Reviews, Video, Video Carousel, People also ask, Related searches",navigational,Organic
how long does ring outdoor cam plus battery last,52,52,70,25,0,https://www.icseecam.com/how-long-does-ring-camera-battery-last/,0,0,0,0.18,117,"0, 14, 78, 100, 78, 14, 78, 100, 14, 14, 78, 50",2026-07-12 20:57:54,"Sitelinks, Reviews, Video, Video Carousel, People also ask, Related searches, AI overview",informational,Organic
letscee camera app,34,34,70,29,0.4,https://www.icseecam.com/download/,0,0,0,0.17,122,"100, 63, 63, 63, 36, 45, 45, 18, 63, 18, 100, 100",2026-07-06 19:55:17,"Reviews, Video, Video Carousel, Related searches, AI overview",informational,Organic
ghosting in camera,73,73,50,9,0,https://www.icseecam.com/what-causes-ghost-images-on-security-cameras/,0,0,0,0.33,114,"0, 0, 0, 0, 0, 15, 7, 26, 15, 100, 42, 65",2026-08-16 04:49:05,"Sitelinks, Video, Video Carousel, People also ask, Related searches, AI overview",informational,Organic
home security systems made in usa,90,90,30,45,4.54,https://www.icseecam.com/top-10-cctv-manufacturers-in-usa/,0,0,0,0.99,199,"44, 22, 22, 55, 33, 33, 22, 22, 22, 22, 33, 22",2026-07-28 23:29:16,"Sitelinks, Video, Ads bottom, People also ask, Popular products, Related searches, AI overview",commercial,Organic
u.s. solar panel manufacturers,80,80,30,47,3.61,https://www.icseecam.com/top-10-solar-panel-manufacturers-in-the-usa-2025/,0,0,0,0.43,130,"3, 0, 3, 0, 53, 3, 0, 0, 34, 0, 0, 0",2026-08-03 14:16:53,"Sitelinks, Video, Ads bottom, People also ask, Related searches, Discussions and forums, AI overview",informational,Organic
who makes blink cameras,81,81,210,42,3.68,https://www.icseecam.com/blink-floodlight-camera-manufacturing-locations/,0,0,0,0.11,154,"28, 44, 35, 28, 44, 44, 35, 23, 35, 23, 23, 28",2026-08-11 03:06:56,"Sitelinks, Reviews, Video, Video Carousel, People also ask, Related searches, AI overview",informational,Organic
5ghz wifi cam,8,8,40,25,0.49,https://www.icseecam.com/what-security-cameras-work-with-5ghz-wifi/,0,0,0,1,8,"33, 33, 19, 14, 14, 19, 33, 19, 9, 9, 19, 9",2026-07-19 21:13:05,"Sitelinks, People also ask, Popular products, Related searches, AI overview",commercial,Organic
nest and ring doorbell,55,55,140,35,1.59,https://www.icseecam.com/nest-vs-ring-doorbell-camera/,0,0,0,1,165,"43, 43, 43, 17, 35, 43, 7, 23, 66, 82, 53, 10",2026-07-18 20:35:52,"Sitelinks, Video, Video Carousel, People also ask, Related searches, Discussions and forums, AI overview",informational,Organic
wifi panorama camera,38,38,880,26,0.48,https://www.icseecam.com/how-to-install-wifi-panorama-camera/,0,0,0,1,180,"15, 19, 19, 13, 15, 15, 10, 13, 8, 10, 10, 10",2026-08-12 19:37:39,"Image pack, Sitelinks, Reviews, Video, Video Carousel, People also ask, Popular products, Related searches, Short videos, AI overview","commercial, informational",Organic
is a ring camera always recording,42,42,70,30,0,https://www.icseecam.com/do-ring-cameras-record-24-7/,0,0,0,0.33,114,"64, 64, 64, 11, 11, 23, 29, 17, 29, 52, 11, 82",2026-08-17 05:16:11,"Sitelinks, Video, Featured snippet, People also ask, Related searches",informational,Organic
ycc365 plus application,24,24,90,30,0.15,https://www.icseecam.com/ycc365-plus/,0,0,0,0.11,155,"82, 41, 23, 41, 41, 41, 52, 64, 52, 41, 82, 100",2026-07-06 04:23:19,"Reviews, Video, Video Carousel, People also ask, Related searches, AI overview",informational,Organic
biggest solar panel producers,73,73,110,33,9.76,https://www.icseecam.com/top-10-solar-panels-manufacturers-in-the-world/,0,0,0,0.07,182,"34, 53, 42, 34, 42, 42, 53, 65, 42, 42, 53, 42",2026-08-12 15:05:15,"Image pack, Sitelinks, Video, People also ask, Related searches, AI overview",informational,Organic
cameras that record without subscription,72,72,40,27,1.46,https://www.icseecam.com/best-home-security-camera-without-subscription/,0,0,0,1,139,"18, 45, 45, 18, 18, 18, 100, 63, 18, 27, 18, 18",2026-07-29 21:24:33,"Sitelinks, Video, Video Carousel, People also ask, Popular products, Related searches, Discussions and forums, AI overview","commercial, informational",Organic
how to delete ring camera from app,49,49,50,28,0,https://www.icseecam.com/how-to-remove-ring-camera-history-on-ring-app/,0,0,0,0.33,130,"18, 18, 100, 100, 18, 100, 63, 36, 27, 27, 27, 18",2026-06-30 05:22:18,"Sitelinks, Reviews, Video, Video Carousel, People also ask, Related searches, Short videos, AI overview",informational,Organic
who makes eufy cameras,46,46,70,32,0,https://www.icseecam.com/where-is-eufy-night-vision-security-camera-manufactured-in-usa-%EF%BC%9F/,0,0,0,0.11,155,"18, 81, 63, 63, 18, 100, 18, 18, 100, 100, 36, 18",2026-08-11 11:07:35,"Sitelinks, Reviews, Video, People also ask, Related searches, AI overview",informational,Organic
who makes eufy cameras,64,64,70,32,0,https://www.icseecam.com/sv/where-is-eufy-night-vision-security-camera-manufactured-in-usa-%EF%BC%9F/,0,0,0,0.11,155,"18, 81, 63, 63, 18, 100, 18, 18, 100, 100, 36, 18",2026-08-11 11:07:35,"Sitelinks, Reviews, Video, People also ask, Related searches, AI overview",informational,Organic
hiseeu camera app for pc,79,79,50,17,0,https://www.icseecam.com/download/,0,0,0,0.03,92,"45, 63, 81, 100, 100, 18, 18, 18, 18, 18, 18, 18",2026-06-30 05:56:42,"Reviews, Video, People also ask, Related searches","informational, transactional",Organic
cost of photovoltaic shingles,71,71,590,38,3.03,https://www.icseecam.com/solar-shingles-vs-solar-panels-pros-explained/,0,0,0,0.43,191,"100, 67, 8, 55, 67, 36, 30, 36, 36, 30, 67, 55",2026-06-28 21:44:29,"Sitelinks, Reviews, Video, Video Carousel, People also ask, Related searches, AI overview","commercial, informational",Organic
can ring cameras record 24 7,41,41,210,21,4.74,https://www.icseecam.com/do-ring-cameras-record-24-7/,0,0,0,0.08,103,"80, 80, 80, 53, 80, 65, 100, 100, 100, 80, 100, 100",2026-08-13 14:33:04,"Sitelinks, Video, Video Carousel, People also ask, Related searches, Discussions and forums, AI overview",informational,Organic
what does it mean when the ring camera is blue,25,25,50,,0,https://www.icseecam.com/what-does-solid-blue-light-on-ring-cameras-mean%EF%BC%9F/,0,0,0,0.33,97,"18, 18, 18, 18, 18, 18, 100, 63, 100, 81, 63, 18",2026-07-18 22:32:35,"Sitelinks, Video, Video Carousel, People also ask, Related searches, AI overview",informational,Organic
top ten solar panels,55,55,70,32,2.2,https://www.icseecam.com/top-10-solar-panels-manufacturers-in-the-world/,0,0,0,0.76,170,"34, 28, 21, 21, 28, 21, 15, 34, 21, 12, 12, 6",2026-07-26 22:18:28,"Image pack, Sitelinks, Video, Image, Video Carousel, People also ask, Popular products, Related searches, AI overview",commercial,Organic
do security cameras have sound,93,93,320,13,0.76,https://www.icseecam.com/top-10-sound-detection-security-camera-manufacturers/,0,0,0,0.11,120,"82, 82, 82, 82, 82, 82, 66, 53, 66, 82, 82, 82",2026-08-07 14:10:38,"Sitelinks, Reviews, Video, People also ask, Related searches, AI overview",informational,Organic
wireless security cameras with sound,77,77,30,25,1.5,https://www.icseecam.com/top-10-sound-detection-security-camera-manufacturers/,0,0,0,0.86,258,"28, 7, 21, 50, 14, 50, 21, 28, 14, 7, 21, 35",2026-07-31 14:33:24,"Sitelinks, Reviews, Video, People also ask, Popular products, Related searches, Discussions and forums, AI overview","commercial, informational",Organic
wireless security cameras with sound,80,80,30,25,1.5,https://www.icseecam.com/top-10-sound-detection-security-camera-manufacturers/,0,0,0,0.86,258,"28, 7, 21, 50, 14, 50, 21, 28, 14, 7, 21, 35",2026-07-31 14:33:24,"Sitelinks, Reviews, Video, People also ask, Popular products, Related searches, Discussions and forums, AI overview","commercial, informational",Organic
solar panel connector types,84,84,390,14,0.49,https://www.icseecam.com/solar-panel-connector-types-differences/,0,0,0,1,177,"66, 66, 81, 100, 100, 54, 54, 28, 44, 28, 66, 66",2026-07-02 09:01:59,"Sitelinks, Video, Video Carousel, People also ask, Popular products, Related searches, AI overview",informational,Organic
night vision camera orbs,26,26,90,12,0,https://www.icseecam.com/what-are-orbs-on-security-cameras%EF%BC%9F/,0,0,0,0.33,102,"100, 63, 81, 63, 63, 81, 100, 100, 81, 63, 81, 100",2026-06-26 02:02:56,"Sitelinks, Video, Video Carousel, People also ask, Related searches, Short videos, AI overview",informational,Organic
brand cameras,51,51,50,56,1.55,https://www.icseecam.com/top-10-cctv-manufacturers-in-usa/,0,0,0,0.14,192,"0, 0, 0, 0, 0, 0, 0, 0, 100, 0, 0, 0",2026-07-04 08:53:42,"Image pack, Sitelinks, Reviews, Video, People also ask, Popular products, Related searches",commercial,Organic
camera 10x icsee,21,21,90,28,0,https://www.icseecam.com/icsee/,0,0,0,0.33,181,"5, 28, 28, 66, 100, 28, 5, 5, 5, 5, 12, 5",2026-06-30 02:54:14,"Reviews, Video, Video Carousel, People also ask, Popular products, Related searches, AI overview",commercial,Organic
camera 10x icsee,32,32,90,28,0,https://www.icseecam.com/download/,0,0,0,0.33,181,"5, 28, 28, 66, 100, 28, 5, 5, 5, 5, 12, 5",2026-06-30 02:54:14,"Reviews, Video, Video Carousel, People also ask, Popular products, Related searches, AI overview",commercial,Organic
camera 10x icsee,39,39,90,28,0,https://www.icseecam.com/,0,0,0,0.33,181,"5, 28, 28, 66, 100, 28, 5, 5, 5, 5, 12, 5",2026-06-30 02:54:14,"Reviews, Video, Video Carousel, People also ask, Popular products, Related searches, AI overview",commercial,Organic
camera 10x icsee,47,47,90,28,0,https://www.icseecam.com/product/icsee-s2-6mp-dual-lens-4g-wifi-bullet-security-camera/,0,0,0,0.33,181,"5, 28, 28, 66, 100, 28, 5, 5, 5, 5, 12, 5",2026-06-30 02:54:14,"Reviews, Video, Video Carousel, People also ask, Popular products, Related searches, AI overview",commercial,Organic
camera 10x icsee,53,53,90,28,0,https://www.icseecam.com/icsee/,0,0,0,0.33,181,"5, 28, 28, 66, 100, 28, 5, 5, 5, 5, 12, 5",2026-06-30 02:54:14,"Reviews, Video, Video Carousel, People also ask, Popular products, Related searches, AI overview",commercial,Organic
camera 10x icsee,57,57,90,28,0,https://www.icseecam.com/download/,0,0,0,0.33,181,"5, 28, 28, 66, 100, 28, 5, 5, 5, 5, 12, 5",2026-06-30 02:54:14,"Reviews, Video, Video Carousel, People also ask, Popular products, Related searches, AI overview",commercial,Organic
camera 10x icsee,59,59,90,28,0,https://www.icseecam.com/icsee/,0,0,0,0.33,181,"5, 28, 28, 66, 100, 28, 5, 5, 5, 5, 12, 5",2026-06-30 02:54:14,"Reviews, Video, Video Carousel, People also ask, Popular products, Related searches, AI overview",commercial,Organic
camera 10x icsee,64,64,90,28,0,https://www.icseecam.com/product-category/icsee/,0,0,0,0.33,181,"5, 28, 28, 66, 100, 28, 5, 5, 5, 5, 12, 5",2026-06-30 02:54:14,"Reviews, Video, Video Carousel, People also ask, Popular products, Related searches, AI overview",commercial,Organic
camera 10x icsee,69,69,90,28,0,https://www.icseecam.com/products/,0,0,0,0.33,181,"5, 28, 28, 66, 100, 28, 5, 5, 5, 5, 12, 5",2026-06-30 02:54:14,"Reviews, Video, Video Carousel, People also ask, Popular products, Related searches, AI overview",commercial,Organic
camera 10x icsee,72,72,90,28,0,https://www.icseecam.com/de/icsee/,0,0,0,0.33,181,"5, 28, 28, 66, 100, 28, 5, 5, 5, 5, 12, 5",2026-06-30 02:54:14,"Reviews, Video, Video Carousel, People also ask, Popular products, Related searches, AI overview",commercial,Organic
camera 10x icsee,73,73,90,28,0,https://www.icseecam.com/fr/icsee/,0,0,0,0.33,181,"5, 28, 28, 66, 100, 28, 5, 5, 5, 5, 12, 5",2026-06-30 02:54:14,"Reviews, Video, Video Carousel, People also ask, Popular products, Related searches, AI overview",commercial,Organic
camera 10x icsee,74,74,90,28,0,https://www.icseecam.com/es/icsee/,0,0,0,0.33,181,"5, 28, 28, 66, 100, 28, 5, 5, 5, 5, 12, 5",2026-06-30 02:54:14,"Reviews, Video, Video Carousel, People also ask, Popular products, Related searches, AI overview",commercial,Organic
camera 10x icsee,75,75,90,28,0,https://www.icseecam.com/nl/icsee/,0,0,0,0.33,181,"5, 28, 28, 66, 100, 28, 5, 5, 5, 5, 12, 5",2026-06-30 02:54:14,"Reviews, Video, Video Carousel, People also ask, Popular products, Related searches, AI overview",commercial,Organic
camera 10x icsee,76,76,90,28,0,https://www.icseecam.com/fr/product-category/icsee/,0,0,0,0.33,181,"5, 28, 28, 66, 100, 28, 5, 5, 5, 5, 12, 5",2026-06-30 02:54:14,"Reviews, Video, Video Carousel, People also ask, Popular products, Related searches, AI overview",commercial,Organic
camera 10x icsee,77,77,90,28,0,https://www.icseecam.com/de/product-category/icsee/,0,0,0,0.33,181,"5, 28, 28, 66, 100, 28, 5, 5, 5, 5, 12, 5",2026-06-30 02:54:14,"Reviews, Video, Video Carousel, People also ask, Popular products, Related searches, AI overview",commercial,Organic
camera 10x icsee,78,78,90,28,0,https://www.icseecam.com/fr/icsee/,0,0,0,0.33,181,"5, 28, 28, 66, 100, 28, 5, 5, 5, 5, 12, 5",2026-06-30 02:54:14,"Reviews, Video, Video Carousel, People also ask, Popular products, Related searches, AI overview",commercial,Organic
camera 10x icsee,79,79,90,28,0,https://www.icseecam.com/it/product-category/icsee/,0,0,0,0.33,181,"5, 28, 28, 66, 100, 28, 5, 5, 5, 5, 12, 5",2026-06-30 02:54:14,"Reviews, Video, Video Carousel, People also ask, Popular products, Related searches, AI overview",commercial,Organic
camera 10x icsee,80,80,90,28,0,https://www.icseecam.com/fr/product-category/icsee/,0,0,0,0.33,181,"5, 28, 28, 66, 100, 28, 5, 5, 5, 5, 12, 5",2026-06-30 02:54:14,"Reviews, Video, Video Carousel, People also ask, Popular products, Related searches, AI overview",commercial,Organic
camera 10x icsee,81,81,90,28,0,https://www.icseecam.com/de/product-category/icsee/,0,0,0,0.33,181,"5, 28, 28, 66, 100, 28, 5, 5, 5, 5, 12, 5",2026-06-30 02:54:14,"Reviews, Video, Video Carousel, People also ask, Popular products, Related searches, AI overview",commercial,Organic
camera 10x icsee,82,82,90,28,0,https://www.icseecam.com/ru/product-category/icsee/,0,0,0,0.33,181,"5, 28, 28, 66, 100, 28, 5, 5, 5, 5, 12, 5",2026-06-30 02:54:14,"Reviews, Video, Video Carousel, People also ask, Popular products, Related searches, AI overview",commercial,Organic
camera 10x icsee,83,83,90,28,0,https://www.icseecam.com/pl/product-category/icsee/,0,0,0,0.33,181,"5, 28, 28, 66, 100, 28, 5, 5, 5, 5, 12, 5",2026-06-30 02:54:14,"Reviews, Video, Video Carousel, People also ask, Popular products, Related searches, AI overview",commercial,Organic
eeseecloud,37,37,70,,1.23,https://www.icseecam.com/what-is-eseecloud/,0,0,0,0.17,129,"1, 1, 1, 0, 2, 1, 0, 1, 81, 0, 1, 2",2026-06-26 14:58:39,"Sitelinks, Reviews, Video, Video Carousel, People also ask, Related searches",informational,Organic
eeseecloud,41,41,70,,1.23,https://www.icseecam.com/what-is-eseecloud/,0,0,0,0.17,129,"1, 1, 1, 0, 2, 1, 0, 1, 81, 0, 1, 2",2026-06-26 14:58:39,"Sitelinks, Reviews, Video, Video Carousel, People also ask, Related searches",informational,Organic
eeseecloud,56,56,70,,1.23,https://www.icseecam.com/eseecloud-app-download/,0,0,0,0.17,129,"1, 1, 1, 0, 2, 1, 0, 1, 81, 0, 1, 2",2026-06-26 14:58:39,"Sitelinks, Reviews, Video, Video Carousel, People also ask, Related searches",informational,Organic
eeseecloud,60,60,70,,1.23,https://www.icseecam.com/product-category/eseecloud/,0,0,0,0.17,129,"1, 1, 1, 0, 2, 1, 0, 1, 81, 0, 1, 2",2026-06-26 14:58:39,"Sitelinks, Reviews, Video, Video Carousel, People also ask, Related searches",informational,Organic
how to setup ring camera to new wifi,50,50,50,21,0,https://www.icseecam.com/how-to-reconnect-ring-camera-to-wifi/,0,0,0,0.33,134,"12, 28, 12, 12, 12, 12, 12, 12, 12, 17, 0, 5",2026-08-12 06:21:30,"Sitelinks, Reviews, Video, Video Carousel, People also ask, Related searches, AI overview",informational,Organic
delete location on ring app,51,51,40,20,0,https://www.icseecam.com/how-to-remove-ring-camera-history-on-ring-app/,0,0,0,0.33,128,"0, 0, 11, 11, 82, 100, 11, 11, 11, 11, 17, 11",2026-07-13 20:23:27,"Sitelinks, Video, Video Carousel, People also ask, Related searches, Discussions and forums, AI overview",informational,Organic
best solar panel brands with longest product warranty 2025,64,64,40,13,0,https://www.icseecam.com/best-solar-panel-brands-in-2025-top-6-picks/,0,0,0,0,171,"14, 100, 4, 0, 0, 0",2026-08-11 08:34:50,"Sitelinks, Video, Video Carousel, People also ask, Related searches, Discussions and forums, AI overview",commercial,Organic
best solar panel brands with longest product warranty 2025,75,75,40,13,0,https://www.icseecam.com/best-solar-panel-brands-in-2025-top-6-picks/,0,0,0,0,171,"14, 100, 4, 0, 0, 0",2026-08-11 08:34:50,"Sitelinks, Video, Video Carousel, People also ask, Related searches, Discussions and forums, AI overview",commercial,Organic
best solar panel brands with longest product warranty 2025,78,78,40,13,0,https://www.icseecam.com/best-solar-panel-brands-in-2025-top-6-picks/,0,0,0,0,171,"14, 100, 4, 0, 0, 0",2026-08-11 08:34:50,"Sitelinks, Video, Video Carousel, People also ask, Related searches, Discussions and forums, AI overview",commercial,Organic
dome camera suppliers,48,48,50,23,0,https://www.icseecam.com/top-10-dome-camera-suppliers-in-the-usa/,0,0,0,0.33,202,"22, 22, 22, 100, 44, 22, 22, 22, 100, 100, 44, 100",2026-07-17 06:15:58,"Sitelinks, Reviews, Video, Popular products, Related searches",commercial,Organic
ley 59 camera icsee,28,28,70,20,0,https://www.icseecam.com/icsee/,0,0,0,0.33,4750,"3, 53, 6, 100, 53, 28, 0, 0, 3, 3, 0, 0",2026-06-29 21:58:57,"Sitelinks, Reviews, Video, Related searches",navigational,Organic
ley 59 camera icsee,37,37,70,20,0,https://www.icseecam.com/,0,0,0,0.33,4750,"3, 53, 6, 100, 53, 28, 0, 0, 3, 3, 0, 0",2026-06-29 21:58:57,"Sitelinks, Reviews, Video, Related searches",navigational,Organic
ley 59 camera icsee,44,44,70,20,0,https://www.icseecam.com/,0,0,0,0.33,4750,"3, 53, 6, 100, 53, 28, 0, 0, 3, 3, 0, 0",2026-06-29 21:58:57,"Sitelinks, Reviews, Video, Related searches",navigational,Organic
ley 59 camera icsee,53,53,70,20,0,https://www.icseecam.com/comprehensive-icsee-camera-manual-everything-you-need-to-know/,0,0,0,0.33,4750,"3, 53, 6, 100, 53, 28, 0, 0, 3, 3, 0, 0",2026-06-29 21:58:57,"Sitelinks, Reviews, Video, Related searches",navigational,Organic
ley 59 camera icsee,57,57,70,20,0,https://www.icseecam.com/product/icsee-s2-6mp-dual-lens-4g-wifi-bullet-security-camera/,0,0,0,0.33,4750,"3, 53, 6, 100, 53, 28, 0, 0, 3, 3, 0, 0",2026-06-29 21:58:57,"Sitelinks, Reviews, Video, Related searches",navigational,Organic
ley 59 camera icsee,61,61,70,20,0,https://www.icseecam.com/what-cameras-work-with-icsee-app/,0,0,0,0.33,4750,"3, 53, 6, 100, 53, 28, 0, 0, 3, 3, 0, 0",2026-06-29 21:58:57,"Sitelinks, Reviews, Video, Related searches",navigational,Organic
ley 59 camera icsee,66,66,70,20,0,https://www.icseecam.com/product-category/icsee/,0,0,0,0.33,4750,"3, 53, 6, 100, 53, 28, 0, 0, 3, 3, 0, 0",2026-06-29 21:58:57,"Sitelinks, Reviews, Video, Related searches",navigational,Organic
ley 59 camera icsee,71,71,70,20,0,https://www.icseecam.com/product-category/icsee/,0,0,0,0.33,4750,"3, 53, 6, 100, 53, 28, 0, 0, 3, 3, 0, 0",2026-06-29 21:58:57,"Sitelinks, Reviews, Video, Related searches",navigational,Organic
ley 59 camera icsee,76,76,70,20,0,https://www.icseecam.com/products/,0,0,0,0.33,4750,"3, 53, 6, 100, 53, 28, 0, 0, 3, 3, 0, 0",2026-06-29 21:58:57,"Sitelinks, Reviews, Video, Related searches",navigational,Organic
ley 59 camera icsee,83,83,70,20,0,https://www.icseecam.com/es/comprehensive-icsee-camera-manual-everything-you-need-to-know/,0,0,0,0.33,4750,"3, 53, 6, 100, 53, 28, 0, 0, 3, 3, 0, 0",2026-06-29 21:58:57,"Sitelinks, Reviews, Video, Related searches",navigational,Organic
ley 59 camera icsee,87,87,70,20,0,https://www.icseecam.com/es/icsee/,0,0,0,0.33,4750,"3, 53, 6, 100, 53, 28, 0, 0, 3, 3, 0, 0",2026-06-29 21:58:57,"Sitelinks, Reviews, Video, Related searches",navigational,Organic
ley 59 camera icsee,91,91,70,20,0,https://www.icseecam.com/es/icsee-camera-operation-guide/,0,0,0,0.33,4750,"3, 53, 6, 100, 53, 28, 0, 0, 3, 3, 0, 0",2026-06-29 21:58:57,"Sitelinks, Reviews, Video, Related searches",navigational,Organic
ley 59 camera icsee,96,96,70,20,0,https://www.icseecam.com/la/product-category/icsee/page/2/,0,0,0,0.33,4750,"3, 53, 6, 100, 53, 28, 0, 0, 3, 3, 0, 0",2026-06-29 21:58:57,"Sitelinks, Reviews, Video, Related searches",navigational,Organic
dual lens,58,58,90,11,2.39,https://www.icseecam.com/10-best-dual-lens-security-camera-manufacturers/,0,0,0,0.12,174,"64, 64, 64, 78, 78, 78, 64, 78, 64, 50, 64, 78",2026-07-07 14:01:24,"Sitelinks, Video, Video Carousel, People also ask, Popular products, Related searches, Discussions and forums, AI overview","commercial, informational",Organic
suraksha eye solar camera,41,41,40,20,0,https://www.icseecam.com/product-category/solar-security-camera/,0,0,0,0.66,163,"100, 14, 14, 14, 64, 14, 14, 14, 14, 14, 14, 14",2026-08-06 15:56:49,"Sitelinks, Video, Image, Ads bottom, Video Carousel, Related searches, AI overview","commercial, informational",Organic
security camera system companies,84,84,110,64,18.42,https://www.icseecam.com/top-10-cctv-manufacturers-in-usa/,0,0,0,0.47,198,"8, 16, 8, 13, 8, 6, 5, 10, 3, 8, 3, 5",2026-08-11 23:27:19,"Local pack, Sitelinks, Reviews, Video, Ads top, People also ask, Popular products, Related searches, Discussions and forums",commercial,Organic
how to cctv camera hack,81,81,90,0,0,https://www.icseecam.com/how-to-hack-into-security-cameras%EF%BC%9F/,0,0,0,0.33,10700000,"64, 64, 64, 78, 78, 100, 78, 64, 78, 64, 64, 64",2026-06-28 02:35:34,,informational,Organic
u box camera,40,40,320,22,1.19,https://www.icseecam.com/ubox-solar-security-camera-review/,0,0,0,0.93,186,"54, 29, 44, 29, 36, 29, 44, 44, 100, 29, 36, 36",2026-07-30 02:29:53,"Image pack, Sitelinks, Reviews, Video, Ads bottom, Video Carousel, People also ask, Popular products, Related searches, Short videos",commercial,Organic
ring camera blue flashing light,38,38,50,24,0,https://www.icseecam.com/what-does-solid-blue-light-on-ring-cameras-mean%EF%BC%9F/,0,0,0,0.33,163,"78, 100, 100, 78, 14, 14, 14, 14, 21, 14, 14, 14",2026-08-08 02:17:55,"Sitelinks, Reviews, Video, Video Carousel, People also ask, Related searches, AI overview",informational,Organic
ring camera blue flashing light,42,42,50,24,0,https://www.icseecam.com/what-does-solid-blue-light-on-ring-cameras-mean%EF%BC%9F/,0,0,0,0.33,163,"78, 100, 100, 78, 14, 14, 14, 14, 21, 14, 14, 14",2026-08-08 02:17:55,"Sitelinks, Reviews, Video, Video Carousel, People also ask, Related searches, AI overview",informational,Organic
usa camera company,77,77,40,28,0,https://www.icseecam.com/top-10-cctv-manufacturers-in-usa/,0,0,0,0.06,190,"45, 63, 0, 0, 0, 100, 0, 0, 0, 0, 63, 100",2026-07-08 23:46:28,"Sitelinks, Reviews, Video, Ads bottom, People also ask, Related searches, Discussions and forums, Ads middle, AI overview",informational,Organic
ezee cloud,64,64,720,44,3.87,https://www.icseecam.com/what-is-eseecloud/,0,0,0,0.01,173,"30, 8, 45, 67, 55, 1, 100, 76, 55, 67, 45, 55",2026-08-02 07:08:31,"Sitelinks, Reviews, Video, People also ask, Related searches, AI overview","commercial, informational",Organic
photovoltaic shingle,83,83,140,45,3.03,https://www.icseecam.com/solar-shingles-vs-solar-panels-pros-explained/,0,0,0,0.53,184,"43, 65, 43, 65, 34, 43, 34, 28, 34, 21, 43, 34",2026-06-27 22:52:36,"Local pack, Sitelinks, Reviews, Video, Video Carousel, People also ask, Popular products, Related searches, AI overview","commercial, informational",Organic
camera ip 1080p 28,49,49,50,3,0,https://www.icseecam.com/product/a28-dual-lens-wifi-camera/,0,0,0,0.33,199,"35, 35, 50, 78, 100, 28, 14, 14, 14, 14, 14, 14",2026-07-12 16:47:26,"Sitelinks, Video, Video Carousel, People also ask, Popular products",commercial,Organic
how to remove my ring camera,66,66,40,21,0,https://www.icseecam.com/how-to-remove-ring-camera-history-on-ring-app/,0,0,0,0.33,144,"28, 14, 28, 100, 14, 14, 64, 14, 50, 14, 14, 14",2026-07-09 11:01:46,"Sitelinks, Reviews, Video, Video Carousel, People also ask, Related searches, Short videos, AI overview",informational,Organic
best in home camera without subscription,65,65,70,25,2.93,https://www.icseecam.com/best-home-security-camera-without-subscription/,0,0,0,1,193,"6, 6, 100, 11, 6, 0, 3, 0, 0, 0, 0, 0",2026-07-07 04:34:46,"Sitelinks, Video, Video Carousel, Popular products, Related searches, Discussions and forums, AI overview",commercial,Organic
camera yoosee,44,44,70,28,0,https://www.icseecam.com/yoosee-camera/,0,0,0,0.73,184,"42, 34, 19, 26, 26, 26, 19, 26, 19, 26, 26, 19",2026-07-24 05:02:38,"Sitelinks, Reviews, Video, Image, Video Carousel, People also ask, Popular products, Related searches, AI overview",commercial,Organic
camera yoosee,49,49,70,28,0,https://www.icseecam.com/what-is-yoosee/,0,0,0,0.73,184,"42, 34, 19, 26, 26, 26, 19, 26, 19, 26, 26, 19",2026-07-24 05:02:38,"Sitelinks, Reviews, Video, Image, Video Carousel, People also ask, Popular products, Related searches, AI overview",commercial,Organic
surveillance camera company,77,77,70,70,21.12,https://www.icseecam.com/top-10-cctv-manufacturers-in-usa/,0,0,0,0.47,198,"3, 53, 80, 42, 19, 19, 19, 19, 19, 19, 19, 26",2026-08-13 12:18:09,"Local pack, Sitelinks, Reviews, Video, Image, People also ask, Popular products, Related searches, Discussions and forums",commercial,Organic
how to connect to ring camera,43,43,170,33,1.03,https://www.icseecam.com/how-to-set-up-ring-camera%EF%BC%9F/,0,0,0,0.05,101,"53, 65, 65, 53, 65, 53, 80, 65, 65, 80, 80, 80",2026-08-17 04:59:45,"Video, Video Carousel, People also ask, Related searches, Short videos, AI overview",informational,Organic
camera system without subscription,58,58,170,34,3.96,https://www.icseecam.com/best-home-security-camera-without-subscription/,0,0,0,1,190,"43, 53, 35, 53, 43, 28, 53, 35, 43, 53, 28, 35",2026-08-05 03:08:32,"Sitelinks, Video, Image, Video Carousel, People also ask, Popular products, Related searches, Discussions and forums, AI overview","commercial, informational",Organic
security cameras no subscription needed,63,63,30,28,1.76,https://www.icseecam.com/best-home-security-camera-without-subscription/,0,0,0,1,99,"28, 42, 28, 28, 42, 28, 100, 71, 71, 42, 42, 28",2026-07-09 10:56:21,"Sitelinks, Reviews, Video, Video Carousel, People also ask, Popular products, Related searches, AI overview","commercial, informational",Organic
nest camera vs blink,26,26,70,15,0.55,https://www.icseecam.com/blink-camera-vs-nest-camera/,0,0,0,0.8,102,"50, 50, 50, 50, 100, 64, 64, 50, 64, 35, 50, 35",2026-08-09 02:50:09,"Sitelinks, Reviews, Video, Video Carousel, People also ask, Related searches, Discussions and forums, AI overview",commercial,Organic
nest camera vs blink,29,29,70,15,0.55,https://www.icseecam.com/blink-camera-vs-nest-camera/,0,0,0,0.8,102,"50, 50, 50, 50, 100, 64, 64, 50, 64, 35, 50, 35",2026-08-09 02:50:09,"Sitelinks, Reviews, Video, Video Carousel, People also ask, Related searches, Discussions and forums, AI overview",commercial,Organic
nest camera vs blink,72,72,70,15,0.55,https://www.icseecam.com/cs/blink-camera-vs-nest-camera/,0,0,0,0.8,102,"50, 50, 50, 50, 100, 64, 64, 50, 64, 35, 50, 35",2026-08-09 02:50:09,"Sitelinks, Reviews, Video, Video Carousel, People also ask, Related searches, Discussions and forums, AI overview",commercial,Organic
wifi camera 5ghz compatible,34,34,50,23,0.28,https://www.icseecam.com/what-security-cameras-work-with-5ghz-wifi/,0,0,0,1,186,"29, 41, 64, 52, 29, 17, 23, 11, 11, 11, 11, 11",2026-08-11 13:18:04,"Sitelinks, Video, People also ask, Popular products, Related searches, AI overview",informational,Organic
commercial dome camera,64,64,70,10,0,https://www.icseecam.com/top-10-dome-camera-suppliers-in-the-usa/,0,0,0,1,196,"11, 11, 52, 82, 52, 64, 41, 41, 29, 29, 29, 23",2026-06-30 02:36:11,"Image pack, Sitelinks, Reviews, Video, Popular products, Related searches",commercial,Organic
do surveillance cameras record audio,15,15,90,17,0,https://www.icseecam.com/is-recording-audio-on-security-camera-illegal/,0,0,0,0.13,147,"100, 81, 63, 63, 81, 100, 81, 100, 81, 63, 100, 100",2026-07-14 18:03:53,"Sitelinks, Reviews, Video, People also ask, Related searches, AI overview",informational,Organic
when the ring camera is blue what does that mean,26,26,50,12,0,https://www.icseecam.com/what-does-solid-blue-light-on-ring-cameras-mean%EF%BC%9F/,0,0,0,0.33,105,"66, 14, 14, 14, 14, 14, 14, 14, 100, 14, 9, 9",2026-07-05 03:52:06,"Sitelinks, Video, People also ask, Related searches, Short videos, AI overview",informational,Organic
eufy ownership,20,20,50,26,0,https://www.icseecam.com/where-is-eufy-night-vision-security-camera-manufactured-in-usa-%EF%BC%9F/,0,0,0,0.01,160,"18, 18, 100, 18, 18, 18, 18, 18, 100, 100, 18, 18",2026-07-14 04:58:35,"Sitelinks, Video, People also ask, Related searches, AI overview",informational,Organic
cctv vs ip camera,67,67,70,3,0.87,https://www.icseecam.com/cctv-vs-ip-camera/,0,0,0,0.14,175,"78, 64, 50, 64, 64, 35, 50, 35, 28, 28, 35, 14",2026-08-04 20:28:51,"Sitelinks, Reviews, Video, Ads bottom, Video Carousel, People also ask, Related searches, Discussions and forums, AI overview",commercial,Organic
cctv vs ip camera,73,73,70,3,0.87,https://www.icseecam.com/cctv-vs-ip-camera/,0,0,0,0.14,175,"78, 64, 50, 64, 64, 35, 50, 35, 28, 28, 35, 14",2026-08-04 20:28:51,"Sitelinks, Reviews, Video, Ads bottom, Video Carousel, People also ask, Related searches, Discussions and forums, AI overview",commercial,Organic
best long range outdoor security camera,65,65,90,33,1.46,https://www.icseecam.com/top-5-long-range-security-camera-manufacturers/,0,0,0,1,124,"52, 52, 33, 42, 66, 66, 52, 23, 42, 33, 33, 52",2026-07-31 01:50:14,"Sitelinks, Reviews, Video, Video Carousel, People also ask, Popular products, Related searches, Discussions and forums, AI overview",commercial,Organic
ring vs blink,45,47,3600,33,1.52,https://www.icseecam.com/blink-vs-ring-camera-5-key-comparisons/,0,0,0,0.73,105,"19, 36, 19, 16, 24, 29, 19, 16, 16, 13, 13, 13",2026-08-18 21:16:50,"Sitelinks, Video, Video Carousel, People also ask, Related searches, AI overview",commercial,Organic
ring vs blink,46,47,3600,33,1.52,https://www.icseecam.com/blink-vs-ring-camera-5-key-comparisons/,0,0,0,0.73,105,"19, 36, 19, 16, 24, 29, 19, 16, 16, 13, 13, 13",2026-08-18 21:16:50,"Sitelinks, Video, Video Carousel, People also ask, Related searches, AI overview",commercial,Organic
american camera companies,64,64,110,10,0,https://www.icseecam.com/top-10-cctv-camera-brands-in-the-united-states/,0,0,0,0.06,171,"53, 23, 35, 35, 43, 28, 28, 23, 23, 28, 23, 35",2026-07-04 15:11:15,"Sitelinks, Reviews, Video, Video Carousel, People also ask, Related searches, Discussions and forums, AI overview",informational,Organic
american camera companies,70,70,110,10,0,https://www.icseecam.com/top-10-cctv-manufacturers-in-usa/,0,0,0,0.06,171,"53, 23, 35, 35, 43, 28, 28, 23, 23, 28, 23, 35",2026-07-04 15:11:15,"Sitelinks, Reviews, Video, Video Carousel, People also ask, Related searches, Discussions and forums, AI overview",informational,Organic
how to activate ring camera,36,36,90,27,0,https://www.icseecam.com/how-to-set-up-ring-camera%EF%BC%9F/,0,0,0,0.04,134,"42, 33, 42, 52, 52, 52, 42, 33, 33, 42, 33, 23",2026-07-21 19:13:19,"Sitelinks, Video, Video Carousel, People also ask, Related searches, AI overview",informational,Organic
icam35,46,46,320,23,0.25,https://www.icseecam.com/icam365-ultimate-guide-2025/,0,0,0,0.86,144,"100, 81, 81, 81, 66, 66, 66, 66, 66, 0, 0, 0",2026-07-26 04:23:36,"Sitelinks, Reviews, Video, Video Carousel, People also ask, Related searches, AI overview",informational,Organic
can security cameras have audio,98,98,110,16,5.86,https://www.icseecam.com/is-recording-audio-on-security-camera-illegal/,0,0,0,0.14,175,"100, 100, 33, 52, 100, 100, 23, 42, 33, 33, 52, 42",2026-07-30 17:56:35,"Sitelinks, Reviews, Video, Video Carousel, People also ask, Related searches, AI overview",informational,Organic
yoosee camera app,19,19,140,35,0.16,https://www.icseecam.com/yoosee-app/,0,0,0,0.11,139,"80, 33, 52, 66, 80, 66, 100, 66, 66, 33, 42, 33",2026-07-20 07:54:49,"Sitelinks, Reviews, Video, People also ask, Related searches, AI overview",informational,Organic
yoosee camera app,25,25,140,35,0.16,https://www.icseecam.com/yoosee-app/,0,0,0,0.11,139,"80, 33, 52, 66, 80, 66, 100, 66, 66, 33, 42, 33",2026-07-20 07:54:49,"Sitelinks, Reviews, Video, People also ask, Related searches, AI overview",informational,Organic
nest vs ring camera,46,46,210,27,1.99,https://www.icseecam.com/nest-vs-ring-doorbell-camera/,0,0,0,0.72,169,"23, 29, 23, 29, 19, 29, 23, 15, 100, 15, 15, 12",2026-08-04 11:00:27,"Sitelinks, Video, Video Carousel, People also ask, Related searches, Discussions and forums, AI overview",commercial,Organic
how many blink cameras can i have,51,51,90,15,0,https://www.icseecam.com/do-blink-cameras-record-24-7/,0,0,0,0.01,111,"12, 28, 100, 35, 7, 12, 28, 12, 12, 12, 12, 5",2026-07-17 11:39:05,"Sitelinks, Video, People also ask, Related searches, AI overview",informational,Organic
what is poe camera,72,72,880,17,0.87,https://www.icseecam.com/what-is-a-poe-camera/,0,0,0,0.49,185,"67, 36, 67, 67, 55, 67, 100, 67, 67, 67, 67, 55",2026-07-24 05:32:15,"Image pack, Sitelinks, Reviews, Video, Video Carousel, People also ask, Related searches, Discussions and forums, AI overview",informational,Organic
ycc365 plus app download,30,30,50,28,0,https://www.icseecam.com/ycc365-plus/,0,0,0,0.05,131,"18, 14, 4, 14, 29, 8, 4, 4, 4, 4, 4, 4",2026-07-03 07:14:00,"Reviews, Video, People also ask, Related searches",informational,Organic
hack a cctv,66,66,90,14,0,https://www.icseecam.com/how-to-hack-into-security-cameras%EF%BC%9F/,0,0,0,0.01,19600000,"100, 78, 64, 50, 64, 78, 78, 100, 64, 50, 50, 50",2026-08-01 02:49:43,AI overview,informational,Organic
hack a cctv,84,84,90,14,0,https://www.icseecam.com/how-to-hack-into-security-cameras%EF%BC%9F/,0,0,0,0.01,19600000,"100, 78, 64, 50, 64, 78, 78, 100, 64, 50, 50, 50",2026-08-01 02:49:43,AI overview,informational,Organic
no wifi doorbell camera,40,40,50,27,0.91,https://www.icseecam.com/is-there-a-doorbell-camera-that-works-without-wifi/,0,0,0,1,161,"42, 7, 11, 7, 7, 7, 7, 7, 7, 7, 42, 42",2026-07-07 06:16:14,"Sitelinks, Reviews, Video, Video Carousel, People also ask, Popular products, Related searches, Discussions and forums, AI overview","commercial, informational",Organic
barn cameras no wifi,41,41,90,13,0.67,https://www.icseecam.com/farm-security-cameras-without-wifi-why-theyre-a-must-have/,0,0,0,1,210,"26, 26, 19, 19, 19, 19, 42, 80, 100, 53, 34, 15",2026-07-06 02:07:11,"Sitelinks, Reviews, Video, People also ask, Popular products, Related searches","commercial, informational",Organic
can you delete ring videos,27,27,70,22,0,https://www.icseecam.com/how-to-remove-ring-camera-history-on-ring-app/,0,0,0,0.33,105,"52, 52, 52, 9, 9, 9, 23, 33, 23, 80, 9, 9",2026-08-07 00:44:11,"Sitelinks, Reviews, Video, Video Carousel, People also ask, Related searches, AI overview",informational,Organic
can you delete ring videos,37,37,70,22,0,https://www.icseecam.com/how-to-remove-ring-camera-history-on-ring-app/,0,0,0,0.33,105,"52, 52, 52, 9, 9, 9, 23, 33, 23, 80, 9, 9",2026-08-07 00:44:11,"Sitelinks, Reviews, Video, Video Carousel, People also ask, Related searches, AI overview",informational,Organic
do blink cameras record,45,45,170,22,0,https://www.icseecam.com/do-blink-cameras-record-24-7/,0,0,0,0.19,106,"29, 36, 29, 29, 23, 29, 23, 15, 19, 19, 12, 19",2026-08-03 22:04:53,"Sitelinks, Video, Video Carousel, People also ask, Related searches, Discussions and forums, AI overview",informational,Organic
security camera vendors,77,77,40,54,28.45,https://www.icseecam.com/top-10-cctv-camera-brands-in-the-united-states/,0,0,0,0.41,201,"6, 6, 6, 28, 15, 28, 28, 6, 6, 6, 6, 6",2026-07-28 13:47:04,"Local pack, Sitelinks, Reviews, Video, People also ask, Popular products, Related searches, Discussions and forums",commercial,Organic
top solar panel manufacturers 2026,87,87,110,19,0,https://www.icseecam.com/top-10-solar-panels-manufacturers-in-the-world/,0,0,0,0,139,"11, 34, 100, 26, 42",2026-08-10 09:02:46,"Video, Video Carousel, People also ask, Related searches, AI overview","commercial, informational",Organic
best home security camera without subscription,48,0,4400,21,2.7,https://www.icseecam.com/best-home-security-camera-without-subscription/,0,0,0,1,175,"29, 36, 29, 36, 29, 36, 29, 29, 54, 54, 44, 100",2026-08-18 12:00:44,"Sitelinks, Video, People also ask, Popular products, Related searches, Discussions and forums, AI overview",commercial,Organic
best home security camera without subscription,52,0,4400,21,2.7,https://www.icseecam.com/best-home-security-camera-without-subscription/,0,0,0,1,175,"29, 36, 29, 36, 29, 36, 29, 29, 54, 54, 44, 100",2026-08-18 12:00:44,"Sitelinks, Video, People also ask, Popular products, Related searches, Discussions and forums, AI overview",commercial,Organic
how to setup a ring camera,40,40,140,35,1.07,https://www.icseecam.com/how-to-set-up-ring-camera%EF%BC%9F/,0,0,0,0.12,137,"100, 66, 12, 10, 0, 53, 35, 28, 23, 28, 35, 23",2026-08-01 09:39:56,"Video, Video Carousel, People also ask, Related searches, Discussions and forums, AI overview",informational,Organic
icam365 download,30,30,40,24,0,https://www.icseecam.com/icam365-app-download/,0,0,0,0.13,124,"28, 28, 28, 28, 42, 71, 57, 100, 100, 71, 28, 28",2026-07-17 21:46:50,"Sitelinks, Reviews, Video, Related searches, AI overview",informational,Organic
icam365 download,46,46,40,24,0,https://www.icseecam.com/hu/icam365-app-download/,0,0,0,0.13,124,"28, 28, 28, 28, 42, 71, 57, 100, 100, 71, 28, 28",2026-07-17 21:46:50,"Sitelinks, Reviews, Video, Related searches, AI overview",informational,Organic
icam365 download,50,50,40,24,0,https://www.icseecam.com/id/icam365-app-download/,0,0,0,0.13,124,"28, 28, 28, 28, 42, 71, 57, 100, 100, 71, 28, 28",2026-07-17 21:46:50,"Sitelinks, Reviews, Video, Related searches, AI overview",informational,Organic
icam365 download,56,56,40,24,0,https://www.icseecam.com/icam365-ultimate-guide-2025/,0,0,0,0.13,124,"28, 28, 28, 28, 42, 71, 57, 100, 100, 71, 28, 28",2026-07-17 21:46:50,"Sitelinks, Reviews, Video, Related searches, AI overview",informational,Organic
icam365 download,59,59,40,24,0,https://www.icseecam.com/ru/icam365-app-download/,0,0,0,0.13,124,"28, 28, 28, 28, 42, 71, 57, 100, 100, 71, 28, 28",2026-07-17 21:46:50,"Sitelinks, Reviews, Video, Related searches, AI overview",informational,Organic
icam365 download,60,60,40,24,0,https://www.icseecam.com/zh-CN/icam365-app-download/,0,0,0,0.13,124,"28, 28, 28, 28, 42, 71, 57, 100, 100, 71, 28, 28",2026-07-17 21:46:50,"Sitelinks, Reviews, Video, Related searches, AI overview",informational,Organic
icam365 download,61,61,40,24,0,https://www.icseecam.com/zh-TW/icam365-app-download/,0,0,0,0.13,124,"28, 28, 28, 28, 42, 71, 57, 100, 100, 71, 28, 28",2026-07-17 21:46:50,"Sitelinks, Reviews, Video, Related searches, AI overview",informational,Organic
icam365 download,62,62,40,24,0,https://www.icseecam.com/fa/icam365-app-download/,0,0,0,0.13,124,"28, 28, 28, 28, 42, 71, 57, 100, 100, 71, 28, 28",2026-07-17 21:46:50,"Sitelinks, Reviews, Video, Related searches, AI overview",informational,Organic
what size sd card for security camera,72,72,50,15,0.4,https://www.icseecam.com/what-size-tf-card-for-home-security-cameras/,0,0,0,0.81,115,"45, 36, 100, 36, 18, 18, 27, 18, 100, 18, 18, 100",2026-07-28 23:34:22,"Sitelinks, Reviews, Video, People also ask, Related searches, Discussions and forums, AI overview",informational,Organic
does ring camera record 24 7,41,41,320,27,7.1,https://www.icseecam.com/do-ring-cameras-record-24-7/,0,0,0,0.09,67,"81, 28, 81, 11, 81, 35, 44, 54, 66, 100, 66, 81",2026-07-19 21:49:17,"Sitelinks, Video, Video Carousel, People also ask, Related searches, AI overview",informational,Organic
top security camera brands,52,52,140,52,2.99,https://www.icseecam.com/top-10-cctv-camera-brands-in-the-united-states/,0,0,0,1,177,"34, 53, 34, 65, 53, 81, 43, 53, 43, 65, 43, 15",2026-07-19 14:12:38,"Sitelinks, Reviews, Video, Image, Video Carousel, People also ask, Popular products, Related searches, Discussions and forums, AI overview",commercial,Organic
camera home yoosee,33,33,40,39,0,https://www.icseecam.com/what-is-yoosee/,0,0,0,0.33,180,"35, 50, 50, 78, 100, 28, 0, 0, 0, 0, 14, 0",2026-07-12 16:25:46,"Sitelinks, Reviews, Video, Video Carousel, People also ask, Popular products, Related searches, Short videos",commercial,Organic
ring vs blink doorbell,43,43,590,31,0.5,https://www.icseecam.com/blink-vs-ring-camera-5-key-comparisons/,0,0,0,0.65,101,"20, 20, 34, 20, 13, 30, 34, 24, 13, 16, 13, 13",2026-07-31 01:56:00,"Sitelinks, Video, Video Carousel, People also ask, Related searches, Short videos, Discussions and forums, AI overview",commercial,Organic
why won't my ring camera connect to wifi,70,70,70,26,0.01,https://www.icseecam.com/how-to-reconnect-ring-camera-to-wifi/,0,0,0,0.03,5390000,"19, 0, 0, 0, 3, 53, 15, 34, 53, 53, 53, 65",2026-07-01 07:53:01,"Sitelinks, Video, Video Carousel, People also ask, Related searches, AI overview",informational,Organic
blink vs ring pros and cons,49,49,320,17,0.74,https://www.icseecam.com/blink-vs-ring-camera-5-key-comparisons/,0,0,0,0.63,85,"13, 31, 13, 11, 16, 31, 16, 8, 11, 7, 7, 8",2026-08-03 22:17:17,"Sitelinks, Video, Ads bottom, Video Carousel, People also ask, Related searches, AI overview",commercial,Organic
blink vs ring pros and cons,67,67,320,17,0.74,https://www.icseecam.com/fr/blink-vs-ring-camera-5-key-comparisons/,0,0,0,0.63,85,"13, 31, 13, 11, 16, 31, 16, 8, 11, 7, 7, 8",2026-08-03 22:17:17,"Sitelinks, Video, Ads bottom, Video Carousel, People also ask, Related searches, AI overview",commercial,Organic
blink vs ring pros and cons,80,80,320,17,0.74,https://www.icseecam.com/de/blink-vs-ring-camera-5-key-comparisons/,0,0,0,0.63,85,"13, 31, 13, 11, 16, 31, 16, 8, 11, 7, 7, 8",2026-08-03 22:17:17,"Sitelinks, Video, Ads bottom, Video Carousel, People also ask, Related searches, AI overview",commercial,Organic
ip camera wholesale,66,66,30,27,4.64,https://www.icseecam.com/top-10-cctv-camera-wholesale-suppliers/,0,0,0,0.88,168,"11, 11, 11, 11, 11, 29, 41, 52, 17, 11, 11, 11",2026-07-12 04:14:43,"Local pack, Sitelinks, Reviews, Video, Popular products, Related searches, AI overview","commercial, informational",Organic
ring is blinking blue,35,35,50,29,0,https://www.icseecam.com/what-does-solid-blue-light-on-ring-cameras-mean%EF%BC%9F/,0,0,0,0.01,104,"18, 45, 18, 45, 45, 18, 18, 63, 63, 63, 63, 45",2026-06-25 06:38:48,"Sitelinks, Reviews, Video, Video Carousel, People also ask, Related searches, Short videos, AI overview",informational,Organic
is blink or ring better,39,39,210,25,1.5,https://www.icseecam.com/blink-vs-ring-camera-5-key-comparisons/,0,0,0,0.61,107,"14, 26, 26, 26, 32, 32, 26, 11, 11, 11, 17, 21",2026-08-07 14:57:52,"Sitelinks, Video, Video Carousel, People also ask, Related searches, Short videos, Discussions and forums, AI overview",commercial,Organic
is blink or ring better,64,64,210,25,1.5,https://www.icseecam.com/de/blink-vs-ring-camera-5-key-comparisons/,0,0,0,0.61,107,"14, 26, 26, 26, 32, 32, 26, 11, 11, 11, 17, 21",2026-08-07 14:57:52,"Sitelinks, Video, Video Carousel, People also ask, Related searches, Short videos, Discussions and forums, AI overview",commercial,Organic
is blink or ring better,75,75,210,25,1.5,https://www.icseecam.com/it/blink-vs-ring-camera-5-key-comparisons/,0,0,0,0.61,107,"14, 26, 26, 26, 32, 32, 26, 11, 11, 11, 17, 21",2026-08-07 14:57:52,"Sitelinks, Video, Video Carousel, People also ask, Related searches, Short videos, Discussions and forums, AI overview",commercial,Organic
solar panel roof shingles cost,81,81,90,41,2.64,https://www.icseecam.com/solar-shingles-vs-solar-panels-pros-explained/,0,0,0,0.58,178,"82, 82, 52, 64, 52, 52, 41, 29, 23, 29, 29, 29",2026-06-25 08:14:42,"Sitelinks, Reviews, Video, Video Carousel, People also ask, Related searches, AI overview",commercial,Organic
best security cameras for home no subscription,61,61,30,26,3.86,https://www.icseecam.com/best-home-security-camera-without-subscription/,0,0,0,0.99,197,"75, 75, 50, 75, 50, 100, 50, 50, 100, 75, 100, 75",2026-08-09 05:50:50,"Sitelinks, Reviews, Video, People also ask, Popular products, Related searches, Discussions and forums, AI overview",commercial,Organic
如何駭入監視器,64,64,140,25,0,https://www.icseecam.com/zh-TW/how-to-hack-into-security-cameras%EF%BC%9F/,0,0,0,0,124,"0, 100, 0, 0, 0, 0, 0, 0, 0, 0, 0, 0",2026-07-03 07:18:04,"Video, People also ask, AI overview",informational,Organic
如何駭入監視器,89,89,140,25,0,https://www.icseecam.com/zh-CN/how-to-hack-into-security-cameras%EF%BC%9F/,0,0,0,0,124,"0, 100, 0, 0, 0, 0, 0, 0, 0, 0, 0, 0",2026-07-03 07:18:04,"Video, People also ask, AI overview",informational,Organic
如何駭入監視器,90,90,140,25,0,https://www.icseecam.com/zh-CN/how-to-hack-into-security-cameras%EF%BC%9F/,0,0,0,0,124,"0, 100, 0, 0, 0, 0, 0, 0, 0, 0, 0, 0",2026-07-03 07:18:04,"Video, People also ask, AI overview",informational,Organic
ring camera is offline but wifi is working,37,37,50,24,0,https://www.icseecam.com/do-ring-cameras-work-without-wifi/,0,0,0,0.02,93,"18, 18, 18, 18, 18, 100, 18, 45, 100, 63, 63, 18",2026-07-18 01:11:14,"Sitelinks, Video, Video Carousel, People also ask, Related searches, AI overview",navigational,Organic
how do i connect my ring to wifi,56,56,90,25,0.01,https://www.icseecam.com/how-to-reconnect-ring-camera-to-wifi/,0,0,0,0.04,133,"50, 50, 50, 64, 35, 64, 64, 78, 100, 100, 100, 50",2026-08-01 13:24:20,"Video, Video Carousel, People also ask, Related searches, AI overview",informational,Organic
how to turn ring camera on,47,47,70,35,0,https://www.icseecam.com/how-to-set-up-ring-camera%EF%BC%9F/,0,0,0,0.33,109,"11, 11, 100, 11, 64, 100, 11, 64, 23, 11, 11, 11",2026-08-06 07:01:18,"Video, Video Carousel, People also ask, Related searches, AI overview",informational,Organic
solar farm security camera,78,78,50,7,3.67,https://www.icseecam.com/product-category/solar-security-camera/,0,0,0,0.97,182,"28, 57, 57, 71, 71, 100, 71, 100, 100, 100, 100, 71",2026-07-08 07:04:11,"Image pack, Sitelinks, Reviews, Video, Ads bottom, Video Carousel, People also ask, Popular products, Related searches, Discussions and forums",commercial,Organic
security camera manufacturer,56,56,50,25,5.23,https://www.icseecam.com/top-10-cctv-manufacturers-in-the-world/,0,0,0,0.34,186,"14, 50, 100, 100, 35, 7, 35, 7, 28, 14, 28, 21",2026-07-28 23:36:48,"Local pack, Sitelinks, Reviews, Video, Ads top, Ads bottom, People also ask, Related searches, Discussions and forums, AI overview",commercial,Organic
security camera manufacturer,66,66,50,25,5.23,https://www.icseecam.com/top-10-cctv-manufacturers-in-the-world/,0,0,0,0.34,186,"14, 50, 100, 100, 35, 7, 35, 7, 28, 14, 28, 21",2026-07-28 23:36:48,"Local pack, Sitelinks, Reviews, Video, Ads top, Ads bottom, People also ask, Related searches, Discussions and forums, AI overview",commercial,Organic
how to delete ring history,14,14,70,26,0,https://www.icseecam.com/how-to-remove-ring-camera-history-on-ring-app/,0,0,0,0.33,20,"28, 34, 34, 28, 28, 15, 15, 15, 12, 12, 15, 6",2026-07-25 12:52:49,"Video, Video Carousel, People also ask, Related searches, AI overview",informational,Organic
best ptz security camera,64,64,110,15,1.16,https://www.icseecam.com/top-10-ptz-camera-brands-for-home-security-in-2025/,0,0,0,1,166,"23, 23, 66, 52, 42, 66, 66, 66, 100, 66, 66, 42",2026-07-19 06:41:28,"Sitelinks, Reviews, Video, Video Carousel, People also ask, Popular products, Related searches, Discussions and forums, AI overview",commercial,Organic
ring and arlo,48,48,70,15,0.94,https://www.icseecam.com/arlo-vs-ring-cameras/,0,0,0,0.93,159,"63, 63, 36, 63, 63, 63, 81, 100, 63, 63, 63, 63",2026-07-10 14:50:10,"Sitelinks, Reviews, Video, Video Carousel, People also ask, Popular products, Related searches",commercial,Organic
ring and arlo,50,50,70,15,0.94,https://www.icseecam.com/arlo-vs-ring-cameras/,0,0,0,0.93,159,"63, 63, 36, 63, 63, 63, 81, 100, 63, 63, 63, 63",2026-07-10 14:50:10,"Sitelinks, Reviews, Video, Video Carousel, People also ask, Popular products, Related searches",commercial,Organic
outdoor ip camera icsee,19,19,40,28,0,https://www.icseecam.com/icsee/,0,0,0,0.33,174,"9, 63, 9, 100, 100, 18, 18, 18, 18, 18, 18, 18",2026-07-17 05:51:33,"Sitelinks, Reviews, Video, Video Carousel, People also ask, Popular products, Related searches","informational, transactional",Organic
outdoor ip camera icsee,30,30,40,28,0,https://www.icseecam.com/product/icsee-abq-a8-camera/,0,0,0,0.33,174,"9, 63, 9, 100, 100, 18, 18, 18, 18, 18, 18, 18",2026-07-17 05:51:33,"Sitelinks, Reviews, Video, Video Carousel, People also ask, Popular products, Related searches","informational, transactional",Organic
outdoor ip camera icsee,36,36,40,28,0,https://www.icseecam.com/,0,0,0,0.33,174,"9, 63, 9, 100, 100, 18, 18, 18, 18, 18, 18, 18",2026-07-17 05:51:33,"Sitelinks, Reviews, Video, Video Carousel, People also ask, Popular products, Related searches","informational, transactional",Organic
outdoor ip camera icsee,42,42,40,28,0,https://www.icseecam.com/product/icsee-abq-q6-solar-powered-security-camera/,0,0,0,0.33,174,"9, 63, 9, 100, 100, 18, 18, 18, 18, 18, 18, 18",2026-07-17 05:51:33,"Sitelinks, Reviews, Video, Video Carousel, People also ask, Popular products, Related searches","informational, transactional",Organic
outdoor ip camera icsee,45,45,40,28,0,https://www.icseecam.com/download/,0,0,0,0.33,174,"9, 63, 9, 100, 100, 18, 18, 18, 18, 18, 18, 18",2026-07-17 05:51:33,"Sitelinks, Reviews, Video, Video Carousel, People also ask, Popular products, Related searches","informational, transactional",Organic
outdoor ip camera icsee,49,49,40,28,0,https://www.icseecam.com/product-category/icsee/,0,0,0,0.33,174,"9, 63, 9, 100, 100, 18, 18, 18, 18, 18, 18, 18",2026-07-17 05:51:33,"Sitelinks, Reviews, Video, Video Carousel, People also ask, Popular products, Related searches","informational, transactional",Organic
outdoor ip camera icsee,53,53,40,28,0,https://www.icseecam.com/icsee-camera-operation-guide/,0,0,0,0.33,174,"9, 63, 9, 100, 100, 18, 18, 18, 18, 18, 18, 18",2026-07-17 05:51:33,"Sitelinks, Reviews, Video, Video Carousel, People also ask, Popular products, Related searches","informational, transactional",Organic
outdoor ip camera icsee,57,57,40,28,0,https://www.icseecam.com/products/,0,0,0,0.33,174,"9, 63, 9, 100, 100, 18, 18, 18, 18, 18, 18, 18",2026-07-17 05:51:33,"Sitelinks, Reviews, Video, Video Carousel, People also ask, Popular products, Related searches","informational, transactional",Organic
outdoor ip camera icsee,62,62,40,28,0,https://www.icseecam.com/fr/product-category/icsee/,0,0,0,0.33,174,"9, 63, 9, 100, 100, 18, 18, 18, 18, 18, 18, 18",2026-07-17 05:51:33,"Sitelinks, Reviews, Video, Video Carousel, People also ask, Popular products, Related searches","informational, transactional",Organic
outdoor ip camera icsee,63,63,40,28,0,https://www.icseecam.com/fr/icsee/,0,0,0,0.33,174,"9, 63, 9, 100, 100, 18, 18, 18, 18, 18, 18, 18",2026-07-17 05:51:33,"Sitelinks, Reviews, Video, Video Carousel, People also ask, Popular products, Related searches","informational, transactional",Organic
outdoor ip camera icsee,64,64,40,28,0,https://www.icseecam.com/es/icsee/,0,0,0,0.33,174,"9, 63, 9, 100, 100, 18, 18, 18, 18, 18, 18, 18",2026-07-17 05:51:33,"Sitelinks, Reviews, Video, Video Carousel, People also ask, Popular products, Related searches","informational, transactional",Organic
outdoor ip camera icsee,65,65,40,28,0,https://www.icseecam.com/it/product-category/icsee/,0,0,0,0.33,174,"9, 63, 9, 100, 100, 18, 18, 18, 18, 18, 18, 18",2026-07-17 05:51:33,"Sitelinks, Reviews, Video, Video Carousel, People also ask, Popular products, Related searches","informational, transactional",Organic
outdoor ip camera icsee,66,66,40,28,0,https://www.icseecam.com/ru/product-category/icsee/,0,0,0,0.33,174,"9, 63, 9, 100, 100, 18, 18, 18, 18, 18, 18, 18",2026-07-17 05:51:33,"Sitelinks, Reviews, Video, Video Carousel, People also ask, Popular products, Related searches","informational, transactional",Organic
outdoor ip camera icsee,67,67,40,28,0,https://www.icseecam.com/de/product-category/icsee/,0,0,0,0.33,174,"9, 63, 9, 100, 100, 18, 18, 18, 18, 18, 18, 18",2026-07-17 05:51:33,"Sitelinks, Reviews, Video, Video Carousel, People also ask, Popular products, Related searches","informational, transactional",Organic
outdoor ip camera icsee,68,68,40,28,0,https://www.icseecam.com/pl/product-category/icsee/,0,0,0,0.33,174,"9, 63, 9, 100, 100, 18, 18, 18, 18, 18, 18, 18",2026-07-17 05:51:33,"Sitelinks, Reviews, Video, Video Carousel, People also ask, Popular products, Related searches","informational, transactional",Organic
arlo vs ring camera,47,47,110,19,1.46,https://www.icseecam.com/arlo-vs-ring-cameras/,0,0,0,1,163,"21, 28, 34, 21, 28, 43, 43, 34, 34, 34, 34, 34",2026-08-13 01:22:23,"Sitelinks, Reviews, Video, Video Carousel, People also ask, Related searches, Discussions and forums, AI overview",commercial,Organic
how to play eseecloud video on pc,50,50,1300,20,0,https://www.icseecam.com/what-is-eseecloud/,0,0,0,0,131,"100, 0, 0",2026-07-22 18:59:28,"Reviews, Video, Video Carousel, People also ask, Related searches, AI overview",informational,Organic
how to play eseecloud video on pc,59,59,1300,20,0,https://www.icseecam.com/eseecloud-app-download/,0,0,0,0,131,"100, 0, 0",2026-07-22 18:59:28,"Reviews, Video, Video Carousel, People also ask, Related searches, AI overview",informational,Organic
ring security camera vs arlo,40,40,40,18,1.79,https://www.icseecam.com/arlo-vs-ring-cameras/,0,0,0,0.95,170,"100, 100, 100, 18, 18, 18, 18, 18, 18, 18, 18, 18",2026-07-29 22:54:22,"Sitelinks, Video, Video Carousel, People also ask, Related searches, Discussions and forums, AI overview",commercial,Organic
does a ring camera record all the time,42,42,110,20,0,https://www.icseecam.com/do-ring-cameras-record-24-7/,0,0,0,0.01,67,"19, 15, 26, 26, 53, 26, 26, 26, 100, 100, 100, 42",2026-07-30 15:22:55,"Sitelinks, Reviews, Video, Video Carousel, People also ask, Related searches, AI overview",informational,Organic
ubox camera customer service,33,33,90,3,0,https://www.icseecam.com/ubox-camera-troubleshooting/,0,0,0,0.01,96,"81, 81, 81, 63, 81, 63, 81, 81, 81, 63, 100, 63",2026-07-10 05:31:16,"Sitelinks, Video, People also ask, Related searches",informational,Organic
ubox camera customer service,56,56,90,3,0,https://www.icseecam.com/lb/ubox-camera-troubleshooting/,0,0,0,0.01,96,"81, 81, 81, 63, 81, 63, 81, 81, 81, 63, 100, 63",2026-07-10 05:31:16,"Sitelinks, Video, People also ask, Related searches",informational,Organic
ubox camera customer service,60,60,90,3,0,https://www.icseecam.com/la/ubox-camera-troubleshooting/,0,0,0,0.01,96,"81, 81, 81, 63, 81, 63, 81, 81, 81, 63, 100, 63",2026-07-10 05:31:16,"Sitelinks, Video, People also ask, Related searches",informational,Organic
ubox camera customer service,63,63,90,3,0,https://www.icseecam.com/la/ubox-camera-troubleshooting/,0,0,0,0.01,96,"81, 81, 81, 63, 81, 63, 81, 81, 81, 63, 100, 63",2026-07-10 05:31:16,"Sitelinks, Video, People also ask, Related searches",informational,Organic
ycc365plus,32,32,140,32,0.29,https://www.icseecam.com/ycc365-plus/,0,0,0,0.79,112,"7, 3, 2, 2, 13, 20, 11, 4, 3, 11, 7, 8",2026-07-31 00:16:42,"Sitelinks, Reviews, Video, Video Carousel, People also ask, Related searches",informational,Organic
ycc365plus,45,45,140,32,0.29,https://www.icseecam.com/ycc365-plus-camera/,0,0,0,0.79,112,"7, 3, 2, 2, 13, 20, 11, 4, 3, 11, 7, 8",2026-07-31 00:16:42,"Sitelinks, Reviews, Video, Video Carousel, People also ask, Related searches",informational,Organic
esse cloud,18,18,320,36,1.23,https://www.icseecam.com/what-is-eseecloud/,0,0,0,0.17,127,"4, 4, 5, 5, 4, 5, 6, 6, 8, 100, 36, 30",2026-07-08 00:58:08,"Sitelinks, Reviews, Video, People also ask, Related searches",informational,Organic
esse cloud,34,34,320,36,1.23,https://www.icseecam.com/what-is-eseecloud/,0,0,0,0.17,127,"4, 4, 5, 5, 4, 5, 6, 6, 8, 100, 36, 30",2026-07-08 00:58:08,"Sitelinks, Reviews, Video, People also ask, Related searches",informational,Organic
esse cloud,53,53,320,36,1.23,https://www.icseecam.com/eseecloud-app-download/,0,0,0,0.17,127,"4, 4, 5, 5, 4, 5, 6, 6, 8, 100, 36, 30",2026-07-08 00:58:08,"Sitelinks, Reviews, Video, People also ask, Related searches",informational,Organic
best wireless outdoor security cameras 2026,33,48,40,46,0,https://www.icseecam.com/best-wireless-security-cameras-for-the-home-2026/,0,0,0,0,155,"100, 11, 33",2026-08-18 21:07:11,"Sitelinks, Video, Video Carousel, People also ask, Popular products, Related searches, Discussions and forums, AI overview",commercial,Organic
cctv vendors,83,0,30,20,28.3,https://www.icseecam.com/top-10-cctv-manufacturers-in-usa/,0,0,0,0.22,201,"18, 18, 45, 36, 18, 18, 18, 18, 18, 18, 100, 18",2026-08-18 14:25:38,"Local pack, Reviews, Video, People also ask, Popular products, Related searches",commercial,Organic
icam365 share camera access,16,16,40,13,0,https://www.icseecam.com/icam365-ultimate-guide-2025/,0,0,0,0,112,"100, 34, 3, 0, 3, 0, 0, 0, 0",2026-08-17 15:01:46,"Sitelinks, Reviews, Video, Video Carousel, People also ask, Related searches, AI overview",informational,Organic
camera surveillance yoosee,33,33,40,24,0,https://www.icseecam.com/what-is-yoosee/,0,0,0,0.33,171,"50, 35, 50, 78, 100, 21, 0, 0, 0, 0, 7, 0",2026-07-12 16:48:00,"Sitelinks, Reviews, Video, Video Carousel, Popular products, Related searches",commercial,Organic
what is ahd,66,66,720,9,1.16,https://www.icseecam.com/what-is-ahd-camera-and-its-advantages/,0,0,0,0.01,96,"41, 30, 30, 41, 41, 36, 54, 10, 16, 16, 16, 20",2026-07-06 09:49:08,"Sitelinks, Video, Video Carousel, People also ask, Related searches, AI overview",informational,Organic
ip cctv camera solar powered,45,45,50,24,0,https://www.icseecam.com/product-category/solar-security-camera/,0,0,0,0.33,172,"21, 50, 50, 78, 100, 28, 14, 14, 14, 14, 14, 14",2026-07-12 22:02:05,"Sitelinks, Reviews, Video, Video Carousel, Popular products, Related searches",commercial,Organic
how to remove a location from ring app,33,33,50,19,0,https://www.icseecam.com/how-to-remove-ring-camera-history-on-ring-app/,0,0,0,0.33,142,"18, 100, 18, 18, 100, 36, 45, 81, 45, 45, 18, 18",2026-08-05 21:59:49,"Video, Video Carousel, People also ask, Related searches, Discussions and forums, AI overview",informational,Organic
setup ring camera,29,29,170,32,1.44,https://www.icseecam.com/how-to-set-up-ring-camera%EF%BC%9F/,0,0,0,0.21,164,"43, 53, 34, 34, 43, 43, 43, 43, 43, 53, 53, 100",2026-08-07 11:52:28,"Sitelinks, Video, Video Carousel, People also ask, Related searches, AI overview",informational,Organic
esee camera app,30,30,70,41,0.53,https://www.icseecam.com/what-is-eseecloud/,0,0,0,0.04,174,"15, 11, 15, 11, 8, 8, 11, 11, 11, 11, 11, 11",2026-07-04 08:37:57,"Sitelinks, Reviews, Video, Video Carousel, People also ask, Related searches, AI overview",informational,Organic
esee camera app,36,36,70,41,0.53,https://www.icseecam.com/eseecloud-app-download/,0,0,0,0.04,174,"15, 11, 15, 11, 8, 8, 11, 11, 11, 11, 11, 11",2026-07-04 08:37:57,"Sitelinks, Reviews, Video, Video Carousel, People also ask, Related searches, AI overview",informational,Organic
home security cameras without subscriptions,62,62,90,28,2.58,https://www.icseecam.com/best-home-security-camera-without-subscription/,0,0,0,1,103,"28, 17, 100, 5, 2, 17, 12, 12, 17, 28, 5, 5",2026-07-28 22:41:59,"Sitelinks, Reviews, Video, Video Carousel, People also ask, Popular products, Related searches, Discussions and forums, AI overview",commercial,Organic
is arlo or ring better,55,55,40,25,2.66,https://www.icseecam.com/arlo-vs-ring-cameras/,0,0,0,1,86,"18, 27, 36, 18, 27, 27, 100, 27, 18, 36, 27, 27",2026-07-09 11:57:00,"Sitelinks, Video, Ads bottom, Video Carousel, People also ask, Related searches, Discussions and forums, Ads middle, AI overview","commercial, informational",Organic
eseecloud for windows,30,30,110,13,0,https://www.icseecam.com/eseecloud-app-download/,0,0,0,0.01,114,"15, 15, 12, 15, 15, 15, 21, 21, 28, 53, 100, 81",2026-07-07 13:22:27,"Sitelinks, Reviews, Video, Video Carousel, People also ask, Related searches, AI overview",informational,Organic
ip cameras vs analog,77,77,40,22,0.53,https://www.icseecam.com/ip-camera-vs-analog-camera/,0,0,0,0.31,174,"18, 27, 63, 100, 36, 9, 18, 18, 9, 18, 45, 18",2026-07-13 20:53:27,"Sitelinks, Reviews, Video, Video Carousel, People also ask, Related searches, AI overview",commercial,Organic
how long does the average security camera store footage,92,92,50,12,0,https://www.icseecam.com/how-long-do-security-cameras-keep-footage/,0,0,0,0.01,126,"33, 33, 19, 23, 42, 33, 33, 19, 19, 9, 23, 33",2026-07-04 09:02:34,"Sitelinks, Reviews, Video, People also ask, Related searches, AI overview",informational,Organic
top 10 solar panel manufacturers in usa,87,87,90,39,3.31,https://www.icseecam.com/top-10-solar-panel-manufacturers-in-the-usa-2025/,0,0,0,0.99,132,"52, 52, 52, 23, 42, 33, 33, 42, 42, 33, 33, 23",2026-08-09 01:00:00,"Sitelinks, Video, People also ask, Related searches, Discussions and forums, AI overview",commercial,Organic
what are orbs on camera,51,51,50,22,0,https://www.icseecam.com/what-are-orbs-on-security-cameras%EF%BC%9F/,0,0,0,0.33,165,"33, 52, 52, 9, 9, 14, 23, 23, 33, 9, 19, 9",2026-06-27 08:48:37,"Sitelinks, Video, Video Carousel, People also ask, Related searches, Short videos, AI overview",informational,Organic
solar panel manufacturers,81,81,1900,61,4.3,https://www.icseecam.com/top-10-solar-panel-manufacturers-in-the-usa-2025/,0,0,0,0.19,195,"43, 36, 100, 43, 43, 43, 43, 36, 43, 36, 36, 29",2026-08-13 17:58:45,"Local pack, Sitelinks, Video, People also ask, Related searches, AI overview",commercial,Organic
top solar panel brands,67,67,140,44,2.98,https://www.icseecam.com/best-solar-panel-brands-in-2025-top-6-picks/,0,0,0,0.83,182,"3, 5, 7, 7, 3, 1, 3, 1, 2, 2, 3, 1",2026-08-11 00:25:50,"Image pack, Sitelinks, Video, People also ask, Related searches, AI overview",commercial,Organic
who makes nest cameras,66,66,40,50,0,https://www.icseecam.com/where-are-google-nest-cameras-manufactured/,0,0,0,0.05,194,"7, 7, 7, 7, 7, 7, 7, 7, 7, 100, 7, 7",2026-07-20 08:03:28,"Sitelinks, Reviews, Video, People also ask, Related searches, AI overview",informational,Organic
best home security camera brands,43,43,40,55,3.89,https://www.icseecam.com/top-10-cctv-camera-brands-in-the-united-states/,0,0,0,0.98,174,"7, 7, 26, 42, 7, 7, 26, 7, 7, 7, 7, 7",2026-06-27 02:02:25,"Sitelinks, Reviews, Video, Image, Video Carousel, People also ask, Related searches, Discussions and forums, AI overview",commercial,Organic
how far back does ring save videos,48,48,90,28,0,https://www.icseecam.com/how-to-remove-ring-camera-history-on-ring-app/,0,0,0,0.33,107,"100, 26, 80, 34, 11, 11, 15, 15, 26, 19, 19, 15",2026-08-06 01:53:36,"Sitelinks, Reviews, Video, Video Carousel, People also ask, Related searches, AI overview",informational,Organic
ubox cameras,44,44,210,29,1.19,https://www.icseecam.com/ubox-solar-security-camera-review/,0,0,0,0.93,186,"54, 54, 43, 35, 35, 43, 54, 43, 35, 35, 100, 43",2026-07-30 12:51:42,"Sitelinks, Reviews, Video, Image, Video Carousel, People also ask, Popular products, Related searches, Short videos",commercial,Organic
ubox cameras,52,52,210,29,1.19,https://www.icseecam.com/ubox-camera/,0,0,0,0.93,186,"54, 54, 43, 35, 35, 43, 54, 43, 35, 35, 100, 43",2026-07-30 12:51:42,"Sitelinks, Reviews, Video, Image, Video Carousel, People also ask, Popular products, Related searches, Short videos",commercial,Organic
what is eseecloud,15,15,90,13,0,https://www.icseecam.com/what-is-eseecloud/,0,0,0,0.33,20,"29, 41, 41, 41, 41, 29, 29, 100, 64, 64, 41, 64",2026-07-27 11:00:00,"Sitelinks, Reviews, Video Carousel, People also ask, Related searches, AI overview",informational,Organic
blue light on ring camera meaning,25,25,170,16,0,https://www.icseecam.com/what-does-solid-blue-light-on-ring-cameras-mean%EF%BC%9F/,0,0,0,0.33,103,"28, 100, 53, 82, 53, 43, 53, 35, 35, 23, 23, 23",2026-07-27 11:07:23,"Sitelinks, Reviews, Video, Video Carousel, People also ask, Related searches, AI overview",informational,Organic
ice camera,65,65,140,27,0,https://www.icseecam.com/,0,0,0,0.03,182,"8, 6, 3, 5, 16, 8, 13, 36, 8, 10, 8, 10",2026-08-17 12:55:32,"Image pack, Sitelinks, Reviews, Video, Image, Video Carousel, People also ask, Popular products, Related searches, AI overview","commercial, informational",Organic
ice camera,68,68,140,27,0,https://www.icseecam.com/icsee/,0,0,0,0.03,182,"8, 6, 3, 5, 16, 8, 13, 36, 8, 10, 8, 10",2026-08-17 12:55:32,"Image pack, Sitelinks, Reviews, Video, Image, Video Carousel, People also ask, Popular products, Related searches, AI overview","commercial, informational",Organic
can you delete ring camera history,35,35,40,24,0,https://www.icseecam.com/how-to-remove-ring-camera-history-on-ring-app/,0,0,0,0.33,113,"18, 36, 63, 18, 18, 100, 63, 18, 18, 18, 18, 18",2026-07-13 05:43:21,"Sitelinks, Video, Video Carousel, People also ask, Related searches, AI overview",informational,Organic
can you delete ring camera history,45,45,40,24,0,https://www.icseecam.com/how-to-remove-ring-camera-history-on-ring-app/,0,0,0,0.33,113,"18, 36, 63, 18, 18, 100, 63, 18, 18, 18, 18, 18",2026-07-13 05:43:21,"Sitelinks, Video, Video Carousel, People also ask, Related searches, AI overview",informational,Organic
can you delete ring camera history,92,92,40,24,0,https://www.icseecam.com/fr/how-to-remove-ring-camera-history-on-ring-app/,0,0,0,0.33,113,"18, 36, 63, 18, 18, 100, 63, 18, 18, 18, 18, 18",2026-07-13 05:43:21,"Sitelinks, Video, Video Carousel, People also ask, Related searches, AI overview",informational,Organic
who makes eufy,25,25,90,35,0,https://www.icseecam.com/where-is-eufy-night-vision-security-camera-manufactured-in-usa-%EF%BC%9F/,0,0,0,0.04,121,"42, 52, 66, 42, 42, 52, 52, 52, 42, 33, 33, 42",2026-07-06 21:41:35,"Sitelinks, Video, People also ask, Related searches, AI overview",informational,Organic
ring versus nest doorbell,56,56,320,35,0.59,https://www.icseecam.com/nest-vs-ring-doorbell-camera/,0,0,0,0.67,149,"11, 25, 11, 5, 5, 16, 16, 20, 31, 20, 20, 13",2026-07-01 08:16:04,"Sitelinks, Reviews, Video, Video Carousel, People also ask, Related searches, Discussions and forums, AI overview","commercial, informational",Organic
solar security camera with cellular,61,61,30,23,1.77,https://www.icseecam.com/product-category/solar-security-camera/,0,0,0,1,200,"60, 40, 40, 40, 40, 100, 100, 100, 80, 60, 60, 60",2026-07-09 10:54:08,"Sitelinks, Reviews, Video, People also ask, Popular products, Related searches, AI overview","commercial, informational",Organic
dual lens security camera,46,46,480,19,1.32,https://www.icseecam.com/10-best-dual-lens-security-camera-manufacturers/,0,0,0,0.9,198,"29, 44, 81, 81, 100, 81, 81, 66, 81, 54, 36, 54",2026-07-01 02:46:37,"Sitelinks, Video, Video Carousel, Popular products, Related searches, Discussions and forums, AI overview","commercial, informational",Organic
what is ahd video,65,65,90,7,0,https://www.icseecam.com/what-is-ahd-camera-and-its-advantages/,0,0,0,0.33,119,"78, 64, 50, 50, 50, 64, 64, 64, 78, 50, 50, 64",2026-07-30 13:24:44,"Sitelinks, Video, Video Carousel, People also ask, Related searches, AI overview",informational,Organic
blink vs nest,30,30,110,15,1.44,https://www.icseecam.com/blink-camera-vs-nest-camera/,0,0,0,0.45,79,"9, 19, 29, 15, 23, 9, 15, 9, 15, 19, 15, 9",2026-07-03 02:50:09,"Sitelinks, Reviews, Video, Video Carousel, People also ask, Related searches, Discussions and forums, AI overview",commercial,Organic
5g wifi camera,27,27,40,21,0.63,https://www.icseecam.com/what-security-cameras-work-with-5ghz-wifi/,0,0,0,1,254,"64, 35, 64, 50, 35, 35, 14, 14, 14, 14, 14, 14",2026-08-14 01:38:41,"Sitelinks, Reviews, Video, People also ask, Popular products, Related searches, Discussions and forums, AI overview","commercial, informational",Organic
5g wifi camera,29,29,40,21,0.63,https://www.icseecam.com/what-security-cameras-work-with-5ghz-wifi/,0,0,0,1,254,"64, 35, 64, 50, 35, 35, 14, 14, 14, 14, 14, 14",2026-08-14 01:38:41,"Sitelinks, Reviews, Video, People also ask, Popular products, Related searches, Discussions and forums, AI overview","commercial, informational",Organic
best wired camera security system,76,76,90,24,3.44,https://www.icseecam.com/5-best-wired-home-security-camera-systems-2026/,0,0,0,1,173,"10, 4, 54, 4, 8, 2, 4, 4, 4, 29, 66, 2",2026-06-28 00:13:53,"Sitelinks, Video, Video Carousel, People also ask, Popular products, Related searches, Discussions and forums, AI overview",commercial,Organic
solar powered cellular cameras,39,39,30,18,1.71,https://www.icseecam.com/product-category/solar-security-camera/,0,0,0,0.83,181,"18, 18, 0, 0, 18, 100, 36, 18, 18, 63, 27, 27",2026-07-21 13:43:51,"Sitelinks, Video, People also ask, Popular products, Related searches, AI overview","commercial, informational",Organic
v380 pro camera,33,33,480,46,0.46,https://www.icseecam.com/what-is-v380-and-v380-pro/,0,0,0,1,168,"44, 54, 44, 66, 44, 100, 66, 81, 100, 81, 81, 81",2026-06-28 19:59:57,"Sitelinks, Reviews, Video, Image, Video Carousel, People also ask, Popular products, Related searches, Short videos, AI overview","commercial, informational",Organic
dual camera security camera,38,38,30,18,2.09,https://www.icseecam.com/10-best-dual-lens-security-camera-manufacturers/,0,0,0,1,192,"18, 18, 18, 18, 18, 18, 100, 18, 18, 18, 18, 18",2026-07-09 11:00:34,"Sitelinks, Video, Video Carousel, Popular products, Related searches, Discussions and forums, AI overview","commercial, informational",Organic
ubox app camera,27,27,50,29,0.68,https://www.icseecam.com/ubox-app-download/,0,0,0,0.07,195,"4, 4, 4, 4, 10, 14, 14, 18, 22, 14, 18, 10",2026-07-27 01:57:25,"Sitelinks, Reviews, Video, Video Carousel, People also ask, Related searches, AI overview",informational,Organic
ubox app camera,33,33,50,29,0.68,https://www.icseecam.com/what-is-ubox-app/,0,0,0,0.07,195,"4, 4, 4, 4, 10, 14, 14, 18, 22, 14, 18, 10",2026-07-27 01:57:25,"Sitelinks, Reviews, Video, Video Carousel, People also ask, Related searches, AI overview",informational,Organic
set up ring doorbell without qr code,34,34,40,18,0,https://www.icseecam.com/reactivate-ring-doorbell-camera-without-pin-code/,0,0,0,0.33,77,"50, 50, 50, 50, 50, 35, 14, 21, 14, 14, 35, 14",2026-07-11 09:05:53,"Sitelinks, Video, Video Carousel, People also ask, Related searches, AI overview",informational,Organic
tier 1 solar panels list 2025,59,59,70,21,0,https://www.icseecam.com/best-solar-panel-brands-in-2025-top-6-picks/,0,0,0,0.33,91,"78, 100, 78, 78, 50, 50, 35, 35, 21, 14, 14, 14",2026-08-09 05:09:01,"Image pack, Sitelinks, Video, People also ask, Related searches, AI overview",informational,Organic
security cameras for home without subscription,56,56,260,30,2.95,https://www.icseecam.com/best-home-security-camera-without-subscription/,0,0,0,1,100,"65, 65, 65, 65, 81, 81, 81, 81, 81, 100, 100, 100",2026-07-05 04:07:59,"Sitelinks, Reviews, Video, Video Carousel, People also ask, Popular products, Related searches, AI overview",commercial,Organic
how to hack cameras,71,71,50,10,0,https://www.icseecam.com/how-to-hack-into-security-cameras%EF%BC%9F/,0,0,0,0,66200000,"34, 34, 26, 11, 15, 19, 0, 19, 26, 11, 11, 26",2026-07-27 15:10:05,"Video Carousel, AI overview",informational,Organic
how to hack cameras,84,84,50,10,0,https://www.icseecam.com/how-to-hack-into-security-cameras%EF%BC%9F/,0,0,0,0,66200000,"34, 34, 26, 11, 15, 19, 0, 19, 26, 11, 11, 26",2026-07-27 15:10:05,"Video Carousel, AI overview",informational,Organic
does turning off wifi disable ring cameras,39,39,50,8,0,https://www.icseecam.com/do-ring-cameras-work-without-wifi/,0,0,0,0.33,115,"14, 28, 100, 100, 14, 28, 14, 28, 14, 14, 14, 14",2026-07-06 13:54:00,"Sitelinks, Video, People also ask, Related searches, AI overview",informational,Organic
does turning off wifi disable ring cameras,40,40,50,8,0,https://www.icseecam.com/do-ring-cameras-work-without-wifi/,0,0,0,0.33,115,"14, 28, 100, 100, 14, 28, 14, 28, 14, 14, 14, 14",2026-07-06 13:54:00,"Sitelinks, Video, People also ask, Related searches, AI overview",informational,Organic
commercial security cameras brands,68,68,70,22,9.25,https://www.icseecam.com/top-10-cctv-manufacturers-in-usa/,0,0,0,0.24,178,"14, 14, 50, 64, 100, 50, 78, 35, 14, 21, 35, 50",2026-07-25 06:36:52,"Sitelinks, Reviews, Video, People also ask, Popular products, Related searches, AI overview",commercial,Organic
solar manufacturers,88,88,210,56,7.63,https://www.icseecam.com/top-10-solar-panel-manufacturers-in-the-usa-2025/,0,0,0,0.1,198,"18, 43, 66, 54, 22, 43, 22, 43, 66, 54, 43, 66",2026-08-07 08:49:06,"Knowledge panel, Sitelinks, Video, Ads bottom, People also ask, Related searches",informational,Organic
does ring camera turn blue when someone is watching,42,42,40,12,0,https://www.icseecam.com/what-does-solid-blue-light-on-ring-cameras-mean%EF%BC%9F/,0,0,0,0.33,104,"28, 100, 14, 14, 28, 14, 14, 14, 21, 21, 14, 14",2026-08-16 21:17:18,"Video, People also ask, Related searches, AI overview",informational,Organic
ring and nest,57,57,170,41,1.62,https://www.icseecam.com/nest-vs-ring-doorbell-camera/,0,0,0,1,176,"35, 22, 35, 22, 29, 29, 35, 35, 35, 100, 22, 35",2026-07-09 20:25:58,"Sitelinks, Video, People also ask, Related searches, AI overview",commercial,Organic
yosse,42,42,70,42,0,https://www.icseecam.com/what-is-yoosee/,0,0,0,0.33,134,"5, 18, 18, 8, 18, 11, 8, 11, 15, 5, 8, 11",2026-06-27 19:41:36,"Sitelinks, Reviews, Video, Video Carousel, People also ask, Related searches",informational,Organic
best security camera companies,56,56,70,64,12.35,https://www.icseecam.com/top-10-cctv-camera-brands-in-the-united-states/,0,0,0,0.59,178,"3, 9, 6, 9, 12, 15, 53, 3, 3, 100, 21, 6",2026-07-09 05:09:00,"Local pack, Sitelinks, Reviews, Video, Image, Video Carousel, People also ask, Related searches, Discussions and forums, AI overview",commercial,Organic
blink versus ring,43,43,210,25,1.15,https://www.icseecam.com/blink-vs-ring-camera-5-key-comparisons/,0,0,0,0.44,156,"19, 23, 66, 29, 23, 36, 44, 23, 15, 15, 15, 12",2026-07-05 00:30:42,"Sitelinks, Video, Video Carousel, People also ask, Related searches, Discussions and forums, AI overview","commercial, informational",Organic
blink vs ring subscription,42,42,140,32,0,https://www.icseecam.com/blink-vs-ring-camera-5-key-comparisons/,0,0,0,0.08,105,"52, 80, 100, 66, 66, 66, 80, 80, 33, 52, 66, 33",2026-07-09 04:51:43,"Sitelinks, Video, Video Carousel, People also ask, Related searches, AI overview","commercial, informational",Organic
secure solar camera,49,49,50,29,0.94,https://www.icseecam.com/product-category/solar-security-camera/,0,0,0,1,198,"100, 15, 7, 7, 7, 7, 15, 34, 7, 7, 0, 0",2026-07-04 11:53:26,"Sitelinks, Video, Image, Video Carousel, People also ask, Popular products, Related searches",commercial,Organic
secure solar camera,53,53,50,29,0.94,https://www.icseecam.com/whats-the-best-solar-security-cameras/,0,0,0,1,198,"100, 15, 7, 7, 7, 7, 15, 34, 7, 7, 0, 0",2026-07-04 11:53:26,"Sitelinks, Video, Image, Video Carousel, People also ask, Popular products, Related searches",commercial,Organic
hack camera ip,58,58,90,29,0,https://www.icseecam.com/how-to-hack-into-security-cameras%EF%BC%9F/,0,0,0,0.33,53200000,"52, 52, 42, 33, 42, 42, 33, 100, 33, 33, 52, 33",2026-08-02 00:30:03,"Sitelinks, Video Carousel, AI overview",informational,Organic
best ptz camera tampa,82,82,50,3,0,https://www.icseecam.com/top-7-ptz-outdoor-camera-brands-in-the-us/,0,0,0,0,80000,"7, 0, 21, 21, 21, 28, 35, 100, 100, 28, 21, 14",2026-07-12 23:02:54,"Sitelinks, Reviews, Video, People also ask, Popular products, Related searches",commercial,Organic
top rated solar panel manufacturers,97,97,70,28,5.52,https://www.icseecam.com/top-10-solar-panels-manufacturers-in-the-world/,0,0,0,0.49,138,"100, 63, 100, 81, 81, 63, 45, 36, 45, 45, 63, 45",2026-07-03 16:31:00,"Local pack, Sitelinks, Video, People also ask, Related searches, Discussions and forums, AI overview","commercial, informational",Organic
does ring camera record,56,56,110,28,0,https://www.icseecam.com/do-ring-cameras-record-24-7/,0,0,0,0.07,102,"100, 100, 100, 78, 78, 100, 35, 100, 78, 100, 21, 100",2026-07-31 04:45:29,"Sitelinks, Video, People also ask, Related searches, Discussions and forums, AI overview","informational, navigational",Organic
ring camera turn off blue light,42,42,90,14,0,https://www.icseecam.com/what-does-solid-blue-light-on-ring-cameras-mean%EF%BC%9F/,0,0,0,0.33,106,"28, 34, 43, 34, 28, 43, 34, 15, 21, 21, 21, 21",2026-08-16 13:00:39,"Sitelinks, Video, Video Carousel, People also ask, Related searches, AI overview",informational,Organic
cctv camera dual lens,45,45,50,7,0,https://www.icseecam.com/10-best-dual-lens-security-camera-manufacturers/,0,0,0,0.43,197,"35, 50, 50, 78, 100, 28, 14, 14, 14, 14, 14, 14",2026-06-30 02:48:24,"Image pack, Sitelinks, Video, Image, Video Carousel, Popular products, Related searches",commercial,Organic
highest resolution outdoor security camera,49,49,30,25,2.04,https://www.icseecam.com/top-5-long-range-security-camera-manufacturers/,0,0,0,1,172,"0, 45, 63, 81, 27, 36, 45, 45, 0, 0, 0, 9",2026-06-30 20:02:02,"Sitelinks, Reviews, Video, Ads bottom, Video Carousel, People also ask, Related searches, Discussions and forums, AI overview",commercial,Organic
how to remove a ring device from dashboard,43,43,50,19,0,https://www.icseecam.com/how-to-remove-ring-camera-history-on-ring-app/,0,0,0,0.33,121,"11, 100, 82, 64, 11, 11, 11, 11, 23, 11, 11, 11",2026-07-09 10:58:01,"Sitelinks, Video, Video Carousel, People also ask, Related searches, AI overview",informational,Organic
ring vs blink camera,37,37,390,38,1.24,https://www.icseecam.com/blink-vs-ring-camera-5-key-comparisons/,0,0,0,0.76,104,"32, 48, 59, 39, 32, 48, 48, 39, 21, 32, 21, 21",2026-07-28 23:07:19,"Sitelinks, Video, Video Carousel, People also ask, Related searches, Discussions and forums, AI overview",commercial,Organic
blink or ring camera better,53,53,40,27,2.7,https://www.icseecam.com/blink-vs-ring-camera-5-key-comparisons/,0,0,0,0.99,101,"14, 78, 28, 14, 14, 14, 14, 14, 35, 14, 21, 100",2026-08-02 06:34:11,"Sitelinks, Video, People also ask, Related searches, Short videos, Discussions and forums, AI overview","commercial, informational",Organic
blink or ring camera better,66,66,40,27,2.7,https://www.icseecam.com/fr/blink-vs-ring-camera-5-key-comparisons/,0,0,0,0.99,101,"14, 78, 28, 14, 14, 14, 14, 14, 35, 14, 21, 100",2026-08-02 06:34:11,"Sitelinks, Video, People also ask, Related searches, Short videos, Discussions and forums, AI overview","commercial, informational",Organic
blink or ring camera better,80,80,40,27,2.7,https://www.icseecam.com/de/blink-vs-ring-camera-5-key-comparisons/,0,0,0,0.99,101,"14, 78, 28, 14, 14, 14, 14, 14, 35, 14, 21, 100",2026-08-02 06:34:11,"Sitelinks, Video, People also ask, Related searches, Short videos, Discussions and forums, AI overview","commercial, informational",Organic
ring camera wifi,58,58,260,26,1.66,https://www.icseecam.com/how-to-reconnect-ring-camera-to-wifi/,0,0,0,0.87,175,"44, 44, 54, 44, 28, 18, 35, 35, 81, 28, 23, 54",2026-07-08 10:06:13,"Sitelinks, Video, Video Carousel, People also ask, Popular products, Related searches, Short videos, AI overview","informational, transactional",Organic
can you turn off the blue light on ring camera,39,39,40,12,0,https://www.icseecam.com/what-does-solid-blue-light-on-ring-cameras-mean%EF%BC%9F/,0,0,0,0.33,102,"11, 11, 11, 64, 11, 11, 100, 11, 11, 11, 11, 11",2026-08-14 18:14:44,"Sitelinks, Video, Video Carousel, People also ask, Related searches, AI overview",informational,Organic
icom 365,38,38,70,38,0,https://www.icseecam.com/icam365-ultimate-guide-2025/,0,0,0,0.33,153,"3, 3, 3, 3, 0, 3, 3, 3, 100, 3, 3, 3",2026-06-30 12:52:09,"Sitelinks, Reviews, Video, Video Carousel, People also ask, Related searches",informational,Organic
u box app,35,35,210,38,0.84,https://www.icseecam.com/what-is-ubox-app/,0,0,0,0.03,162,"53, 65, 6, 53, 53, 53, 65, 65, 53, 81, 81, 100",2026-08-03 08:00:27,"Sitelinks, Reviews, Video, People also ask, Related searches",informational,Organic
does ring doorbell record 24 7,43,43,140,24,5.01,https://www.icseecam.com/do-ring-cameras-record-24-7/,0,0,0,0.06,58,"53, 42, 53, 65, 65, 65, 42, 80, 42, 53, 53, 34",2026-07-29 09:41:15,"Sitelinks, Video, Video Carousel, People also ask, Related searches, AI overview",informational,Organic
best home surveillance system without subscription,67,67,40,30,4.3,https://www.icseecam.com/best-home-security-camera-without-subscription/,0,0,0,1,115,"50, 50, 35, 21, 14, 14, 14, 14, 28, 35, 28, 14",2026-07-05 15:42:29,"Sitelinks, Video, Video Carousel, People also ask, Related searches, Discussions and forums, AI overview",commercial,Organic
does ring camera still record without wifi,35,35,70,8,0,https://www.icseecam.com/do-ring-cameras-work-without-wifi/,0,0,0,0.33,92,"78, 78, 14, 14, 14, 78, 100, 14, 14, 14, 78, 100",2026-08-14 16:56:50,"Sitelinks, Reviews, Video, Video Carousel, People also ask, Related searches, AI overview",informational,Organic
security camera world,51,51,140,31,4.45,https://www.icseecam.com/top-10-cctv-camera-brands/,0,0,0,0.51,158,"52, 66, 80, 66, 52, 66, 66, 100, 80, 52, 66, 100",2026-07-07 15:54:00,"Knowledge panel, Sitelinks, Reviews, Video, People also ask, Popular products, Related searches",navigational,Organic
best security cameras without subscription,52,52,1900,31,2.04,https://www.icseecam.com/best-home-security-camera-without-subscription/,0,0,0,1,176,"55, 100, 82, 55, 82, 100, 55, 34, 65, 44, 44, 44",2026-08-14 16:36:02,"Sitelinks, Reviews, Video, Image, Video Carousel, People also ask, Popular products, Related searches, Discussions and forums, AI overview",commercial,Organic
us security camera companies,63,63,40,22,5.27,https://www.icseecam.com/top-10-cctv-manufacturers-in-usa/,0,0,0,0.97,181,"22, 22, 22, 22, 55, 100, 77, 77, 44, 55, 33, 44",2026-07-13 09:28:54,"Sitelinks, Reviews, Video, Video Carousel, People also ask, Related searches, AI overview",informational,Organic
do ring cameras need internet,42,42,40,28,0,https://www.icseecam.com/do-ring-cameras-work-without-wifi/,0,0,0,0.03,123,"14, 14, 14, 14, 14, 14, 78, 100, 14, 14, 14, 14",2026-07-09 09:47:43,"Sitelinks, Reviews, Video, Featured snippet, Video Carousel, People also ask, Related searches",informational,Organic
poe camera definition,70,70,170,14,0.44,https://www.icseecam.com/what-is-a-poe-camera/,0,0,0,0.42,181,"66, 52, 80, 80, 66, 100, 100, 80, 80, 66, 80, 80",2026-07-16 04:37:56,"Sitelinks, Reviews, Video, Video Carousel, People also ask, Related searches, AI overview",informational,Organic
how to reactivate ring camera,31,31,140,24,0.05,https://www.icseecam.com/reactivate-ring-doorbell-camera-without-pin-code/,0,0,0,0.02,115,"42, 33, 80, 66, 80, 80, 66, 66, 66, 100, 80, 66",2026-07-24 01:18:31,"Sitelinks, Video, Video Carousel, People also ask, Related searches, AI overview",informational,Organic
מצלמות אבטחה,74,74,50,9,0,https://www.icseecam.com/iw/,0,0,0,0.69,123,"100, 42, 26, 11, 7, 7, 7, 7, 7, 7, 7, 7",2026-07-28 10:09:51,"Sitelinks, Reviews, Video, Related searches, AI overview",informational,Organic
מצלמות אבטחה,81,81,50,9,0,https://icseecam.com/iw/top-subscription-free-security-cameras/,0,0,0,0.69,123,"100, 42, 26, 11, 7, 7, 7, 7, 7, 7, 7, 7",2026-07-28 10:09:51,"Sitelinks, Reviews, Video, Related searches, AI overview",informational,Organic
4g v380 camera,43,0,50,30,0,https://www.icseecam.com/product/v380-3003-dual-lens-4g-camera/,0,0,0,0,174,"64, 64, 82, 64, 64, 0, 0, 0, 0, 0, 0, 0",2026-08-19 01:20:10,"Sitelinks, Reviews, Video, Video Carousel, People also ask, Popular products, Related searches, Short videos, AI overview","commercial, informational",Organic
countries supported by adt security,72,72,170,40,0,https://www.icseecam.com/where-are-adt-cameras-manufactured/,0,0,0,0,124,"100, 0, 0, 0, 0, 0, 0, 0, 0, 0, 0, 0",2026-08-15 03:29:01,"People also ask, Related searches, AI overview",informational,Organic
does the blue light on camera mean someone is watching,36,43,140,17,0,https://www.icseecam.com/what-does-solid-blue-light-on-ring-cameras-mean%EF%BC%9F/,0,0,0,0.33,116,"52, 66, 80, 66, 66, 80, 100, 52, 42, 66, 80, 66",2026-08-19 01:47:03,"Sitelinks, Video, People also ask, Related searches, AI overview",informational,Organic
mc4 connector types,80,80,70,15,0,https://www.icseecam.com/solar-panel-connector-types-differences/,0,0,0,0.97,194,"15, 19, 34, 42, 42, 42, 53, 11, 19, 11, 11, 7",2026-06-28 03:58:53,"Reviews, Video, Image, Video Carousel, People also ask, Popular products, Related searches, AI overview",informational,Organic
eseecloud pc,53,53,90,21,0,https://www.icseecam.com/what-is-eseecloud/,0,0,0,0.33,186,"53, 53, 53, 53, 53, 26, 19, 15, 19, 19, 19, 19",2026-07-14 22:48:32,"Sitelinks, Reviews, Video, Video Carousel, People also ask, Related searches, AI overview",informational,Organic
how long does ring camera last,40,40,170,19,0,https://www.icseecam.com/how-long-does-ring-camera-battery-last/,0,0,0,0.09,95,"35, 43, 35, 66, 7, 66, 23, 23, 100, 28, 23, 66",2026-07-03 09:55:34,"Sitelinks, Reviews, Video, Video Carousel, People also ask, Related searches, AI overview",informational,Organic
can you delete footage from a ring camera,36,36,90,21,0,https://www.icseecam.com/how-to-remove-ring-camera-history-on-ring-app/,0,0,0,0.33,110,"65, 65, 26, 11, 65, 11, 53, 19, 7, 26, 42, 7",2026-08-04 10:28:22,"Sitelinks, Reviews, Video, Video Carousel, People also ask, Related searches, Short videos, AI overview",informational,Organic
can you delete footage from a ring camera,47,47,90,21,0,https://www.icseecam.com/how-to-remove-ring-camera-history-on-ring-app/,0,0,0,0.33,110,"65, 65, 26, 11, 65, 11, 53, 19, 7, 26, 42, 7",2026-08-04 10:28:22,"Sitelinks, Reviews, Video, Video Carousel, People also ask, Related searches, Short videos, AI overview",informational,Organic
las camaras de seguridad funcionan sin internet,61,61,90,6,0,https://www.icseecam.com/es/do-security-cameras-need-wifi/,0,0,0,0.12,195,"42, 33, 42, 33, 42, 33, 42, 33, 42, 33, 42, 52",2026-08-10 21:18:46,"Sitelinks, Reviews, Video, Video Carousel, People also ask, Related searches, Short videos, AI overview",informational,Organic
las camaras de seguridad funcionan sin internet,70,70,90,6,0,https://www.icseecam.com/es/do-security-cameras-need-wifi/,0,0,0,0.12,195,"42, 33, 42, 33, 42, 33, 42, 33, 42, 33, 42, 52",2026-08-10 21:18:46,"Sitelinks, Reviews, Video, Video Carousel, People also ask, Related searches, Short videos, AI overview",informational,Organic
how much sunlight does outdoor solar security camera need,16,16,170,4,0,https://www.icseecam.com/sunlight-does-outdoor-solar-security-camera-need/,0,0,0,0,139,"100, 0, 0, 0, 0, 0, 0, 0, 0, 0, 0, 0",2026-07-18 12:55:04,"Sitelinks, People also ask, Related searches, Discussions and forums",informational,Organic
solar panels manufacturers,84,84,260,36,4.3,https://www.icseecam.com/top-10-solar-panel-manufacturers-in-the-usa-2025/,0,0,0,0.19,197,"36, 45, 13, 30, 20, 5, 1, 5, 6, 30, 5, 45",2026-08-13 14:25:20,"Local pack, Sitelinks, Video, People also ask, Related searches, AI overview",commercial,Organic
what security cameras are made in the usa,84,84,40,3,2.08,https://www.icseecam.com/top-10-cctv-manufacturers-in-usa/,0,0,0,0.96,155,"100, 80, 40, 40, 80, 100, 80, 60, 100, 100, 80, 60",2026-07-03 10:20:17,"Sitelinks, Reviews, Video, People also ask, Related searches, AI overview",informational,Organic
telec certificate,61,61,70,0,4.04,https://www.icseecam.com/security-camera-telec-certification-in-japan/,0,0,0,0.19,97,"26, 26, 26, 19, 26, 26, 26, 19, 26, 26, 26, 26",2026-07-31 06:36:22,"Image pack, People also ask, Related searches, AI overview",informational,Organic
5g cameras,29,29,110,24,1.45,https://www.icseecam.com/what-security-cameras-work-with-5ghz-wifi/,0,0,0,1,240,"28, 28, 28, 100, 17, 23, 0, 53, 43, 10, 7, 12",2026-08-14 08:55:36,"Sitelinks, Video, Image, Ads bottom, People also ask, Popular products, Related searches, Discussions and forums, AI overview","commercial, informational",Organic
cameras for home without subscription,57,57,90,37,2.71,https://www.icseecam.com/best-home-security-camera-without-subscription/,0,0,0,1,120,"50, 78, 21, 78, 78, 21, 28, 100, 78, 78, 100, 100",2026-07-05 10:25:55,"Sitelinks, Video, Image, Video Carousel, People also ask, Popular products, Related searches, Discussions and forums, AI overview","commercial, informational",Organic
does a ring camera record 24 7,38,38,40,26,0,https://www.icseecam.com/do-ring-cameras-record-24-7/,0,0,0,0.15,102,"52, 64, 100, 64, 0, 0, 5, 41, 0, 0, 0, 0",2026-08-14 13:00:32,"Video, People also ask, Related searches, Discussions and forums, AI overview",informational,Organic
does a ring camera record 24 7,39,39,40,26,0,https://www.icseecam.com/do-ring-cameras-record-24-7/,0,0,0,0.15,102,"52, 64, 100, 64, 0, 0, 5, 41, 0, 0, 0, 0",2026-08-14 13:00:32,"Video, People also ask, Related searches, Discussions and forums, AI overview",informational,Organic
how to connect wifi to ring camera,55,55,110,23,0.01,https://www.icseecam.com/how-to-reconnect-ring-camera-to-wifi/,0,0,0,0.04,99,"52, 52, 64, 64, 64, 100, 100, 100, 82, 100, 0, 52",2026-08-06 12:03:38,"Video, Video Carousel, People also ask, Related searches, AI overview",informational,Organic
ring camera blue light meaning,21,21,90,14,0,https://www.icseecam.com/what-does-solid-blue-light-on-ring-cameras-mean%EF%BC%9F/,0,0,0,0.33,168,"15, 81, 34, 34, 43, 34, 21, 15, 12, 15, 15, 15",2026-08-12 23:00:40,"Sitelinks, Video, People also ask, Related searches, Discussions and forums, AI overview",informational,Organic
ring camera blue light meaning,35,35,90,14,0,https://www.icseecam.com/what-does-solid-blue-light-on-ring-cameras-mean%EF%BC%9F/,0,0,0,0.33,168,"15, 81, 34, 34, 43, 34, 21, 15, 12, 15, 15, 15",2026-08-12 23:00:40,"Sitelinks, Video, People also ask, Related searches, Discussions and forums, AI overview",informational,Organic
best cellular solar security camera,66,66,30,18,1.35,https://www.icseecam.com/product-category/solar-security-camera/,0,0,0,1,118,"18, 18, 18, 27, 18, 36, 45, 36, 36, 27, 36, 45",2026-07-05 23:01:47,"Sitelinks, Video, Video Carousel, People also ask, Popular products, Related searches, Discussions and forums, AI overview",commercial,Organic
icam 365,37,37,260,34,0.34,https://www.icseecam.com/icam365-ultimate-guide-2025/,0,0,0,0.97,99,"44, 23, 23, 23, 29, 29, 29, 23, 23, 23, 29, 23",2026-07-10 23:08:25,"Sitelinks, Reviews, Video, Video Carousel, People also ask, Related searches, Things to know, AI overview",informational,Organic
does ring record 24/7,50,50,170,24,10.14,https://www.icseecam.com/do-ring-cameras-record-24-7/,0,0,0,0.04,12500000,"0, 0, 1, 0, 0, 28, 66, 66, 66, 66, 66, 23",2026-07-14 01:22:27,"Sitelinks, Video, People also ask, Related searches, AI overview",informational,Organic
ring connect to wifi,50,50,70,23,0,https://www.icseecam.com/how-to-reconnect-ring-camera-to-wifi/,0,0,0,0.03,176,"23, 33, 33, 33, 23, 33, 33, 33, 33, 33, 42, 9",2026-07-20 13:40:53,"Video, Video Carousel, People also ask, Related searches, AI overview",informational,Organic
icsee application,49,49,480,48,0.16,https://www.icseecam.com/fr/download/,0,0,0,0.07,137,"81, 66, 23, 44, 54, 81, 100, 81, 66, 66, 81, 81",2026-07-22 19:40:31,"Sitelinks, Reviews, Video, Video Carousel, People also ask, Related searches, AI overview",informational,Organic
icsee application,55,55,480,48,0.16,https://www.icseecam.com/icsee-pro-app-download/,0,0,0,0.07,137,"81, 66, 23, 44, 54, 81, 100, 81, 66, 66, 81, 81",2026-07-22 19:40:31,"Sitelinks, Reviews, Video, Video Carousel, People also ask, Related searches, AI overview",informational,Organic
how to make blink camera record longer,34,34,70,14,0,https://www.icseecam.com/do-blink-cameras-record-24-7/,0,0,0,0.33,58,"23, 17, 17, 28, 17, 12, 12, 5, 28, 5, 5, 5",2026-06-26 08:52:19,"Sitelinks, Video, Video Carousel, People also ask, Related searches, AI overview",informational,Organic
blink vs ring cameras,38,38,210,33,1.39,https://www.icseecam.com/blink-vs-ring-camera-5-key-comparisons/,0,0,0,0.92,167,"35, 28, 44, 15, 66, 15, 81, 15, 35, 35, 15, 11",2026-07-27 16:13:30,"Sitelinks, Video, Video Carousel, People also ask, Related searches, Short videos, Discussions and forums, AI overview","commercial, informational",Organic
connect ring camera to wifi,48,48,90,26,0.01,https://www.icseecam.com/how-to-reconnect-ring-camera-to-wifi/,0,0,0,0.05,144,"64, 29, 52, 23, 41, 29, 41, 52, 100, 82, 64, 64",2026-07-13 21:43:04,"Video, Video Carousel, People also ask, Related searches, AI overview",informational,Organic
do security cameras use a lot of wifi,80,80,50,11,0,https://www.icseecam.com/how-much-data-does-a-security-camera-use/,0,0,0,0.33,134,"35, 50, 50, 100, 100, 28, 14, 14, 14, 14, 21, 14",2026-06-30 03:55:40,"Sitelinks, Reviews, Video, Video Carousel, Related searches",informational,Organic
who makes the best solar panel,80,80,70,43,3.28,https://www.icseecam.com/best-home-solar-panel-companies-top-5-picks/,0,0,0,0.85,116,"0, 100, 78, 78, 14, 28, 35, 14, 28, 28, 50, 78",2026-07-10 00:55:47,"Sitelinks, Reviews, Video, Video Carousel, People also ask, Related searches, AI overview",commercial,Organic
v380 pro app,51,51,390,48,0.27,https://www.icseecam.com/v380-pro-free-download/,0,0,0,0.36,166,"66, 66, 81, 81, 36, 29, 29, 44, 54, 54, 66, 66",2026-06-28 12:07:32,"Sitelinks, Reviews, Video, Video Carousel, People also ask, Related searches",informational,Organic
is eufy chinese,10,10,50,25,0,https://www.icseecam.com/where-is-eufy-night-vision-security-camera-manufactured-in-usa-%EF%BC%9F/,0,0,0,0.33,46,"42, 7, 65, 7, 7, 7, 7, 53, 7, 7, 7, 11",2026-07-23 10:06:47,"Sitelinks, People also ask, Related searches, AI overview",informational,Organic
what causes ghost images on security cameras,37,37,50,9,0,https://www.icseecam.com/what-causes-ghost-images-on-security-cameras/,0,0,0,0.33,143,"22, 18, 14, 14, 10, 10, 10, 8, 4, 4, 4, 4",2026-07-11 03:53:59,"Sitelinks, Reviews, Video, Video Carousel, People also ask, Related searches, Discussions and forums, AI overview",informational,Organic
security camera companys,19,19,40,65,0,https://www.icseecam.com/top-10-cctv-camera-brands-in-the-united-states/,0,0,0,0,198,"0, 2, 0, 0, 0, 2, 0, 0, 2, 100, 0, 0",2026-07-19 05:13:58,"Local pack, Sitelinks, Reviews, Video, Image, People also ask, Popular products, Related searches",commercial,Organic
ring doorbell camera 24 7 recording,44,44,30,22,2.91,https://www.icseecam.com/do-ring-cameras-record-24-7/,0,0,0,1,90,"14, 14, 14, 100, 28, 14, 28, 14, 14, 14, 14, 14",2026-07-22 03:26:23,"Sitelinks, Video, Video Carousel, People also ask, Popular products, Related searches, AI overview","commercial, navigational",Organic
is eufy a chinese company,37,37,260,33,0,https://www.icseecam.com/where-is-eufy-night-vision-security-camera-manufactured-in-usa-%EF%BC%9F/,0,0,0,0.05,116,"82, 82, 100, 66, 53, 66, 100, 66, 53, 53, 53, 82",2026-06-28 16:08:52,"Sitelinks, Reviews, Video, People also ask, Related searches, Discussions and forums, AI overview",informational,Organic
how to delete ring footage,43,43,140,21,0,https://www.icseecam.com/how-to-remove-ring-camera-history-on-ring-app/,0,0,0,0.33,109,"66, 66, 42, 66, 42, 66, 80, 66, 66, 52, 66, 66",2026-07-10 23:22:19,"Sitelinks, Reviews, Video, Video Carousel, People also ask, Related searches, Discussions and forums, AI overview",informational,Organic
how to delete ring footage,57,57,140,21,0,https://www.icseecam.com/how-to-remove-ring-camera-history-on-ring-app/,0,0,0,0.33,109,"66, 66, 42, 66, 42, 66, 80, 66, 66, 52, 66, 66",2026-07-10 23:22:19,"Sitelinks, Reviews, Video, Video Carousel, People also ask, Related searches, Discussions and forums, AI overview",informational,Organic
long range outdoor cctv camera,47,47,70,23,1.67,https://www.icseecam.com/top-5-long-range-security-camera-manufacturers/,0,0,0,1,190,"55, 55, 77, 77, 55, 77, 55, 55, 77, 55, 77, 77",2026-07-20 21:59:46,"Sitelinks, Reviews, Video, Image, People also ask, Popular products, Related searches",commercial,Organic
long range outdoor cctv camera,50,50,70,23,1.67,https://www.icseecam.com/top-5-long-range-security-camera-manufacturers/,0,0,0,1,190,"55, 55, 77, 77, 55, 77, 55, 55, 77, 55, 77, 77",2026-07-20 21:59:46,"Sitelinks, Reviews, Video, Image, People also ask, Popular products, Related searches",commercial,Organic
eseecloud compatible cameras,33,33,40,,0.61,https://www.icseecam.com/what-is-eseecloud/,0,0,0,0.95,177,"27, 45, 27, 36, 27, 27, 45, 36, 36, 36, 45, 27",2026-07-11 01:47:30,"Sitelinks, Reviews, Video, Video Carousel, People also ask, Related searches, AI overview",informational,Organic
eseecloud compatible cameras,46,46,40,,0.61,https://www.icseecam.com/eseecloud-cameras/,0,0,0,0.95,177,"27, 45, 27, 36, 27, 27, 45, 36, 36, 36, 45, 27",2026-07-11 01:47:30,"Sitelinks, Reviews, Video, Video Carousel, People also ask, Related searches, AI overview",informational,Organic
eseecloud compatible cameras,49,49,40,,0.61,https://www.icseecam.com/eseecloud-cameras/,0,0,0,0.95,177,"27, 45, 27, 36, 27, 27, 45, 36, 36, 36, 45, 27",2026-07-11 01:47:30,"Sitelinks, Reviews, Video, Video Carousel, People also ask, Related searches, AI overview",informational,Organic
eseecloud compatible cameras,61,61,40,,0.61,https://www.icseecam.com/what-cameras-work-with-icsee-app/,0,0,0,0.95,177,"27, 45, 27, 36, 27, 27, 45, 36, 36, 36, 45, 27",2026-07-11 01:47:30,"Sitelinks, Reviews, Video, Video Carousel, People also ask, Related searches, AI overview",informational,Organic
eseecloud compatible cameras,63,63,40,,0.61,https://www.icseecam.com/eseecloud-app-download/,0,0,0,0.95,177,"27, 45, 27, 36, 27, 27, 45, 36, 36, 36, 45, 27",2026-07-11 01:47:30,"Sitelinks, Reviews, Video, Video Carousel, People also ask, Related searches, AI overview",informational,Organic
eseecloud compatible cameras,65,65,40,,0.61,https://www.icseecam.com/es/eseecloud-cameras/,0,0,0,0.95,177,"27, 45, 27, 36, 27, 27, 45, 36, 36, 36, 45, 27",2026-07-11 01:47:30,"Sitelinks, Reviews, Video, Video Carousel, People also ask, Related searches, AI overview",informational,Organic
eseecloud compatible cameras,69,69,40,,0.61,https://icseecam.com/nl/eseecloud-cameras/,0,0,0,0.95,177,"27, 45, 27, 36, 27, 27, 45, 36, 36, 36, 45, 27",2026-07-11 01:47:30,"Sitelinks, Reviews, Video, Video Carousel, People also ask, Related searches, AI overview",informational,Organic
eseecloud compatible cameras,70,70,40,,0.61,https://www.icseecam.com/fr/eseecloud-cameras/,0,0,0,0.95,177,"27, 45, 27, 36, 27, 27, 45, 36, 36, 36, 45, 27",2026-07-11 01:47:30,"Sitelinks, Reviews, Video, Video Carousel, People also ask, Related searches, AI overview",informational,Organic
eseecloud compatible cameras,71,71,40,,0.61,https://www.icseecam.com/it/product-category/eseecloud/,0,0,0,0.95,177,"27, 45, 27, 36, 27, 27, 45, 36, 36, 36, 45, 27",2026-07-11 01:47:30,"Sitelinks, Reviews, Video, Video Carousel, People also ask, Related searches, AI overview",informational,Organic
eseecloud compatible cameras,72,72,40,,0.61,https://www.icseecam.com/es/product-category/eseecloud/,0,0,0,0.95,177,"27, 45, 27, 36, 27, 27, 45, 36, 36, 36, 45, 27",2026-07-11 01:47:30,"Sitelinks, Reviews, Video, Video Carousel, People also ask, Related searches, AI overview",informational,Organic
eseecloud compatible cameras,73,73,40,,0.61,https://www.icseecam.com/de/product-category/eseecloud/,0,0,0,0.95,177,"27, 45, 27, 36, 27, 27, 45, 36, 36, 36, 45, 27",2026-07-11 01:47:30,"Sitelinks, Reviews, Video, Video Carousel, People also ask, Related searches, AI overview",informational,Organic
is ring and blink the same,52,52,90,23,0,https://www.icseecam.com/blink-vs-ring-camera-5-key-comparisons/,0,0,0,0.13,89,"23, 42, 100, 23, 9, 52, 9, 9, 52, 100, 33, 9",2026-07-25 09:17:11,"Sitelinks, Reviews, Video, People also ask, Related searches, Short videos, AI overview","commercial, informational",Organic
ghost images caught on camera,54,54,70,35,0,https://www.icseecam.com/what-causes-ghost-images-on-security-cameras/,0,0,0,0.33,172,"100, 18, 100, 18, 18, 100, 100, 18, 18, 18, 100, 100",2026-07-23 16:52:15,"Image pack, Sitelinks, Reviews, Video, Image, Video Carousel, People also ask, Related searches, Discussions and forums",informational,Organic
how to tell if a ring camera is on,50,50,170,18,0,https://www.icseecam.com/what-does-solid-blue-light-on-ring-cameras-mean%EF%BC%9F/,0,0,0,0.01,105,"80, 100, 100, 66, 80, 100, 66, 66, 52, 66, 66, 100",2026-08-07 04:32:37,"Sitelinks, Video, Video Carousel, People also ask, Related searches, Discussions and forums, AI overview",informational,Organic
solar panel security cameras,58,58,260,25,0.76,https://www.icseecam.com/security-cameras-with-solar-panels/,0,0,0,1,194,"10, 81, 81, 100, 66, 81, 81, 66, 8, 2, 10, 10",2026-07-05 08:31:40,"Sitelinks, Video, Video Carousel, People also ask, Popular products, Related searches, Discussions and forums, AI overview","commercial, informational",Organic
icsee ptz camera,43,43,40,23,0,https://www.icseecam.com/icsee/,0,0,0,1,183,"52, 9, 52, 52, 9, 9, 9, 9, 9, 9, 9, 9",2026-08-11 07:59:06,"Image pack, Sitelinks, Reviews, Video, Image, Video Carousel, People also ask, Popular products, Related searches","commercial, informational",Organic
icsee ptz camera,54,54,40,23,0,https://www.icseecam.com/product-category/icsee/,0,0,0,1,183,"52, 9, 52, 52, 9, 9, 9, 9, 9, 9, 9, 9",2026-08-11 07:59:06,"Image pack, Sitelinks, Reviews, Video, Image, Video Carousel, People also ask, Popular products, Related searches","commercial, informational",Organic
icsee ptz camera,65,65,40,23,0,https://www.icseecam.com/product/icsee-a38-dual-lens-camera/,0,0,0,1,183,"52, 9, 52, 52, 9, 9, 9, 9, 9, 9, 9, 9",2026-08-11 07:59:06,"Image pack, Sitelinks, Reviews, Video, Image, Video Carousel, People also ask, Popular products, Related searches","commercial, informational",Organic
icsee ptz camera,67,67,40,23,0,https://www.icseecam.com/product-category/icsee/,0,0,0,1,183,"52, 9, 52, 52, 9, 9, 9, 9, 9, 9, 9, 9",2026-08-11 07:59:06,"Image pack, Sitelinks, Reviews, Video, Image, Video Carousel, People also ask, Popular products, Related searches","commercial, informational",Organic
icsee ptz camera,74,74,40,23,0,https://www.icseecam.com/icsee-camera-operation-guide/,0,0,0,1,183,"52, 9, 52, 52, 9, 9, 9, 9, 9, 9, 9, 9",2026-08-11 07:59:06,"Image pack, Sitelinks, Reviews, Video, Image, Video Carousel, People also ask, Popular products, Related searches","commercial, informational",Organic
icsee ptz camera,80,80,40,23,0,https://www.icseecam.com/icsee-camera-operation-guide/,0,0,0,1,183,"52, 9, 52, 52, 9, 9, 9, 9, 9, 9, 9, 9",2026-08-11 07:59:06,"Image pack, Sitelinks, Reviews, Video, Image, Video Carousel, People also ask, Popular products, Related searches","commercial, informational",Organic
icsee ptz camera,85,85,40,23,0,https://www.icseecam.com/,0,0,0,1,183,"52, 9, 52, 52, 9, 9, 9, 9, 9, 9, 9, 9",2026-08-11 07:59:06,"Image pack, Sitelinks, Reviews, Video, Image, Video Carousel, People also ask, Popular products, Related searches","commercial, informational",Organic
icsee ptz camera,89,89,40,23,0,https://www.icseecam.com/ptz-camera-manufacturer/,0,0,0,1,183,"52, 9, 52, 52, 9, 9, 9, 9, 9, 9, 9, 9",2026-08-11 07:59:06,"Image pack, Sitelinks, Reviews, Video, Image, Video Carousel, People also ask, Popular products, Related searches","commercial, informational",Organic
icsee ptz camera,94,94,40,23,0,https://www.icseecam.com/it/product-category/icsee/,0,0,0,1,183,"52, 9, 52, 52, 9, 9, 9, 9, 9, 9, 9, 9",2026-08-11 07:59:06,"Image pack, Sitelinks, Reviews, Video, Image, Video Carousel, People also ask, Popular products, Related searches","commercial, informational",Organic
do ring cameras record 24 7,43,43,480,22,4.64,https://www.icseecam.com/do-ring-cameras-record-24-7/,0,0,0,0.13,164,"66, 66, 100, 66, 36, 44, 54, 44, 66, 54, 66, 66",2026-08-06 10:42:30,"Sitelinks, Video, Video Carousel, People also ask, Related searches, AI overview",informational,Organic
24/7 recording,62,62,30,13,4.07,https://www.icseecam.com/do-ring-cameras-record-24-7/,0,0,0,0.41,129,"9, 9, 18, 0, 36, 100, 18, 45, 18, 18, 18, 18",2026-08-03 14:28:48,"Sitelinks, Video, Video Carousel, People also ask, Related searches, Discussions and forums, AI overview",informational,Organic
best diy home security camera system without subscription,54,0,50,22,3.98,https://www.icseecam.com/best-home-security-camera-without-subscription/,0,0,0,1,173,"0, 0, 11, 0, 11, 11, 11, 41, 64, 100",2026-08-19 00:56:19,"Sitelinks, Video, Video Carousel, People also ask, Popular products, Related searches, Discussions and forums, AI overview",commercial,Organic
ring doorbell delete video,47,47,70,23,0,https://www.icseecam.com/how-to-remove-ring-camera-history-on-ring-app/,0,0,0,0.33,159,"41, 52, 41, 82, 64, 29, 23, 82, 41, 41, 41, 29",2026-07-14 12:21:02,"Sitelinks, Reviews, Video, Video Carousel, People also ask, Related searches, AI overview",informational,Organic
solar panel suppliers in china,89,89,50,19,2.89,https://www.icseecam.com/2025-top-10-solar-panel-manufacturers-in-china/,0,0,0,0.29,146,"33, 33, 14, 23, 42, 33, 14, 19, 14, 19, 19, 14",2026-07-26 18:18:26,"Sitelinks, Reviews, Video, Ads top, Related searches, AI overview",informational,Organic
how to delete a location on ring,42,42,210,27,0,https://www.icseecam.com/how-to-remove-ring-camera-history-on-ring-app/,0,0,0,0.33,138,"53, 65, 80, 80, 53, 80, 80, 100, 65, 80, 80, 65",2026-07-02 21:29:19,"Video, Video Carousel, People also ask, Related searches, AI overview",informational,Organic
security cameras without a subscription,44,44,90,39,1.72,https://www.icseecam.com/best-home-security-camera-without-subscription/,0,0,0,1,118,"33, 66, 42, 33, 33, 66, 33, 33, 33, 52, 23, 33",2026-08-02 22:38:45,"Sitelinks, Video, Video Carousel, People also ask, Popular products, Related searches, Short videos, Discussions and forums, AI overview",commercial,Organic
camera 5mp ip wifi icsee,37,37,50,17,0,https://www.icseecam.com/icsee/,0,0,0,0.33,167,"0, 7, 7, 80, 100, 26, 0, 0, 0, 0, 3, 0",2026-07-12 16:47:24,"Sitelinks, Reviews, Video, Popular products, Related searches",commercial,Organic
camera 5mp ip wifi icsee,73,73,50,17,0,https://www.icseecam.com/product/icsee-abq-a8-camera/,0,0,0,0.33,167,"0, 7, 7, 80, 100, 26, 0, 0, 0, 0, 3, 0",2026-07-12 16:47:24,"Sitelinks, Reviews, Video, Popular products, Related searches",commercial,Organic
camera 5mp ip wifi icsee,86,86,50,17,0,https://www.icseecam.com/product-category/icsee/,0,0,0,0.33,167,"0, 7, 7, 80, 100, 26, 0, 0, 0, 0, 3, 0",2026-07-12 16:47:24,"Sitelinks, Reviews, Video, Popular products, Related searches",commercial,Organic
camera 5mp ip wifi icsee,95,95,50,17,0,https://www.icseecam.com/,0,0,0,0.33,167,"0, 7, 7, 80, 100, 26, 0, 0, 0, 0, 3, 0",2026-07-12 16:47:24,"Sitelinks, Reviews, Video, Popular products, Related searches",commercial,Organic
arlo camera won't charge,54,54,140,18,0.28,https://www.icseecam.com/icsee-camera-troubleshooting/,0,0,0,0.07,103,"43, 100, 53, 43, 43, 43, 34, 6, 53, 34, 43, 43",2026-07-26 11:15:09,"Sitelinks, Video, Video Carousel, People also ask, Related searches, AI overview",informational,Organic
best security cameras for home without subscription,57,57,590,24,3.37,https://www.icseecam.com/best-home-security-camera-without-subscription/,0,0,0,1,101,"24, 36, 36, 45, 45, 67, 55, 45, 55, 36, 45, 100",2026-08-02 10:39:09,"Sitelinks, Reviews, Video, Image, Video Carousel, People also ask, Popular products, Related searches, Discussions and forums, AI overview",commercial,Organic
best security cameras for home without subscription,62,62,590,24,3.37,https://www.icseecam.com/best-home-security-camera-without-subscription/,0,0,0,1,101,"24, 36, 36, 45, 45, 67, 55, 45, 55, 36, 45, 100",2026-08-02 10:39:09,"Sitelinks, Reviews, Video, Image, Video Carousel, People also ask, Popular products, Related searches, Discussions and forums, AI overview",commercial,Organic
home camera systems no subscription,53,53,210,31,4.44,https://www.icseecam.com/best-home-security-camera-without-subscription/,0,0,0,1,192,"0, 5, 53, 100, 82, 100",2026-08-07 11:53:59,"Sitelinks, Reviews, Video, Video Carousel, Popular products, Related searches, AI overview","commercial, informational",Organic
wiring for security cameras,62,62,50,20,3.03,https://www.icseecam.com/how-to-wire-wired-security-cameras%EF%BC%9F/,0,0,0,1,138,"6, 43, 81, 9, 9, 12, 3, 6, 3, 9, 3, 3",2026-07-07 06:59:35,"Sitelinks, Reviews, Video, Video Carousel, People also ask, Popular products, Related searches, AI overview",informational,Organic
where are axis cameras manufactured,23,23,50,34,0,https://www.icseecam.com/where-are-axis-security-cameras-manufactured%EF%BC%9F/,0,0,0,0.01,150,"100, 63, 45, 45, 45, 81, 45, 36, 36, 27, 18, 18",2026-07-28 10:12:24,"Sitelinks, Reviews, Video, People also ask, Related searches, AI overview",informational,Organic
where are axis cameras manufactured,82,82,50,34,0,https://www.icseecam.com/fr/where-are-axis-security-cameras-manufactured%EF%BC%9F/,0,0,0,0.01,150,"100, 63, 45, 45, 45, 81, 45, 36, 36, 27, 18, 18",2026-07-28 10:12:24,"Sitelinks, Reviews, Video, People also ask, Related searches, AI overview",informational,Organic
where are axis cameras manufactured,87,87,50,34,0,https://www.icseecam.com/2024-biggest-security-camera-companies/,0,0,0,0.01,150,"100, 63, 45, 45, 45, 81, 45, 36, 36, 27, 18, 18",2026-07-28 10:12:24,"Sitelinks, Reviews, Video, People also ask, Related searches, AI overview",informational,Organic
where are axis cameras manufactured,96,96,50,34,0,https://icseecam.com/vi/where-are-axis-security-cameras-manufactured%EF%BC%9F/,0,0,0,0.01,150,"100, 63, 45, 45, 45, 81, 45, 36, 36, 27, 18, 18",2026-07-28 10:12:24,"Sitelinks, Reviews, Video, People also ask, Related searches, AI overview",informational,Organic
sigurnosne kamere prodaja,73,73,40,1,0,https://www.icseecam.com/hr/,0,0,0,0,111,"0, 0, 4, 100, 4, 0, 0, 0, 0, 0, 0, 0",2026-06-25 00:04:37,"Reviews, Video",informational,Organic
esse cloud app,42,42,50,18,0.81,https://www.icseecam.com/what-is-eseecloud/,0,0,0,0.13,164,"7, 7, 21, 21, 50, 64, 100, 35, 35, 50, 50, 35",2026-08-16 21:05:46,"Sitelinks, Reviews, Video, People also ask, Related searches",informational,Organic
esse cloud app,54,54,50,18,0.81,https://www.icseecam.com/eseecloud-app-download/,0,0,0,0.13,164,"7, 7, 21, 21, 50, 64, 100, 35, 35, 50, 50, 35",2026-08-16 21:05:46,"Sitelinks, Reviews, Video, People also ask, Related searches",informational,Organic
what security cameras work without a subscription,75,75,30,29,1.41,https://www.icseecam.com/best-home-security-camera-without-subscription/,0,0,0,1,124,"18, 18, 18, 18, 18, 18, 18, 18, 18, 18, 100, 63",2026-07-22 07:33:38,"Sitelinks, Reviews, Video, Video Carousel, People also ask, Popular products, Related searches, Discussions and forums, AI overview",informational,Organic
blink ring,55,55,110,37,1.56,https://www.icseecam.com/blink-vs-ring-camera-5-key-comparisons/,0,0,0,1,169,"29, 22, 35, 29, 29, 29, 22, 22, 22, 18, 22, 18",2026-07-24 15:54:13,"Image pack, Sitelinks, Reviews, Video, Video Carousel, People also ask, Related searches, AI overview",informational,Organic
best solar panel manufacturer,57,57,110,31,6.05,https://www.icseecam.com/top-10-solar-panels-manufacturers-in-the-world/,0,0,0,0.49,197,"33, 100, 100, 100, 66, 19, 9, 42, 42, 80, 14, 33",2026-08-11 01:06:41,"Sitelinks, Video, Video Carousel, People also ask, Related searches, Discussions and forums, AI overview",commercial,Organic
best solar panel manufacturer,60,60,110,31,6.05,https://www.icseecam.com/top-10-solar-panels-manufacturers-in-the-world/,0,0,0,0.49,197,"33, 100, 100, 100, 66, 19, 9, 42, 42, 80, 14, 33",2026-08-11 01:06:41,"Sitelinks, Video, Video Carousel, People also ask, Related searches, Discussions and forums, AI overview",commercial,Organic
solar connector types,90,90,260,15,0.41,https://www.icseecam.com/solar-panel-connector-types-differences/,0,0,0,1,184,"100, 82, 82, 100, 66, 66, 66, 66, 43, 53, 53, 43",2026-08-15 05:20:40,"Sitelinks, Video, People also ask, Popular products, Related searches, AI overview","commercial, informational",Organic
ring camera versus blink camera,43,43,40,16,1.59,https://www.icseecam.com/blink-vs-ring-camera-5-key-comparisons/,0,0,0,0.97,89,"0, 0, 0, 0, 0, 0, 14, 14, 14, 78, 78, 100",2026-07-21 22:51:16,"Sitelinks, Video, Video Carousel, People also ask, Related searches, Discussions and forums, AI overview",commercial,Organic
ring camera versus blink camera,55,55,40,16,1.59,https://www.icseecam.com/fr/blink-vs-ring-camera-5-key-comparisons/,0,0,0,0.97,89,"0, 0, 0, 0, 0, 0, 14, 14, 14, 78, 78, 100",2026-07-21 22:51:16,"Sitelinks, Video, Video Carousel, People also ask, Related searches, Discussions and forums, AI overview",commercial,Organic
home security cameras made in usa,63,63,50,7,2.39,https://www.icseecam.com/cellular-security-camera-manufacturers-in-the-usa/,0,0,0,1,184,"19, 33, 42, 42, 33, 33, 14, 9, 23, 9, 9, 9",2026-08-12 04:16:18,"Sitelinks, Reviews, Video, People also ask, Popular products, Related searches, AI overview",informational,Organic
mejores camaras de seguridad exterior,61,61,40,22,1.08,https://www.icseecam.com/es/top-5-long-range-security-camera-manufacturers/,0,0,0,1,177,"18, 18, 100, 18, 18, 18, 100, 18, 18, 18, 18, 18",2026-06-27 17:07:58,"Sitelinks, Video, Video Carousel, People also ask, Related searches, AI overview",informational,Organic
see see camera,47,47,590,42,1.37,https://www.icseecam.com/,0,0,0,0.91,223,"67, 67, 19, 19, 100, 81, 81, 67, 100, 81, 81, 81",2026-07-30 11:27:14,"Sitelinks, Reviews, Video, Video Carousel, People also ask, Popular products, Related searches, AI overview","commercial, informational",Organic
see see camera,54,54,590,42,1.37,https://www.icseecam.com/icsee/,0,0,0,0.91,223,"67, 67, 19, 19, 100, 81, 81, 67, 100, 81, 81, 81",2026-07-30 11:27:14,"Sitelinks, Reviews, Video, Video Carousel, People also ask, Popular products, Related searches, AI overview","commercial, informational",Organic
v380 pro manual,26,26,40,0,0,https://www.icseecam.com/v380-pro-camera-manual-beginners-guide/,0,0,0,0.33,100,"18, 18, 18, 100, 100, 18, 18, 18, 18, 18, 18, 18",2026-07-13 05:42:53,"Reviews, Video, Video Carousel, Related searches, AI overview",informational,Organic
best solar panels brands,70,70,50,48,3.18,https://www.icseecam.com/best-solar-panel-brands-in-2025-top-6-picks/,0,0,0,0.81,186,"7, 42, 53, 34, 11, 3, 7, 7, 11, 11, 7, 26",2026-08-13 06:03:26,"Sitelinks, Video, Video Carousel, People also ask, Related searches, AI overview",commercial,Organic
how to delete camera from ring app,49,49,90,28,0,https://www.icseecam.com/how-to-remove-ring-camera-history-on-ring-app/,0,0,0,0.33,134,"14, 78, 14, 78, 78, 78, 35, 100, 64, 50, 50, 50",2026-06-30 06:25:00,"Sitelinks, Reviews, Video, Video Carousel, People also ask, Related searches, Short videos, AI overview",informational,Organic
what does a blue light on a ring camera mean,25,25,70,13,0,https://www.icseecam.com/what-does-solid-blue-light-on-ring-cameras-mean%EF%BC%9F/,0,0,0,0.33,98,"100, 100, 63, 63, 63, 100, 45, 63, 81, 45, 45, 45",2026-07-16 05:52:31,"Sitelinks, Reviews, Video, Video Carousel, People also ask, Related searches, Discussions and forums, AI overview",informational,Organic
do cameras work without wifi,64,64,90,15,0,https://www.icseecam.com/do-security-cameras-need-wifi/,0,0,0,0.03,129,"66, 42, 42, 66, 80, 42, 42, 23, 33, 33, 52, 33",2026-07-13 23:06:15,"Sitelinks, Reviews, Video, People also ask, Related searches, Short videos, Discussions and forums, AI overview",informational,Organic
do cameras work without wifi,73,73,90,15,0,https://www.icseecam.com/do-security-cameras-need-wifi/,0,0,0,0.03,129,"66, 42, 42, 66, 80, 42, 42, 23, 33, 33, 52, 33",2026-07-13 23:06:15,"Sitelinks, Reviews, Video, People also ask, Related searches, Short videos, Discussions and forums, AI overview",informational,Organic
eseecloud customer service,25,25,70,12,0,https://www.icseecam.com/what-is-eseecloud/,0,0,0,0.08,83,"42, 33, 42, 52, 42, 42, 19, 19, 23, 14, 9, 9",2026-07-05 08:57:18,"Sitelinks, Reviews, Video, People also ask, Related searches",informational,Organic
eseecloud customer service,40,40,70,12,0,https://www.icseecam.com/contact/,0,0,0,0.08,83,"42, 33, 42, 52, 42, 42, 19, 19, 23, 14, 9, 9",2026-07-05 08:57:18,"Sitelinks, Reviews, Video, People also ask, Related searches",informational,Organic
whats better ring or blink,16,16,40,,1.17,https://www.icseecam.com/blink-vs-ring-camera-5-key-comparisons/,0,0,0,0.93,83,"11, 11, 29, 11, 11, 23, 11, 11, 11, 11, 64, 64",2026-07-21 14:44:26,"Sitelinks, Video, Video Carousel, People also ask, Related searches, Short videos, AI overview","commercial, informational",Organic
whats better ring or blink,45,45,40,,1.17,https://www.icseecam.com/blink-vs-ring-camera-5-key-comparisons/,0,0,0,0.93,83,"11, 11, 29, 11, 11, 23, 11, 11, 11, 11, 64, 64",2026-07-21 14:44:26,"Sitelinks, Video, Video Carousel, People also ask, Related searches, Short videos, AI overview","commercial, informational",Organic
whats better ring or blink,56,56,40,,1.17,https://www.icseecam.com/fr/blink-vs-ring-camera-5-key-comparisons/,0,0,0,0.93,83,"11, 11, 29, 11, 11, 23, 11, 11, 11, 11, 64, 64",2026-07-21 14:44:26,"Sitelinks, Video, Video Carousel, People also ask, Related searches, Short videos, AI overview","commercial, informational",Organic
us cellular camera,40,40,70,15,1.94,https://www.icseecam.com/cellular-security-camera-manufacturers-in-the-usa/,0,0,0,0.66,175,"11, 11, 15, 34, 53, 100, 7, 15, 26, 19, 42, 19",2026-08-08 18:43:28,"Sitelinks, Video, Ads bottom, People also ask, Popular products, Related searches, AI overview",commercial,Organic
cámaras con energía solar,48,48,40,19,0.33,https://www.icseecam.com/es/whats-the-best-solar-security-cameras/,0,0,0,0.94,181,"18, 18, 18, 100, 100, 18, 18, 18, 18, 18, 18, 0",2026-06-30 02:56:48,"Sitelinks, Reviews, Video, Video Carousel, People also ask, Popular products, Related searches","commercial, informational",Organic
eufy是什么牌子,75,75,50,11,0,https://www.icseecam.com/zh-TW/where-is-eufy-night-vision-security-camera-manufactured-in-usa-%EF%BC%9F/,0,0,0,0.74,109,"5, 5, 5, 10, 5, 5, 100, 7, 5, 5, 5, 5",2026-06-25 00:03:10,"People also ask, Related searches, AI overview",informational,Organic
top solar panels 2025,54,54,40,23,4.1,https://www.icseecam.com/best-solar-panel-brands-in-2025-top-6-picks/,0,0,0,0.54,159,"100, 71, 42, 100, 71, 71, 42, 28, 28, 28, 28, 28",2026-07-13 09:06:15,"Sitelinks, Video, Video Carousel, People also ask, Related searches",commercial,Organic
made in usa security cameras,85,85,110,13,2.71,https://www.icseecam.com/top-10-cctv-manufacturers-in-usa/,0,0,0,1,157,"53, 42, 53, 53, 34, 42, 26, 42, 26, 100, 26, 19",2026-07-11 07:24:30,"Sitelinks, Reviews, Video, People also ask, Popular products, Related searches, Discussions and forums, AI overview",informational,Organic
icsee camera application,44,44,70,47,0.16,https://www.icseecam.com/icsee-pro-app-download/,0,0,0,0.23,111,"45, 63, 45, 45, 36, 63, 100, 18, 100, 18, 100, 100",2026-07-04 05:29:46,"Sitelinks, Reviews, Video, Video Carousel, People also ask, Related searches, AI overview",informational,Organic
icsee camera application,52,52,70,47,0.16,https://www.icseecam.com/fr/download/,0,0,0,0.23,111,"45, 63, 45, 45, 36, 63, 100, 18, 100, 18, 100, 100",2026-07-04 05:29:46,"Sitelinks, Reviews, Video, Video Carousel, People also ask, Related searches, AI overview",informational,Organic
icsee camera application,56,56,70,47,0.16,https://www.icseecam.com/la/download/,0,0,0,0.23,111,"45, 63, 45, 45, 36, 63, 100, 18, 100, 18, 100, 100",2026-07-04 05:29:46,"Sitelinks, Reviews, Video, Video Carousel, People also ask, Related searches, AI overview",informational,Organic
icsee camera application,61,61,70,47,0.16,https://www.icseecam.com/es/download/,0,0,0,0.23,111,"45, 63, 45, 45, 36, 63, 100, 18, 100, 18, 100, 100",2026-07-04 05:29:46,"Sitelinks, Reviews, Video, Video Carousel, People also ask, Related searches, AI overview",informational,Organic
icsee camera application,65,65,70,47,0.16,https://www.icseecam.com/pt/download/,0,0,0,0.23,111,"45, 63, 45, 45, 36, 63, 100, 18, 100, 18, 100, 100",2026-07-04 05:29:46,"Sitelinks, Reviews, Video, Video Carousel, People also ask, Related searches, AI overview",informational,Organic
icsee camera application,66,66,70,47,0.16,https://www.icseecam.com/la/download/,0,0,0,0.23,111,"45, 63, 45, 45, 36, 63, 100, 18, 100, 18, 100, 100",2026-07-04 05:29:46,"Sitelinks, Reviews, Video, Video Carousel, People also ask, Related searches, AI overview",informational,Organic
icsee camera application,70,70,70,47,0.16,https://www.icseecam.com/lb/download/,0,0,0,0.23,111,"45, 63, 45, 45, 36, 63, 100, 18, 100, 18, 100, 100",2026-07-04 05:29:46,"Sitelinks, Reviews, Video, Video Carousel, People also ask, Related searches, AI overview",informational,Organic
icsee camera application,74,74,70,47,0.16,https://www.icseecam.com/es/download/,0,0,0,0.23,111,"45, 63, 45, 45, 36, 63, 100, 18, 100, 18, 100, 100",2026-07-04 05:29:46,"Sitelinks, Reviews, Video, Video Carousel, People also ask, Related searches, AI overview",informational,Organic
ptz outdoor camera,54,54,90,22,0.92,https://www.icseecam.com/top-7-ptz-outdoor-camera-brands-in-the-us/,0,0,0,1,211,"28, 8, 28, 11, 18, 5, 3, 8, 23, 11, 8, 11",2026-08-12 01:22:36,"Image pack, Sitelinks, Reviews, Video, Image, Video Carousel, People also ask, Popular products, Related searches, Discussions and forums, AI overview","commercial, informational",Organic
ahd camera meaning,85,85,70,0,0,https://www.icseecam.com/fr/what-is-ahd-camera-and-its-advantages/,0,0,0,0.33,172,"42, 33, 42, 33, 33, 52, 33, 23, 33, 33, 42, 9",2026-06-28 08:00:19,"Sitelinks, Video, Video Carousel, People also ask, Related searches, AI overview",informational,Organic
24 7 recording,60,60,70,18,3.01,https://www.icseecam.com/do-ring-cameras-record-24-7/,0,0,0,0.66,127,"26, 26, 26, 34, 26, 34, 19, 19, 19, 15, 19, 19",2026-07-10 18:56:18,"Sitelinks, Video, People also ask, Related searches, AI overview",informational,Organic
who owns wyze cameras,57,57,170,33,0,https://www.icseecam.com/where-is-wyze-security-camera-manufactured%EF%BC%9F/,0,0,0,0.33,134,"3, 1, 5, 3, 7, 8, 7, 13, 25, 8, 8, 8",2026-08-10 01:03:31,"Sitelinks, Reviews, Video, People also ask, Related searches, AI overview",informational,Organic
turret camera vs dome,58,58,90,12,0.94,https://www.icseecam.com/turret-cameras-vs-dome-cameras/,0,0,0,0.62,158,"29, 41, 64, 41, 41, 52, 64, 100, 52, 52, 82, 52",2026-07-28 11:25:43,"Sitelinks, Reviews, Video, People also ask, Related searches, AI overview","commercial, informational",Organic
is blink or ring doorbell better,45,45,70,31,0.67,https://www.icseecam.com/blink-vs-ring-camera-5-key-comparisons/,0,0,0,0.58,104,"64, 100, 11, 11, 64, 11, 11, 11, 11, 41, 41, 82",2026-08-17 23:13:17,"Sitelinks, Video, Video Carousel, People also ask, Related searches, AI overview",informational,Organic
cctv camera suppliers,76,0,30,51,2.7,https://www.icseecam.com/top-10-cctv-manufacturers-in-usa/,0,0,0,0.12,186,"75, 50, 100, 50, 25, 75, 50, 50, 50, 50, 100, 100",2026-08-18 23:17:57,"Local pack, Sitelinks, Reviews, Video, People also ask, Popular products, Related searches",commercial,Organic
icam365 share device,9,9,40,9,0,https://www.icseecam.com/icam365-ultimate-guide-2025/,0,0,0,0.33,90,"33, 0, 100, 0, 33, 14, 9, 0, 0, 9, 0, 9",2026-07-12 21:15:14,"Sitelinks, Reviews, Video, Video Carousel, People also ask, Related searches, AI overview",informational,Organic
security camera supplier,83,83,140,38,5.81,https://www.icseecam.com/top-10-cctv-manufacturers-in-usa/,0,0,0,0.27,198,"19, 12, 15, 10, 29, 15, 15, 12, 19, 12, 12, 15",2026-06-24 22:33:25,"Local pack, Sitelinks, Reviews, Video, Popular products, Related searches",commercial,Organic
data camera systems,71,71,30,31,11.85,https://www.icseecam.com/4g-cameras-the-ultimate-guide/,0,0,0,1,192,"57, 100, 57, 28, 28, 28, 28, 28, 28, 28, 28, 28",2026-07-20 00:50:34,"Sitelinks, Reviews, Video, Image, Video Carousel, People also ask, Popular products, Related searches, AI overview","commercial, informational",Organic
long range security camera,51,51,480,21,1.46,https://www.icseecam.com/top-5-long-range-security-camera-manufacturers/,0,0,0,1,174,"66, 81, 81, 100, 81, 81, 100, 66, 66, 54, 54, 44",2026-07-06 03:00:46,"Sitelinks, Reviews, Video, Image, People also ask, Popular products, Related searches, AI overview",commercial,Organic
can blink cameras record 24 7,27,27,40,11,6.84,https://www.icseecam.com/do-blink-cameras-record-24-7/,0,0,0,0.07,107,"64, 41, 82, 52, 0, 0, 0, 0, 0, 0, 0, 0",2026-08-17 21:00:38,"Sitelinks, Video, Video Carousel, People also ask, Related searches, AI overview",informational,Organic
can blink cameras record 24 7,28,28,40,11,6.84,https://www.icseecam.com/do-blink-cameras-record-24-7/,0,0,0,0.07,107,"64, 41, 82, 52, 0, 0, 0, 0, 0, 0, 0, 0",2026-08-17 21:00:38,"Sitelinks, Video, Video Carousel, People also ask, Related searches, AI overview",informational,Organic
ring 24 hour recording,41,41,70,30,1.82,https://www.icseecam.com/do-ring-cameras-record-24-7/,0,0,0,0.66,183,"100, 41, 29, 41, 29, 41, 29, 23, 41, 29, 41, 11",2026-07-04 15:26:46,"Sitelinks, Video, Video Carousel, People also ask, Related searches, AI overview",informational,Organic
solar module manufacturers usa,84,80,140,54,3.61,https://www.icseecam.com/top-10-solar-panel-manufacturers-in-the-usa-2025/,0,0,0,0.43,192,"0, 0, 0, 0, 2, 0, 66, 53, 66, 100, 100, 2",2026-08-18 19:11:28,"Local pack, Sitelinks, Video, People also ask, Related searches, AI overview",informational,Organic
seeing camera app subscription-free,47,47,70,31,0,https://www.icseecam.com/top-subscription-free-security-cameras/,0,0,0,0.02,139,"0, 0, 0, 0, 0, 0, 4, 66, 80, 100, 52, 66",2026-08-15 16:07:49,"Reviews, Video, People also ask, Related searches, AI overview",informational,Organic
long range camera surveillance,64,64,70,18,1.56,https://www.icseecam.com/top-5-long-range-security-camera-manufacturers/,0,0,0,1,184,"64, 82, 5, 64, 0, 100, 52, 41, 17, 41, 11, 29",2026-08-09 06:24:37,"Sitelinks, Reviews, Video, Image, People also ask, Popular products, Related searches, Discussions and forums, AI overview","commercial, informational",Organic
ycc365plus rtsp,33,33,40,9,0,https://www.icseecam.com/fr/ycc365-plus-camera/,0,0,0,0,114,"100, 0, 0, 12, 2, 0, 0, 0, 0, 0, 0",2026-06-27 01:18:15,"Sitelinks, Reviews, Video, People also ask, Related searches",informational,Organic
ycc365plus rtsp,42,42,40,9,0,https://www.icseecam.com/ycc365-plus/,0,0,0,0,114,"100, 0, 0, 12, 2, 0, 0, 0, 0, 0, 0",2026-06-27 01:18:15,"Sitelinks, Reviews, Video, People also ask, Related searches",informational,Organic
ycc365plus rtsp,52,52,40,9,0,https://www.icseecam.com/how-to-connect-ycc365-cameras/,0,0,0,0,114,"100, 0, 0, 12, 2, 0, 0, 0, 0, 0, 0",2026-06-27 01:18:15,"Sitelinks, Reviews, Video, People also ask, Related searches",informational,Organic
nest or ring camera,50,50,70,29,1.41,https://www.icseecam.com/nest-vs-ring-doorbell-camera/,0,0,0,0.98,167,"3, 3, 18, 3, 3, 3, 18, 23, 3, 28, 11, 11",2026-07-07 05:37:50,"Sitelinks, Reviews, Video, Video Carousel, People also ask, Related searches, AI overview",commercial,Organic
orbs on security cameras,23,23,40,11,0,https://www.icseecam.com/what-are-orbs-on-security-cameras%EF%BC%9F/,0,0,0,0.33,124,"7, 10, 12, 10, 10, 10, 12, 12, 12, 10, 10, 7",2026-07-07 15:16:45,"Sitelinks, Video, Video Carousel, People also ask, Related searches, AI overview",informational,Organic
american security camera company,75,75,30,22,5.25,https://www.icseecam.com/top-10-cctv-manufacturers-in-usa/,0,0,0,0.76,195,"18, 18, 45, 45, 18, 18, 18, 18, 18, 18, 18, 18",2026-08-08 16:34:39,"Local pack, Sitelinks, Reviews, Video, People also ask, Popular products, Related searches, AI overview","commercial, informational",Organic
is lorex a chinese company,90,90,50,37,0,https://www.icseecam.com/where-are-lorex-cameras-manufactured/,0,0,0,0.33,174,"52, 41, 41, 17, 41, 29, 64, 11, 41, 17, 11, 17",2026-07-08 04:35:27,"Reviews, People also ask, Related searches, AI overview",informational,Organic
best security cameras without a subscription,54,54,40,26,1.04,https://www.icseecam.com/best-home-security-camera-without-subscription/,0,0,0,1,99,"33, 33, 100, 33, 22, 44, 100, 55, 22, 22, 55, 22",2026-06-27 23:26:31,"Sitelinks, Reviews, Video, Ads bottom, Video Carousel, People also ask, Popular products, Related searches, Discussions and forums, AI overview",commercial,Organic
are motion sensors cameras,84,84,40,9,0,https://www.icseecam.com/continuous-recording-security-camera-vs-motion-sensor/,0,0,0,0.25,191,"22, 44, 44, 55, 33, 44, 55, 33, 33, 44, 33, 44",2026-07-14 23:44:17,"Sitelinks, Reviews, Video, People also ask, Related searches, AI overview",informational,Organic
security camera systems for schools,78,78,90,12,7.65,https://www.icseecam.com/school-security-cameras-trusted-brands-reviewed/,0,0,0,1,150,"35, 64, 64, 21, 100, 100, 64, 50, 35, 50, 50, 50",2026-08-09 05:02:22,"Sitelinks, Reviews, Video, Video Carousel, People also ask, Popular products, Related searches, AI overview","commercial, informational",Organic
what does poe camera mean,87,87,90,13,0.55,https://www.icseecam.com/what-is-a-poe-camera/,0,0,0,0.46,145,"64, 11, 64, 64, 64, 100, 64, 82, 23, 29, 29, 41",2026-07-16 23:48:47,"Reviews, Video, Video Carousel, People also ask, Related searches, AI overview",informational,Organic
are solar-powered security cameras worth it,87,87,70,23,0,https://www.icseecam.com/battery-vs-solar-powered-security-camera/,0,0,0,0,128,"52, 82, 100, 100, 64, 41, 11, 0, 0, 5, 11, 5",2026-06-27 07:15:37,"Sitelinks, Video, Video Carousel, People also ask, Related searches, Discussions and forums, AI overview",informational,Organic
cameras that record all the time,65,65,40,10,2.09,https://www.icseecam.com/top-continuous-recording-security-camera-brands/,0,0,0,1,123,"81, 45, 63, 63, 63, 18, 18, 18, 18, 18, 18, 18",2026-07-23 05:06:48,"Sitelinks, Reviews, Video, People also ask, Popular products, Related searches, Discussions and forums, AI overview",informational,Organic
major solar panel manufacturers,74,74,140,32,9.97,https://www.icseecam.com/top-10-solar-panel-manufacturers-in-the-usa-2025/,0,0,0,0.08,128,"53, 34, 34, 34, 53, 43, 34, 34, 43, 34, 43, 65",2026-07-25 13:53:16,"Sitelinks, Video, People also ask, Related searches, AI overview",informational,Organic
solar powered outdoor ip camera,55,55,70,19,0.94,https://www.icseecam.com/product-category/solar-security-camera/,0,0,0,1,196,"41, 17, 64, 82, 100, 41, 11, 11, 11, 11, 17, 17",2026-07-29 06:53:40,"Sitelinks, Reviews, Video, Video Carousel, Popular products, Related searches, Discussions and forums, AI overview","commercial, informational",Organic
video surveillance camera manufacturers,61,61,110,27,3.84,https://www.icseecam.com/top-10-cctv-manufacturers-in-the-world/,0,0,0,0.19,192,"82, 64, 64, 64, 64, 29, 41, 64, 64, 82, 52, 52",2026-08-10 05:59:03,"Local pack, Sitelinks, Reviews, Video, Featured snippet, Video Carousel, People also ask, Popular products, Related searches, Discussions and forums",commercial,Organic
does blink camera record,47,47,50,18,0,https://www.icseecam.com/do-blink-cameras-record-24-7/,0,0,0,0.08,108,"14, 42, 14, 42, 19, 33, 42, 42, 9, 0, 14, 14",2026-06-27 08:49:42,"Sitelinks, Video, People also ask, Related searches, AI overview",informational,Organic
best no subscription security camera,46,46,480,28,1.08,https://www.icseecam.com/best-home-security-camera-without-subscription/,0,0,0,1,116,"66, 66, 100, 66, 66, 81, 100, 81, 54, 54, 81, 66",2026-07-24 09:53:29,"Sitelinks, Reviews, Video, Video Carousel, People also ask, Related searches, Discussions and forums, AI overview",commercial,Organic
connect ring camera to new wifi,61,61,170,28,0.01,https://www.icseecam.com/how-to-reconnect-ring-camera-to-wifi/,0,0,0,0.02,126,"80, 53, 80, 100, 65, 100, 100, 65, 34, 34, 80, 3",2026-07-26 21:43:04,"Sitelinks, Reviews, Video, Video Carousel, People also ask, Related searches, AI overview",informational,Organic
icsee ptz zoom ip camera,32,32,50,22,0,https://www.icseecam.com/icsee/,0,0,0,0,170,"19, 33, 80, 52, 100, 9, 0, 9, 9, 9, 9, 0",2026-07-29 04:00:44,"Reviews, Video, People also ask, Popular products, Related searches, AI overview","commercial, informational",Organic
icsee ptz zoom ip camera,38,38,50,22,0,https://www.icseecam.com/product/a28-dual-lens-wifi-camera/,0,0,0,0,170,"19, 33, 80, 52, 100, 9, 0, 9, 9, 9, 9, 0",2026-07-29 04:00:44,"Reviews, Video, People also ask, Popular products, Related searches, AI overview","commercial, informational",Organic
icsee ptz zoom ip camera,41,41,50,22,0,https://www.icseecam.com/ptz-camera-manufacturer/,0,0,0,0,170,"19, 33, 80, 52, 100, 9, 0, 9, 9, 9, 9, 0",2026-07-29 04:00:44,"Reviews, Video, People also ask, Popular products, Related searches, AI overview","commercial, informational",Organic
icsee ptz zoom ip camera,48,48,50,22,0,https://www.icseecam.com/product-category/icsee/,0,0,0,0,170,"19, 33, 80, 52, 100, 9, 0, 9, 9, 9, 9, 0",2026-07-29 04:00:44,"Reviews, Video, People also ask, Popular products, Related searches, AI overview","commercial, informational",Organic
how do i connect to my ring camera,58,58,40,19,0,https://www.icseecam.com/how-to-reconnect-ring-camera-to-wifi/,0,0,0,0.08,98,"11, 11, 100, 41, 11, 11, 11, 11, 11, 11, 11, 11",2026-08-09 07:05:59,"Video, Video Carousel, People also ask, Related searches, AI overview",informational,Organic
solar panel brand,71,0,30,32,5.02,https://www.icseecam.com/best-solar-panel-brands-in-2025-top-6-picks/,0,0,0,0.64,187,"44, 22, 33, 44, 11, 22, 22, 11, 11, 11, 100, 11",2026-08-18 22:24:50,"Image pack, Sitelinks, Video, People also ask, Popular products, Related searches, AI overview",commercial,Organic
solar panels american made,80,80,50,45,2.16,https://www.icseecam.com/top-10-solar-panel-manufacturers-in-the-usa-2025/,0,0,0,1,187,"100, 11, 41, 41, 41, 64, 5, 17, 11, 0, 0, 11",2026-07-21 13:01:38,"Sitelinks, Video, Video Carousel, People also ask, Popular products, Related searches, Discussions and forums, AI overview","commercial, informational",Organic
dual security camera,46,46,40,14,1.51,https://www.icseecam.com/10-best-dual-lens-security-camera-manufacturers/,0,0,0,1,220,"7, 7, 11, 7, 7, 7, 19, 53, 7, 7, 7, 19",2026-07-09 09:43:19,"Sitelinks, Video, Image, Video Carousel, People also ask, Popular products, Related searches",transactional,Organic
essee cloud,32,32,210,18,1.23,https://www.icseecam.com/what-is-eseecloud/,0,0,0,0.17,127,"4, 4, 32, 14, 14, 100, 21, 11, 3, 32, 4, 4",2026-07-03 13:51:32,"Sitelinks, Reviews, Video, Video Carousel, People also ask, Related searches, AI overview",informational,Organic
essee cloud,52,52,210,18,1.23,https://www.icseecam.com/what-is-eseecloud/,0,0,0,0.17,127,"4, 4, 32, 14, 14, 100, 21, 11, 3, 32, 4, 4",2026-07-03 13:51:32,"Sitelinks, Reviews, Video, Video Carousel, People also ask, Related searches, AI overview",informational,Organic
are ring cameras connected to wifi,49,49,50,15,0,https://www.icseecam.com/do-ring-cameras-work-without-wifi/,0,0,0,0.02,143,"11, 100, 64, 11, 11, 11, 11, 11, 11, 17, 41, 11",2026-07-06 00:48:03,"Sitelinks, Reviews, Video, Video Carousel, People also ask, Related searches, AI overview",informational,Organic
usa camera brands,68,68,50,27,0,https://www.icseecam.com/top-10-cctv-manufacturers-in-usa/,0,0,0,0.06,177,"7, 7, 7, 7, 7, 100, 26, 26, 7, 7, 7, 7",2026-07-30 23:26:37,"Sitelinks, Reviews, Video, People also ask, Popular products, Related searches, AI overview",informational,Organic
how to connect ring to internet,64,64,70,28,0.01,https://www.icseecam.com/how-to-reconnect-ring-camera-to-wifi/,0,0,0,0.07,138,"17, 5, 5, 28, 5, 28, 12, 35, 17, 10, 12, 5",2026-07-31 13:23:06,"Video, Video Carousel, People also ask, Related searches, Discussions and forums, AI overview",informational,Organic
esee cloud app,40,40,70,41,0.81,https://www.icseecam.com/what-is-eseecloud/,0,0,0,0.13,140,"27, 63, 36, 45, 81, 45, 45, 63, 81, 100, 100, 81",2026-08-09 05:40:41,"Sitelinks, Reviews, Video, People also ask, Related searches",informational,Organic
esee cloud app,52,52,70,41,0.81,https://www.icseecam.com/eseecloud-app-download/,0,0,0,0.13,140,"27, 63, 36, 45, 81, 45, 45, 63, 81, 100, 100, 81",2026-08-09 05:40:41,"Sitelinks, Reviews, Video, People also ask, Related searches",informational,Organic
blink continuous recording,31,31,70,22,2.49,https://www.icseecam.com/do-blink-cameras-record-24-7/,0,0,0,0.17,105,"53, 42, 34, 34, 42, 34, 34, 19, 15, 11, 26, 7",2026-08-07 20:46:30,"Sitelinks, Video, Video Carousel, People also ask, Related searches, AI overview",informational,Organic
what are orbs on security cameras,26,36,40,8,0,https://www.icseecam.com/what-are-orbs-on-security-cameras%EF%BC%9F/,0,0,0,0.33,105,"5, 5, 5, 5, 5, 5, 35, 28, 5, 7, 5, 5",2026-08-18 17:06:48,"Sitelinks, Video, Video Carousel, People also ask, Related searches, AI overview",informational,Organic
how long does blink store footage,59,59,40,14,0,https://www.icseecam.com/do-blink-cameras-record-24-7/,0,0,0,0.01,100,"4, 4, 4, 22, 22, 4, 4, 4, 4, 4, 4, 4",2026-07-12 20:43:36,"Sitelinks, Video, People also ask, Related searches, AI overview",informational,Organic
ring v blink,39,39,30,17,1.8,https://www.icseecam.com/blink-vs-ring-camera-5-key-comparisons/,0,0,0,0.65,170,"3, 3, 10, 0, 2, 2, 2, 1, 0, 1, 0, 0",2026-07-31 13:06:14,"Sitelinks, Video, People also ask, Related searches, Discussions and forums, AI overview","commercial, informational",Organic
ring v blink,59,59,30,17,1.8,https://www.icseecam.com/de/blink-vs-ring-camera-5-key-comparisons/,0,0,0,0.65,170,"3, 3, 10, 0, 2, 2, 2, 1, 0, 1, 0, 0",2026-07-31 13:06:14,"Sitelinks, Video, People also ask, Related searches, Discussions and forums, AI overview","commercial, informational",Organic
home security cameras with no subscription,59,59,40,32,2.21,https://www.icseecam.com/best-home-security-camera-without-subscription/,0,0,0,0.99,109,"36, 100, 18, 18, 18, 18, 18, 36, 27, 100, 27, 18",2026-06-28 03:59:06,"Sitelinks, Video, People also ask, Popular products, Related searches, Short videos, AI overview",commercial,Organic
what is a ghost camera,86,86,170,16,0,https://www.icseecam.com/what-causes-ghost-images-on-security-cameras/,0,0,0,0.33,159,"22, 29, 22, 14, 22, 4, 29, 29, 54, 100, 43, 43",2026-07-09 16:19:59,"Sitelinks, Reviews, Video, Video Carousel, People also ask, Related searches, AI overview",informational,Organic
what is a ghost camera,94,94,170,16,0,https://www.icseecam.com/what-causes-ghost-images-on-security-cameras/,0,0,0,0.33,159,"22, 29, 22, 14, 22, 4, 29, 29, 54, 100, 43, 43",2026-07-09 16:19:59,"Sitelinks, Reviews, Video, Video Carousel, People also ask, Related searches, AI overview",informational,Organic
do cameras need wifi,71,71,90,11,2.58,https://www.icseecam.com/do-security-cameras-need-wifi/,0,0,0,0.23,180,"81, 100, 100, 100, 63, 100, 100, 63, 81, 63, 81, 81",2026-07-08 02:37:14,"Sitelinks, Reviews, Video, Video Carousel, People also ask, Related searches, Short videos, Discussions and forums, AI overview",informational,Organic
blink camera live view continuous,37,37,70,15,0,https://www.icseecam.com/do-blink-cameras-record-24-7/,0,0,0,0.01,101,"50, 35, 78, 14, 14, 78, 78, 100, 14, 14, 14, 14",2026-07-08 19:14:49,"Sitelinks, Video, Video Carousel, People also ask, Related searches, AI overview",informational,Organic
is eufy owned by anker,32,32,50,26,0,https://www.icseecam.com/where-is-eufy-night-vision-security-camera-manufactured-in-usa-%EF%BC%9F/,0,0,0,0.02,146,"9, 9, 9, 80, 9, 100, 52, 9, 9, 9, 9, 9",2026-06-25 11:23:24,"Sitelinks, Video, People also ask, Related searches, AI overview",informational,Organic
blink versus ring cameras,43,43,30,20,1.17,https://www.icseecam.com/blink-vs-ring-camera-5-key-comparisons/,0,0,0,0.47,158,"11, 11, 11, 11, 11, 17, 100, 11, 11, 11, 11, 11",2026-07-13 04:45:08,"Sitelinks, Video, Video Carousel, People also ask, Related searches, Discussions and forums, AI overview","commercial, informational",Organic
best security cameras for schools,72,0,40,7,0,https://www.icseecam.com/school-security-cameras-trusted-brands-reviewed/,0,0,0,0.79,189,"2, 5, 4, 7, 5, 3, 4, 4, 4, 3, 5, 4",2026-08-18 18:32:57,"Sitelinks, Reviews, Video, People also ask, Popular products, Related searches, AI overview",commercial,Organic
security cameras companies,84,84,260,72,15.84,https://www.icseecam.com/top-10-cctv-manufacturers-in-usa/,0,0,0,0.65,211,"3, 20, 13, 13, 13, 16, 16, 13, 7, 8, 8, 46",2026-08-12 08:58:01,"Local pack, Sitelinks, Reviews, Video, People also ask, Popular products, Related searches",commercial,Organic
best solar panel producers,75,75,70,43,6.05,https://www.icseecam.com/top-10-solar-panels-manufacturers-in-the-world/,0,0,0,0.49,191,"78, 50, 50, 64, 50, 35, 28, 35, 35, 50, 35, 35",2026-08-11 09:11:40,"Sitelinks, Video, People also ask, Related searches, Discussions and forums, AI overview",commercial,Organic
best ptz cam,52,52,50,13,0.93,https://www.icseecam.com/top-10-ptz-camera-brands-for-home-security-in-2025/,0,0,0,1,157,"0, 82, 0, 0, 0, 23, 100, 11, 23, 41, 29, 17",2026-07-09 11:47:02,"Sitelinks, Reviews, Video, Image, Video Carousel, People also ask, Popular products, Related searches, Discussions and forums, AI overview",commercial,Organic
cameras without subscription,56,56,590,28,1.46,https://www.icseecam.com/best-home-security-camera-without-subscription/,0,0,0,1,186,"32, 59, 59, 59, 59, 100, 72, 59, 72, 72, 48, 48",2026-08-02 08:07:23,"Sitelinks, Reviews, Video, Image, People also ask, Popular products, Related searches, Short videos, Discussions and forums, AI overview","commercial, informational",Organic
como conectar camara ring a wifi,31,31,40,19,0,https://www.icseecam.com/es/how-to-reconnect-ring-camera-to-wifi/,0,0,0,0.05,105,"11, 11, 23, 11, 11, 23, 11, 11, 11, 100, 11, 11",2026-07-15 21:14:22,"Video, Video Carousel, People also ask, Related searches, Discussions and forums, AI overview",informational,Organic
b380 pro camera,26,26,40,36,0,https://www.icseecam.com/what-is-v380-and-v380-pro/,0,0,0,0.33,169,"0, 14, 14, 78, 14, 14, 100, 14, 14, 14, 14, 14",2026-07-12 20:56:03,"Sitelinks, Reviews, Video, People also ask, Popular products, Related searches, AI overview","commercial, informational",Organic
how long do home security cameras keep footage,99,99,40,18,0,https://www.icseecam.com/how-long-do-security-cameras-keep-footage/,0,0,0,0.04,134,"4, 18, 8, 6, 4, 4, 10, 4, 6, 10, 4, 6",2026-08-13 05:21:04,"Sitelinks, Reviews, Video, People also ask, Related searches, AI overview",informational,Organic
blue light ring camera,28,28,70,12,0,https://www.icseecam.com/what-does-solid-blue-light-on-ring-cameras-mean%EF%BC%9F/,0,0,0,0.02,174,"64, 64, 64, 100, 35, 50, 35, 35, 35, 35, 35, 35",2026-06-25 01:17:12,"Sitelinks, Video, Video Carousel, People also ask, Related searches, Short videos, AI overview",informational,Organic
china solar panels manufacturers,74,0,30,28,3.13,https://www.icseecam.com/2025-top-10-solar-panel-manufacturers-in-china/,0,0,0,0.46,126,"0, 0, 23, 5, 52, 29, 29, 11, 0, 11, 29, 11",2026-08-19 00:59:20,"Knowledge panel, Sitelinks, Reviews, Video, People also ask, Related searches, Discussions and forums, AI overview",informational,Organic
best enterprise security companies offering cellular trail camera systems,37,37,50,22,0,https://www.icseecam.com/cellular-security-camera-manufacturers-in-the-usa/,0,0,0,0,159,"100, 9, 18",2026-08-12 20:26:43,"Sitelinks, Reviews, Video, Video Carousel, People also ask, Related searches, AI overview",commercial,Organic
ring camera blue light staying on,30,22,50,15,0,https://www.icseecam.com/what-does-solid-blue-light-on-ring-cameras-mean%EF%BC%9F/,0,0,0,0.33,105,"0, 0, 0, 66, 33, 100, 33, 9, 9, 9, 9, 9",2026-08-18 13:55:36,"Sitelinks, Video, Video Carousel, People also ask, Related searches, AI overview",informational,Organic
american camera brands,44,44,70,24,0,https://www.icseecam.com/top-10-cctv-manufacturers-in-usa/,0,0,0,0.05,165,"5, 5, 5, 5, 5, 100, 17, 17, 17, 17, 12, 12",2026-07-20 19:39:02,"Image pack, Sitelinks, Reviews, Video, Video Carousel, People also ask, Related searches, Discussions and forums, AI overview",informational,Organic
solar products manufacturers in china,73,73,70,44,3.13,https://www.icseecam.com/2025-top-10-solar-panel-manufacturers-in-china/,0,0,0,0.46,128,"78, 50, 64, 50, 100, 78, 35, 35, 50, 50, 50, 50",2026-08-16 22:37:01,"Knowledge panel, Sitelinks, Reviews, Video, People also ask, Related searches, AI overview",informational,Organic
dual lens outdoor security camera,37,37,40,20,0.95,https://www.icseecam.com/10-best-dual-lens-security-camera-manufacturers/,0,0,0,0.86,223,"18, 18, 100, 18, 18, 18, 18, 100, 18, 18, 18, 18",2026-08-07 02:45:59,"Sitelinks, Reviews, Video, Video Carousel, People also ask, Popular products, Related searches, Discussions and forums",commercial,Organic
us solar manufacturers,74,74,480,52,3.37,https://www.icseecam.com/top-10-solar-panel-manufacturers-in-the-usa-2025/,0,0,0,1,130,"81, 66, 66, 100, 66, 81, 66, 66, 66, 81, 54, 81",2026-07-26 19:21:20,"Sitelinks, Video, People also ask, Related searches, Discussions and forums, AI overview",informational,Organic
home camera battery power,52,52,70,33,0,https://www.icseecam.com/how-do-you-power-a-wireless-security-camera/,0,0,0,0.33,201,"28, 100, 28, 28, 35, 7, 0, 0, 0, 0, 2, 0",2026-06-29 17:30:15,"Sitelinks, Reviews, Video, Video Carousel, People also ask, Popular products, Related searches, Discussions and forums",commercial,Organic
vivint hq,81,81,260,31,0,https://www.icseecam.com/where-are-vivint-cameras-made-in-usa/,0,0,0,0.33,106,"100, 53, 53, 82, 53, 66, 66, 66, 66, 66, 100, 82",2026-07-31 07:44:01,"Image pack, Sitelinks, Reviews, People also ask, Related searches, AI overview",informational,Organic
best american made security cameras,78,78,30,4,1.97,https://www.icseecam.com/top-10-cctv-manufacturers-in-usa/,0,0,0,1,159,"17, 17, 29, 23, 23, 23, 23, 23, 11, 11, 11, 17",2026-07-23 23:36:14,"Sitelinks, Reviews, Video, People also ask, Popular products, Related searches, AI overview",commercial,Organic
cctv cameras for schools,77,77,880,15,13.71,https://www.icseecam.com/school-security-cameras-trusted-brands-reviewed/,0,0,0,0.48,184,"76, 67, 10, 45, 100, 76, 76, 100, 45, 55, 67, 76",2026-07-25 15:42:10,"Sitelinks, Reviews, Video, Image, People also ask, Popular products, Related searches, AI overview","commercial, informational",Organic
noise detecting camera,36,36,70,19,0.81,https://www.icseecam.com/top-10-sound-detection-security-camera-manufacturers/,0,0,0,0.28,173,"14, 23, 42, 33, 19, 42, 66, 100, 80, 9, 4, 4",2026-06-29 23:06:34,"Sitelinks, Reviews, Video, Video Carousel, People also ask, Popular products, Related searches, Discussions and forums, AI overview",informational,Organic
security camera data plan,62,62,30,22,1.52,https://www.icseecam.com/4g-cameras-the-ultimate-guide/,0,0,0,1,182,"18, 18, 18, 100, 100, 9, 0, 18, 0, 0, 0, 0",2026-06-30 20:09:34,"Sitelinks, Video, Video Carousel, People also ask, Popular products, Related searches, AI overview",informational,Organic
outdoor security cameras with sound,80,80,30,28,2.17,https://www.icseecam.com/top-10-sound-detection-security-camera-manufacturers/,0,0,0,1,222,"23, 19, 14, 14, 19, 9, 9, 9, 9, 9, 9, 9",2026-07-31 04:08:39,"Sitelinks, Reviews, Video, Video Carousel, People also ask, Popular products, Related searches, Discussions and forums, AI overview","commercial, informational",Organic
best home camera system without subscription,50,50,720,31,3.67,https://www.icseecam.com/best-home-security-camera-without-subscription/,0,0,0,1,182,"72, 72, 59, 59, 72, 100, 88, 88, 88, 59, 72, 100",2026-08-17 09:53:53,"Sitelinks, Video, Image, Video Carousel, People also ask, Popular products, Related searches, AI overview",commercial,Organic
are ring and blink the same,56,56,110,24,0,https://www.icseecam.com/blink-vs-ring-camera-5-key-comparisons/,0,0,0,0.09,89,"19, 34, 100, 42, 26, 65, 34, 34, 53, 100, 19, 7",2026-07-25 18:53:07,"Sitelinks, Reviews, Video, Video Carousel, People also ask, Related searches, Discussions and forums, AI overview",informational,Organic
cctv manufacturers,54,54,30,20,4.66,https://www.icseecam.com/top-10-cctv-manufacturers-in-china/,0,0,0,0.11,117,"100, 18, 18, 18, 18, 18, 45, 18, 18, 18, 18, 36",2026-07-07 12:58:54,"Local pack, Sitelinks, Reviews, Video, People also ask, Related searches, AI overview",informational,Organic
long range cctv,63,63,140,22,1.46,https://www.icseecam.com/top-5-long-range-security-camera-manufacturers/,0,0,0,1,178,"54, 28, 15, 35, 35, 15, 18, 18, 11, 11, 28, 11",2026-07-10 03:24:33,"Sitelinks, Reviews, Video, Image, Video Carousel, People also ask, Popular products, Related searches, Discussions and forums, AI overview",commercial,Organic
what does blue light mean on ring camera,24,24,90,15,0,https://www.icseecam.com/what-does-solid-blue-light-on-ring-cameras-mean%EF%BC%9F/,0,0,0,0.33,104,"35, 50, 50, 78, 50, 50, 78, 50, 78, 64, 78, 50",2026-07-07 09:35:53,"Sitelinks, Reviews, Video, Video Carousel, People also ask, Related searches, Short videos, AI overview",informational,Organic
ring camera blinking blue when charging,46,46,40,22,0,https://www.icseecam.com/what-does-solid-blue-light-on-ring-cameras-mean%EF%BC%9F/,0,0,0,0.33,85,"7, 7, 7, 7, 7, 7, 15, 53, 42, 7, 7, 7",2026-07-09 01:55:01,"Sitelinks, Reviews, Video, Video Carousel, People also ask, Related searches, Short videos, AI overview",informational,Organic
como conectar mi ring a wifi,37,37,40,22,0,https://www.icseecam.com/es/how-to-reconnect-ring-camera-to-wifi/,0,0,0,0.04,103,"18, 18, 81, 18, 36, 18, 18, 36, 100, 18, 18, 18",2026-07-15 19:16:57,"Sitelinks, Video, Video Carousel, People also ask, Related searches, Discussions and forums, AI overview",informational,Organic
i cam 365,42,42,140,32,2.17,https://www.icseecam.com/icam365-ultimate-guide-2025/,0,0,0,0.26,127,"28, 28, 53, 53, 81, 53, 43, 100, 43, 6, 53, 9",2026-08-14 13:25:01,"Sitelinks, Reviews, Video, Video Carousel, People also ask, Related searches, Short videos, Things to know",informational,Organic
cellular based security cameras,40,40,90,26,2.58,https://www.icseecam.com/cellular-security-camera-manufacturers-in-the-usa/,0,0,0,1,177,"15, 26, 19, 34, 42, 34, 34, 26, 26, 53, 19, 34",2026-07-29 07:24:14,"Sitelinks, Video, Video Carousel, People also ask, Popular products, Related searches, AI overview","commercial, informational",Organic
usa solar panel manufacturers,82,82,30,52,3.42,https://www.icseecam.com/top-10-solar-panel-manufacturers-in-the-usa-2025/,0,0,0,0.44,195,"5, 2, 12, 12, 7, 0, 12, 10, 10, 10, 7, 7",2026-07-31 11:18:01,"Local pack, Sitelinks, Video, People also ask, Popular products, Related searches, Discussions and forums, AI overview",informational,Organic
best solar panel brands,63,63,720,35,3.92,https://www.icseecam.com/best-solar-panel-brands-in-2025-top-6-picks/,0,0,0,0.8,175,"45, 36, 67, 100, 76, 55, 45, 55, 55, 36, 45, 45",2026-07-20 11:14:59,"Sitelinks, Video, Video Carousel, People also ask, Related searches, AI overview",commercial,Organic
best solar panel brands,68,68,720,35,3.92,https://www.icseecam.com/best-solar-panel-brands-in-2025-top-6-picks/,0,0,0,0.8,175,"45, 36, 67, 100, 76, 55, 45, 55, 55, 36, 45, 45",2026-07-20 11:14:59,"Sitelinks, Video, Video Carousel, People also ask, Related searches, AI overview",commercial,Organic
best wired security camera system for home,77,77,40,29,3.79,https://www.icseecam.com/5-best-wired-home-security-camera-systems-2026/,0,0,0,1,155,"21, 28, 28, 50, 35, 50, 14, 35, 28, 14, 14, 28",2026-06-27 23:02:06,"Sitelinks, Reviews, Video, Video Carousel, Popular products, Related searches, Discussions and forums, AI overview",commercial,Organic
ring versus google nest doorbell,64,64,50,26,0.83,https://www.icseecam.com/nest-vs-ring-doorbell-camera/,0,0,0,0.66,101,"63, 36, 45, 45, 36, 45, 0, 81, 63, 63, 18, 18",2026-07-11 08:48:02,"Sitelinks, Reviews, Video, Video Carousel, People also ask, Related searches, Discussions and forums, AI overview",commercial,Organic
arlo solar powered cameras,35,35,50,17,0.65,https://www.icseecam.com/best-arlo-solar-security-cameras-2025-guide/,0,0,0,0.86,164,"18, 18, 18, 100, 81, 100, 81, 18, 18, 18, 63, 18",2026-06-30 22:52:35,"Sitelinks, Reviews, Video, People also ask, Popular products, Related searches, AI overview",transactional,Organic
best ptz security camera brands,85,85,170,24,0,https://www.icseecam.com/top-10-ptz-camera-brands-for-home-security-in-2025/,0,0,0,0,154,"66, 12, 100, 7, 17",2026-07-11 00:51:06,"Sitelinks, Reviews, Video, Image, Video Carousel, People also ask, Popular products, Related searches, Discussions and forums",commercial,Organic
what's the difference between blink and ring,44,44,30,24,2.63,https://www.icseecam.com/blink-vs-ring-camera-5-key-comparisons/,0,0,0,0.13,78,"9, 9, 52, 14, 9, 9, 9, 9, 9, 9, 9, 9",2026-07-02 03:30:34,"Sitelinks, Video, People also ask, Related searches, Short videos, Discussions and forums, AI overview","commercial, informational",Organic
what's the difference between blink and ring,60,60,30,24,2.63,https://www.icseecam.com/fr/blink-vs-ring-camera-5-key-comparisons/,0,0,0,0.13,78,"9, 9, 52, 14, 9, 9, 9, 9, 9, 9, 9, 9",2026-07-02 03:30:34,"Sitelinks, Video, People also ask, Related searches, Short videos, Discussions and forums, AI overview","commercial, informational",Organic
what's the difference between blink and ring,70,70,30,24,2.63,https://www.icseecam.com/it/blink-vs-ring-camera-5-key-comparisons/,0,0,0,0.13,78,"9, 9, 52, 14, 9, 9, 9, 9, 9, 9, 9, 9",2026-07-02 03:30:34,"Sitelinks, Video, People also ask, Related searches, Short videos, Discussions and forums, AI overview","commercial, informational",Organic
what's the difference between blink and ring,73,73,30,24,2.63,https://www.icseecam.com/de/blink-vs-ring-camera-5-key-comparisons/,0,0,0,0.13,78,"9, 9, 52, 14, 9, 9, 9, 9, 9, 9, 9, 9",2026-07-02 03:30:34,"Sitelinks, Video, People also ask, Related searches, Short videos, Discussions and forums, AI overview","commercial, informational",Organic
ring camera vs blink camera,42,38,90,23,0.97,https://www.icseecam.com/blink-vs-ring-camera-5-key-comparisons/,0,0,0,0.92,105,"9, 9, 9, 9, 9, 19, 23, 80, 66, 80, 100, 66",2026-08-18 20:50:38,"Sitelinks, Video, Video Carousel, People also ask, Related searches, Short videos, Discussions and forums, AI overview",commercial,Organic
ring camera vs blink camera,62,0,90,23,0.97,https://www.icseecam.com/de/blink-vs-ring-camera-5-key-comparisons/,0,0,0,0.92,105,"9, 9, 9, 9, 9, 19, 23, 80, 66, 80, 100, 66",2026-08-18 20:50:38,"Sitelinks, Video, Video Carousel, People also ask, Related searches, Short videos, Discussions and forums, AI overview",commercial,Organic
blink va ring,43,43,30,28,1.69,https://www.icseecam.com/blink-vs-ring-camera-5-key-comparisons/,0,0,0,0.67,101,"1, 5, 5, 1, 0, 3, 5, 2, 0, 3, 0, 0",2026-07-10 15:03:28,"Sitelinks, Video, Video Carousel, People also ask, Related searches, Short videos, AI overview","commercial, informational",Organic
american made home security cameras,80,80,40,10,3.07,https://www.icseecam.com/cellular-security-camera-manufacturers-in-the-usa/,0,0,0,1,143,"26, 19, 7, 19, 15, 15, 19, 11, 11, 11, 11, 15",2026-07-14 19:44:06,"Sitelinks, Reviews, Video, Ads bottom, People also ask, Popular products, Related searches, Discussions and forums, AI overview",informational,Organic
good surveillance camera brands,52,52,210,50,3.03,https://www.icseecam.com/top-10-cctv-manufacturers-in-the-world/,0,0,0,1,187,"100, 43, 34, 43, 65, 81, 81, 81, 65, 81, 81, 53",2026-08-13 21:57:33,"Sitelinks, Reviews, Video, Ads bottom, People also ask, Popular products, Related searches, AI overview",commercial,Organic
nest camera vs ring camera,41,41,170,34,1.62,https://www.icseecam.com/nest-vs-ring-doorbell-camera/,0,0,0,0.79,93,"53, 28, 34, 81, 28, 65, 81, 65, 53, 100, 43, 43",2026-07-18 01:20:23,"Sitelinks, Video, People also ask, Related searches",commercial,Organic
how to tell if ring camera is on,35,35,40,19,0,https://www.icseecam.com/what-does-solid-blue-light-on-ring-cameras-mean%EF%BC%9F/,0,0,0,0.33,102,"64, 64, 11, 11, 11, 23, 11, 11, 11, 11, 11, 11",2026-08-14 12:56:54,"Sitelinks, Video, People also ask, Related searches, AI overview",informational,Organic
is blink or ring cameras better,48,48,40,22,1.96,https://www.icseecam.com/blink-vs-ring-camera-5-key-comparisons/,0,0,0,0.98,75,"9, 9, 9, 9, 9, 9, 42, 9, 9, 9, 52, 52",2026-07-09 10:15:51,"Sitelinks, Reviews, Video, Ads bottom, People also ask, Related searches, AI overview","commercial, informational",Organic
is blink or ring cameras better,68,68,40,22,1.96,https://www.icseecam.com/de/blink-vs-ring-camera-5-key-comparisons/,0,0,0,0.98,75,"9, 9, 9, 9, 9, 9, 42, 9, 9, 9, 52, 52",2026-07-09 10:15:51,"Sitelinks, Reviews, Video, Ads bottom, People also ask, Related searches, AI overview","commercial, informational",Organic
icam365 login,29,29,90,12,0,https://www.icseecam.com/icam365-ultimate-guide-2025/,0,0,0,0.01,105,"64, 64, 64, 35, 78, 50, 50, 64, 78, 64, 78, 64",2026-08-09 14:39:33,"Reviews, Video, People also ask, Related searches",transactional,Organic
best subscription free security camera,60,60,260,37,0.98,https://www.icseecam.com/top-subscription-free-security-cameras/,0,0,0,0.94,130,"8, 10, 16, 13, 6, 8, 10, 13, 8, 8, 67, 100",2026-07-22 18:25:07,"Sitelinks, Video, Video Carousel, People also ask, Popular products, Related searches, AI overview",commercial,Organic
ring camera outdoor wireless setup,50,50,390,36,2.42,https://www.icseecam.com/how-to-reconnect-ring-camera-to-wifi/,0,0,0,1,159,"81, 81, 100, 66, 54, 54, 66, 54, 66, 54, 35, 35",2026-08-11 02:19:48,"Sitelinks, Video, Video Carousel, People also ask, Related searches, Short videos, Discussions and forums, AI overview",informational,Organic
how to connect ring camera to wifi,46,46,720,28,0.05,https://www.icseecam.com/how-to-reconnect-ring-camera-to-wifi/,0,0,0,0.03,140,"36, 54, 81, 100, 81, 100, 100, 100, 100, 100, 100, 81",2026-07-07 01:22:29,"Video, Video Carousel, People also ask, Related searches, AI overview",informational,Organic
how long does camera footage last,87,87,110,17,0,https://www.icseecam.com/how-long-do-security-cameras-keep-footage/,0,0,0,0.33,156,"82, 41, 64, 64, 64, 52, 82, 64, 64, 41, 52, 64",2026-07-29 13:35:17,"Sitelinks, Reviews, Video, Video Carousel, People also ask, Related searches, AI overview",informational,Organic
ycc365 plus free download,35,35,50,30,0,https://www.icseecam.com/ycc365-plus/,0,0,0,0.33,109,"50, 50, 50, 78, 100, 21, 14, 14, 14, 14, 14, 14",2026-06-30 15:08:19,"Reviews, Video, Related searches, AI overview",informational,Organic
what is better blink or ring,64,64,90,26,1.79,https://www.icseecam.com/fr/blink-vs-ring-camera-5-key-comparisons/,0,0,0,0.77,81,"26, 34, 53, 34, 26, 42, 53, 34, 19, 19, 19, 19",2026-07-08 11:18:34,"Sitelinks, Video, Video Carousel, People also ask, Related searches, Short videos, Discussions and forums, AI overview",informational,Organic
what is better blink or ring,68,68,90,26,1.79,https://www.icseecam.com/fr/blink-vs-ring-camera-5-key-comparisons/,0,0,0,0.77,81,"26, 34, 53, 34, 26, 42, 53, 34, 19, 19, 19, 19",2026-07-08 11:18:34,"Sitelinks, Video, Video Carousel, People also ask, Related searches, Short videos, Discussions and forums, AI overview",informational,Organic
what is better blink or ring,79,79,90,26,1.79,https://www.icseecam.com/de/blink-vs-ring-camera-5-key-comparisons/,0,0,0,0.77,81,"26, 34, 53, 34, 26, 42, 53, 34, 19, 19, 19, 19",2026-07-08 11:18:34,"Sitelinks, Video, Video Carousel, People also ask, Related searches, Short videos, Discussions and forums, AI overview",informational,Organic
are ring outdoor cameras waterproof,43,43,50,15,0,https://www.icseecam.com/ring-waterproof-security-cameras-manufacturing-process/,0,0,0,0.38,142,"14, 14, 78, 78, 14, 14, 35, 100, 14, 14, 78, 14",2026-06-28 00:21:24,"Sitelinks, Reviews, Video, Video Carousel, People also ask, Related searches, AI overview",informational,Organic
do wireless cameras need wifi,89,89,140,19,2.01,https://www.icseecam.com/do-security-cameras-need-wifi/,0,0,0,0.65,18600,"66, 66, 80, 42, 66, 66, 66, 80, 66, 52, 80, 80",2026-07-09 22:39:44,"Sitelinks, Reviews, Video, Video Carousel, People also ask, Related searches, AI overview",informational,Organic
how to reactivate a ring camera,25,25,70,28,0.02,https://www.icseecam.com/reactivate-ring-doorbell-camera-without-pin-code/,0,0,0,0.04,118,"6, 6, 28, 34, 21, 34, 21, 21, 34, 15, 28, 21",2026-07-04 12:04:23,"Sitelinks, Reviews, Video, People also ask, Related searches, AI overview",informational,Organic
how much data does a wireless camera use,66,66,40,2,0,https://www.icseecam.com/how-much-data-does-a-security-camera-use/,0,0,0,0.02,177,"77, 0, 55, 77, 0, 0, 77, 77, 55, 77, 55, 44",2026-08-06 21:07:16,"Sitelinks, Reviews, Video, People also ask, Related searches, AI overview",informational,Organic
best solar camera,47,47,260,22,1.12,https://www.icseecam.com/whats-the-best-solar-security-cameras/,0,0,0,1,156,"66, 54, 66, 81, 54, 54, 54, 54, 43, 43, 43, 54",2026-07-15 17:46:08,"Sitelinks, Reviews, Video, Image, Video Carousel, People also ask, Popular products, Related searches, AI overview",commercial,Organic
icsee app for pc,42,42,40,42,0,https://www.icseecam.com/es/download/,0,0,0,0.33,102,"63, 36, 45, 36, 45, 18, 27, 45, 27, 27, 18, 18",2026-07-24 11:33:32,"Sitelinks, Reviews, Video, Video Carousel, People also ask, Related searches, AI overview",informational,Organic
solar module manufacturers,85,85,210,59,4.3,https://www.icseecam.com/top-10-solar-panel-manufacturers-in-the-usa-2025/,0,0,0,0.19,198,"16, 10, 8, 10, 45, 10, 1, 6, 13, 13, 24, 4",2026-08-08 14:57:04,"Local pack, Sitelinks, Video, Video Carousel, Related searches, AI overview",informational,Organic
solar module manufacturers,89,89,210,59,4.3,https://www.icseecam.com/top-10-solar-panel-manufacturers-in-the-usa-2025/,0,0,0,0.19,198,"16, 10, 8, 10, 45, 10, 1, 6, 13, 13, 24, 4",2026-08-08 14:57:04,"Local pack, Sitelinks, Video, Video Carousel, Related searches, AI overview",informational,Organic
whats better blink or ring,39,39,30,24,1.8,https://www.icseecam.com/de/blink-vs-ring-camera-5-key-comparisons/,0,0,0,0.92,85,"11, 11, 17, 11, 11, 17, 11, 11, 11, 11, 41, 17",2026-07-22 09:36:07,"Sitelinks, Video, Video Carousel, People also ask, Related searches, Short videos, Discussions and forums, AI overview","commercial, informational",Organic
security cameras without subscriptions,45,45,90,39,2.17,https://www.icseecam.com/best-home-security-camera-without-subscription/,0,0,0,1,176,"11, 11, 66, 3, 6, 8, 15, 8, 8, 6, 35, 8",2026-07-30 14:50:26,"Sitelinks, Reviews, Video, People also ask, Popular products, Related searches, Discussions and forums, AI overview","commercial, informational",Organic
wifi 5g camera,23,23,40,25,0.74,https://www.icseecam.com/what-security-cameras-work-with-5ghz-wifi/,0,0,0,0.97,241,"63, 45, 45, 45, 63, 45, 45, 18, 18, 18, 18, 18",2026-07-31 00:12:23,"Sitelinks, Reviews, Video, Image, People also ask, Popular products, Related searches, Discussions and forums, AI overview","commercial, informational",Organic
best budget security camera system without subscription,44,0,40,,2.72,https://www.icseecam.com/best-home-security-camera-without-subscription/,0,0,0,0.99,169,"7, 7, 0, 14, 14, 21, 14, 0, 35, 35, 78, 100",2026-08-19 02:48:16,"Sitelinks, Video, Ads bottom, Video Carousel, People also ask, Popular products, Related searches, AI overview",commercial,Organic
who makes ring cameras,86,86,140,72,0,https://www.icseecam.com/where-are-ring-cameras-manufactured%EF%BC%9F/,0,0,0,0.04,172,"28, 43, 34, 34, 53, 53, 34, 43, 100, 34, 43, 43",2026-08-09 19:56:18,"Sitelinks, Video, People also ask, Related searches, AI overview",informational,Organic
cctv in america,62,62,70,53,3.64,https://www.icseecam.com/top-10-cctv-manufacturers-in-usa/,0,0,0,0.15,124,"33, 42, 33, 23, 33, 9, 23, 23, 33, 23, 33, 33",2026-07-03 15:44:32,"Sitelinks, Reviews, Video, Video Carousel, People also ask, Related searches, Discussions and forums, AI overview",informational,Organic
how long does ring stick up cam battery last,52,52,70,18,0,https://www.icseecam.com/how-long-does-ring-camera-battery-last/,0,0,0,0.06,109,"23, 15, 23, 15, 11, 11, 11, 11, 8, 8, 11, 8",2026-06-27 00:50:59,"Sitelinks, Reviews, Video, Video Carousel, People also ask, Related searches, AI overview",informational,Organic
non subscription security camera,37,37,720,32,1.41,https://www.icseecam.com/best-home-security-camera-without-subscription/,0,0,0,1,173,"67, 67, 67, 67, 67, 81, 100, 100, 81, 81, 54, 54",2026-07-18 12:52:57,"Sitelinks, Reviews, Video, Image, People also ask, Popular products, Related searches, AI overview",commercial,Organic
orbs on video monitor,18,18,110,15,0,https://www.icseecam.com/what-are-orbs-on-security-cameras%EF%BC%9F/,0,0,0,0.33,175,"42, 42, 42, 42, 26, 42, 42, 53, 53, 42, 53, 53",2026-07-24 23:02:43,"Sitelinks, Video, Video Carousel, People also ask, Short videos, AI overview",informational,Organic
esee camera sd card,36,36,50,22,0.27,https://www.icseecam.com/what-is-eseecloud/,0,0,0,0.79,189,"2, 5, 5, 5, 5, 5, 100, 5, 5, 5, 5, 5",2026-08-02 10:43:43,"Sitelinks, Reviews, Video, Video Carousel, People also ask, Related searches, AI overview",informational,Organic
esee camera sd card,47,47,50,22,0.27,https://www.icseecam.com/what-size-tf-card-for-home-security-cameras/,0,0,0,0.79,189,"2, 5, 5, 5, 5, 5, 100, 5, 5, 5, 5, 5",2026-08-02 10:43:43,"Sitelinks, Reviews, Video, Video Carousel, People also ask, Related searches, AI overview",informational,Organic
is blink and ring the same,56,56,70,27,0,https://www.icseecam.com/blink-vs-ring-camera-5-key-comparisons/,0,0,0,0.07,92,"34, 21, 81, 34, 21, 15, 15, 12, 12, 21, 6, 6",2026-07-03 16:37:02,"Sitelinks, Reviews, Video, Video Carousel, People also ask, Related searches, Short videos, AI overview","commercial, informational",Organic
is blink and ring the same,73,73,70,27,0,https://www.icseecam.com/fr/blink-vs-ring-camera-5-key-comparisons/,0,0,0,0.07,92,"34, 21, 81, 34, 21, 15, 15, 12, 12, 21, 6, 6",2026-07-03 16:37:02,"Sitelinks, Reviews, Video, Video Carousel, People also ask, Related searches, Short videos, AI overview","commercial, informational",Organic
is blink and ring the same,81,81,70,27,0,https://www.icseecam.com/de/blink-vs-ring-camera-5-key-comparisons/,0,0,0,0.07,92,"34, 21, 81, 34, 21, 15, 15, 12, 12, 21, 6, 6",2026-07-03 16:37:02,"Sitelinks, Reviews, Video, Video Carousel, People also ask, Related searches, Short videos, AI overview","commercial, informational",Organic
school security cameras,68,68,210,15,0,https://www.icseecam.com/school-security-cameras-trusted-brands-reviewed/,0,0,0,0,186,"35, 43, 53, 43, 66, 82, 66, 66, 66, 66, 66, 66",2026-08-08 19:58:04,"Sitelinks, Reviews, Video, People also ask, Related searches, AI overview",informational,Organic
china cctv camera,44,44,40,27,0,https://www.icseecam.com/top-10-cctv-manufacturers-in-china/,0,0,0,0.06,189,"100, 18, 63, 63, 18, 18, 18, 18, 18, 18, 18, 18",2026-07-08 23:36:20,"Sitelinks, Video, Image, Video Carousel, People also ask, Popular products, Related searches, AI overview",commercial,Organic
best camera system without subscription,69,69,90,40,3.1,https://www.icseecam.com/best-home-security-camera-without-subscription/,0,0,0,1,110,"35, 50, 50, 35, 50, 35, 78, 100, 78, 78, 78, 78",2026-07-08 03:02:40,"Sitelinks, Video, People also ask, Popular products, Related searches, AI overview",commercial,Organic
security cameras with long range,64,64,40,31,1.63,https://www.icseecam.com/top-5-long-range-security-camera-manufacturers/,0,0,0,1,123,"18, 18, 18, 18, 100, 18, 100, 18, 18, 18, 18, 18",2026-07-30 06:10:38,"Sitelinks, Reviews, Video, Image, People also ask, Popular products, Related searches, Discussions and forums, AI overview",informational,Organic
long range cameras,58,58,140,17,1.37,https://www.icseecam.com/top-5-long-range-security-camera-manufacturers/,0,0,0,1,187,"53, 43, 34, 43, 65, 21, 53, 28, 100, 34, 34, 34",2026-08-09 13:35:02,"Sitelinks, Reviews, Video, Image, Video Carousel, People also ask, Popular products, Related searches, Discussions and forums, AI overview","commercial, informational",Organic
telec certification,64,64,170,0,5.94,https://www.icseecam.com/security-camera-telec-certification-in-japan/,0,0,0,0.15,103,"22, 18, 18, 29, 18, 43, 35, 43, 43, 35, 43, 43",2026-07-30 08:51:44,"People also ask, Related searches, AI overview",informational,Organic
chinese camera brands,46,46,70,17,0,https://www.icseecam.com/top-10-cctv-manufacturers-in-china/,0,0,0,0.1,167,"33, 23, 100, 33, 19, 23, 23, 33, 23, 23, 9, 9",2026-07-28 18:59:17,"Sitelinks, Video, Video Carousel, People also ask, Popular products, Related searches, AI overview","commercial, informational",Organic
best security cameras no subscription,52,52,320,18,2.04,https://www.icseecam.com/best-home-security-camera-without-subscription/,0,0,0,1,183,"26, 39, 21, 26, 32, 39, 39, 26, 21, 26, 21, 100",2026-08-05 16:42:07,"Sitelinks, Reviews, Video, People also ask, Popular products, Related searches, Discussions and forums, AI overview",commercial,Organic
best solar powered outdoor security camera,86,86,70,27,1.08,https://www.icseecam.com/whats-the-best-solar-security-cameras/,0,0,0,1,126,"26, 34, 34, 42, 34, 19, 34, 26, 7, 19, 26, 26",2026-07-06 23:28:59,"Sitelinks, Reviews, Video, Image, Ads bottom, Video Carousel, People also ask, Popular products, Related searches, AI overview",commercial,Organic
top video surveillance companies,66,66,40,50,7.03,https://www.icseecam.com/top-10-cctv-manufacturers-in-the-world/,0,0,0,0.2,182,"12, 12, 12, 23, 17, 7, 5, 5, 7, 10, 10, 5",2026-07-28 20:26:08,"Sitelinks, Reviews, Video, Video Carousel, People also ask, Related searches, Discussions and forums, AI overview","commercial, informational",Organic
ubox app for pc,50,47,50,27,0,https://www.icseecam.com/ubox-app-download/,0,0,0,0.01,137,"11, 29, 41, 29, 29, 23, 41, 41, 41, 41, 52, 41",2026-08-18 16:39:02,"Reviews, Video, People also ask, Related searches, AI overview",informational,Organic
ring doorbell light flashing blue,34,34,90,28,0,https://www.icseecam.com/what-does-solid-blue-light-on-ring-cameras-mean%EF%BC%9F/,0,0,0,0.33,95,"33, 33, 42, 23, 23, 52, 52, 66, 52, 52, 23, 14",2026-07-21 13:55:33,"Sitelinks, Video, Video Carousel, People also ask, Related searches, AI overview",informational,Organic
free camera system,68,68,90,43,6.35,https://www.icseecam.com/top-subscription-free-security-cameras/,0,0,0,0.88,181,"33, 52, 52, 100, 80, 33, 19, 14, 23, 19, 19, 14",2026-08-08 16:08:05,"Sitelinks, Reviews, Video, Video Carousel, People also ask, Related searches, Discussions and forums, AI overview",commercial,Organic
how to hack a camera,72,72,40,47,0,https://www.icseecam.com/how-to-hack-into-security-cameras%EF%BC%9F/,0,0,0,0,295000000,"50, 64, 35, 21, 35, 21, 7, 0, 28, 21, 21, 35",2026-06-26 12:12:06,"Sitelinks, Video Carousel",informational,Organic
doorbell camera without internet,45,45,40,21,0.95,https://www.icseecam.com/is-there-a-doorbell-camera-that-works-without-wifi/,0,0,0,1,170,"28, 14, 14, 14, 14, 14, 14, 100, 14, 78, 14, 14",2026-06-25 15:29:18,"Sitelinks, Reviews, Video, Video Carousel, People also ask, Related searches, Discussions and forums, AI overview",informational,Organic
solar panel direct sunlight vs shaded,91,91,210,13,0,https://www.icseecam.com/solar-panel-direct-sunlight-vs-shaded/,0,0,0,0,135,"100, 0, 0, 0, 0, 0, 1, 0, 0, 0, 0, 0",2026-08-16 20:40:44,"Video, Video Carousel, People also ask, Related searches, Discussions and forums, AI overview","commercial, informational",Organic
blink vs ring doorbell camera,41,41,70,27,0.73,https://www.icseecam.com/blink-vs-ring-camera-5-key-comparisons/,0,0,0,0.99,156,"10, 28, 5, 5, 28, 53, 53, 5, 10, 5, 5, 17",2026-08-11 21:21:31,"Sitelinks, Video, Video Carousel, People also ask, Related searches, AI overview","commercial, informational",Organic
analog vs ip security cameras,77,77,70,21,0.53,https://www.icseecam.com/ip-camera-vs-analog-camera/,0,0,0,0.31,175,"28, 28, 50, 35, 78, 28, 21, 64, 100, 50, 35, 35",2026-08-02 00:03:29,"Sitelinks, Reviews, Video, Video Carousel, People also ask, Related searches, AI overview",commercial,Organic
does blink record 24/7,55,55,140,13,6.09,https://www.icseecam.com/do-blink-cameras-record-24-7/,0,0,0,0.06,883000,"29, 54, 29, 29, 35, 43, 29, 22, 22, 22, 22, 22",2026-08-13 21:09:10,"Sitelinks, Reviews, Video, People also ask, Related searches, AI overview",informational,Organic
does blink record 24/7,60,60,140,13,6.09,https://www.icseecam.com/do-blink-cameras-record-24-7/,0,0,0,0.06,883000,"29, 54, 29, 29, 35, 43, 29, 22, 22, 22, 22, 22",2026-08-13 21:09:10,"Sitelinks, Reviews, Video, People also ask, Related searches, AI overview",informational,Organic
solar cell manufacturer,79,79,90,50,2.61,https://www.icseecam.com/top-10-solar-panel-manufacturers-in-the-usa-2025/,0,0,0,0.03,194,"19, 52, 52, 52, 52, 42, 42, 23, 42, 33, 52, 33",2026-07-30 14:24:27,"Local pack, Sitelinks, Video, Video Carousel, People also ask, Related searches, AI overview",informational,Organic
hack ip camera,83,83,50,34,0,https://www.icseecam.com/how-to-hack-into-security-cameras%EF%BC%9F/,0,0,0,0.33,56400000,"6, 8, 11, 15, 6, 8, 8, 8, 8, 11, 11, 11",2026-07-23 23:07:33,"Sitelinks, Video Carousel, AI overview",informational,Organic
wifi ring camera,54,54,70,31,1.6,https://www.icseecam.com/how-to-reconnect-ring-camera-to-wifi/,0,0,0,1,183,"18, 100, 100, 18, 100, 45, 45, 100, 18, 63, 18, 18",2026-08-09 02:51:54,"Sitelinks, Reviews, Video, Ads bottom, People also ask, Popular products, Related searches, AI overview",informational,Organic
deleting ring footage,47,47,90,25,0,https://www.icseecam.com/how-to-remove-ring-camera-history-on-ring-app/,0,0,0,0.33,105,"0, 0, 0, 4, 100, 4, 2, 2, 2, 2, 2, 2",2026-08-09 23:29:30,"Sitelinks, Reviews, Video, Video Carousel, People also ask, Related searches, AI overview",informational,Organic
ring camera flash,20,20,70,20,0.44,https://www.icseecam.com/what-does-solid-blue-light-on-ring-cameras-mean%EF%BC%9F/,0,0,0,0.88,183,"50, 14, 21, 78, 50, 35, 35, 35, 100, 64, 28, 50",2026-07-02 05:55:37,"Sitelinks, Video, Video Carousel, People also ask, Popular products, Related searches, AI overview",transactional,Organic
long distance surveillance camera,50,50,320,19,1.46,https://www.icseecam.com/top-5-long-range-security-camera-manufacturers/,0,0,0,1,180,"81, 35, 54, 66, 66, 54, 44, 23, 81, 54, 66, 44",2026-07-01 05:02:13,"Sitelinks, Reviews, Video, Image, Video Carousel, People also ask, Popular products, Related searches, AI overview","commercial, informational",Organic
blink vs nest camera,56,56,50,20,0,https://www.icseecam.com/es/blink-camera-vs-nest-camera/,0,0,0,0.75,95,"15, 15, 26, 19, 26, 26, 26, 26, 15, 34, 11, 26",2026-07-23 02:08:52,"Sitelinks, Reviews, Video, Video Carousel, People also ask, Related searches, Discussions and forums, AI overview","commercial, informational",Organic
blink vs nest camera,60,60,50,20,0,https://www.icseecam.com/es/blink-camera-vs-nest-camera/,0,0,0,0.75,95,"15, 15, 26, 19, 26, 26, 26, 26, 15, 34, 11, 26",2026-07-23 02:08:52,"Sitelinks, Reviews, Video, Video Carousel, People also ask, Related searches, Discussions and forums, AI overview","commercial, informational",Organic
how to delete from ring camera,42,42,40,25,0,https://www.icseecam.com/how-to-remove-ring-camera-history-on-ring-app/,0,0,0,0.33,135,"78, 100, 14, 14, 14, 50, 50, 14, 14, 14, 14, 14",2026-07-07 07:00:13,"Sitelinks, Video, Video Carousel, People also ask, Related searches, Short videos, AI overview",informational,Organic
监控不是传感器,94,94,3600,19,0,https://www.icseecam.com/zh-CN/continuous-recording-security-camera-vs-motion-sensor/,0,0,0,0.33,1870000,"0, 0, 23, 100, 81, 100, 23, 23, 54, 81, 23, 23",2026-08-13 06:23:21,"Sitelinks, Video, Related searches, AI overview",informational,Organic
commercial security camera brands,36,36,30,25,3.92,https://www.icseecam.com/top-10-cctv-camera-brands-in-the-united-states/,0,0,0,1,190,"5, 5, 10, 10, 17, 5, 5, 5, 5, 5, 7, 5",2026-07-13 09:04:21,"Sitelinks, Reviews, Video, Image, Video Carousel, People also ask, Related searches",commercial,Organic
commercial security camera brands,77,77,30,25,3.92,https://www.icseecam.com/top-10-cctv-manufacturers-in-usa/,0,0,0,1,190,"5, 5, 10, 10, 17, 5, 5, 5, 5, 5, 7, 5",2026-07-13 09:04:21,"Sitelinks, Reviews, Video, Image, Video Carousel, People also ask, Related searches",commercial,Organic
what ring cameras record 24 7,42,40,30,22,2.28,https://www.icseecam.com/do-ring-cameras-record-24-7/,0,0,0,1,170,"7, 21, 7, 100, 14, 7, 14, 14, 14, 14, 14, 14",2026-08-18 19:09:38,"Sitelinks, Video, People also ask, Related searches, AI overview",informational,Organic
does blink camera record 24/7,28,28,140,17,3.7,https://www.icseecam.com/do-blink-cameras-record-24-7/,0,0,0,0.1,105,"65, 100, 0, 100, 0, 100, 65, 15, 80, 80, 42, 34",2026-06-28 08:56:39,"Sitelinks, Reviews, Video, Video Carousel, People also ask, Related searches, AI overview",informational,Organic
does blink camera record 24/7,65,65,140,17,3.7,https://www.icseecam.com/do-blink-cameras-record-24-7/,0,0,0,0.1,105,"65, 100, 0, 100, 0, 100, 65, 15, 80, 80, 42, 34",2026-06-28 08:56:39,"Sitelinks, Reviews, Video, Video Carousel, People also ask, Related searches, AI overview",informational,Organic
cameras made in usa,59,59,90,6,1.08,https://www.icseecam.com/cellular-security-camera-manufacturers-in-the-usa/,0,0,0,0.57,166,"53, 26, 42, 34, 34, 34, 42, 19, 26, 42, 19, 19",2026-07-10 01:09:29,"Sitelinks, Reviews, Video, People also ask, Related searches, AI overview",informational,Organic
no qr code on ring doorbell,32,32,50,21,0,https://www.icseecam.com/reactivate-ring-doorbell-camera-without-pin-code/,0,0,0,0.33,72,"52, 52, 52, 9, 9, 9, 19, 23, 9, 9, 23, 9",2026-07-14 09:42:05,"Sitelinks, Video, Video Carousel, People also ask, Related searches, AI overview",informational,Organic
camaras de seguridad 5ghz,18,18,40,22,0,https://www.icseecam.com/es/what-security-cameras-work-with-5ghz-wifi/,0,0,0,0.99,202,"64, 14, 14, 14, 50, 14, 14, 100, 14, 14, 14, 14",2026-08-16 08:57:46,"Sitelinks, Video, Video Carousel, People also ask, Popular products, Related searches, AI overview",commercial,Organic
cctv united states,62,62,70,34,3.64,https://www.icseecam.com/top-10-cctv-camera-brands-in-the-united-states/,0,0,0,0.15,133,"77, 77, 55, 55, 77, 77, 55, 100, 77, 55, 55, 77",2026-07-03 00:01:38,"Sitelinks, Reviews, Video, People also ask, Related searches, AI overview",informational,Organic
how to delete a ring camera,34,34,140,32,0,https://www.icseecam.com/how-to-remove-ring-camera-history-on-ring-app/,0,0,0,0.33,128,"34, 34, 34, 43, 34, 43, 43, 53, 53, 43, 34, 34",2026-06-26 07:10:08,"Sitelinks, Video, Video Carousel, People also ask, Related searches, Short videos, AI overview",informational,Organic
eesecloud,46,46,170,27,1.35,https://www.icseecam.com/what-is-eseecloud/,0,0,0,0.19,130,"1, 4, 7, 1, 2, 1, 1, 72, 21, 21, 26, 32",2026-08-10 09:16:57,"Sitelinks, Reviews, Video, Video Carousel, People also ask, Related searches",informational,Organic
security camera wholesale,89,89,70,12,6.12,https://www.icseecam.com/top-10-cctv-camera-wholesale-suppliers/,0,0,0,0.61,175,"29, 29, 41, 52, 29, 64, 64, 52, 41, 52, 29, 41",2026-07-06 23:22:41,"Local pack, Sitelinks, Reviews, Video, Image, People also ask, Popular products, Related searches, Ads middle",commercial,Organic
american made camera,70,70,40,28,1.29,https://www.icseecam.com/top-10-cctv-manufacturers-in-usa/,0,0,0,0.57,191,"22, 33, 44, 33, 33, 11, 22, 33, 100, 44, 55, 33",2026-08-07 03:58:19,"Sitelinks, Reviews, Video, People also ask, Related searches, AI overview",informational,Organic
where are axis cameras made,68,68,70,27,0,https://www.icseecam.com/fr/where-are-axis-security-cameras-manufactured%EF%BC%9F/,0,0,0,0.01,152,"100, 41, 29, 29, 29, 52, 82, 23, 23, 29, 29, 23",2026-07-21 23:30:52,"Sitelinks, Video, People also ask, Related searches, AI overview",informational,Organic
ip camera for yoosee,41,41,40,29,0,https://www.icseecam.com/yoosee-camera/,0,0,0,0.33,170,"35, 50, 50, 100, 100, 35, 0, 0, 0, 0, 7, 0",2026-07-12 22:08:25,"Sitelinks, Reviews, Video, Video Carousel, People also ask, Popular products, Related searches",commercial,Organic
ip camera for yoosee,47,47,40,29,0,https://www.icseecam.com/what-is-yoosee/,0,0,0,0.33,170,"35, 50, 50, 100, 100, 35, 0, 0, 0, 0, 7, 0",2026-07-12 22:08:25,"Sitelinks, Reviews, Video, Video Carousel, People also ask, Popular products, Related searches",commercial,Organic
turret camera manufacturer,90,90,40,5,0,https://www.icseecam.com/bullet-cameras-vs-turret-cameras/,0,0,0,0,4830000,"44, 77, 100, 33, 22, 22, 22, 22",2026-08-06 23:49:56,"Sitelinks, Reviews, Video, Video Carousel, People also ask, Popular products, Related searches, AI overview","commercial, informational",Organic
ghost photos caught on camera,92,92,70,31,0,https://www.icseecam.com/what-causes-ghost-images-on-security-cameras/,0,0,0,0.33,173,"100, 18, 100, 18, 18, 100, 100, 18, 18, 18, 100, 100",2026-07-23 16:53:00,"Image pack, Sitelinks, Reviews, Video, Video Carousel, People also ask, Related searches",informational,Organic
eufy headquarters,42,42,90,38,0,https://www.icseecam.com/where-is-eufy-night-vision-security-camera-manufactured-in-usa-%EF%BC%9F/,0,0,0,0.33,107,"100, 66, 52, 42, 33, 33, 52, 52, 23, 23, 33, 23",2026-07-04 14:01:39,"Sitelinks, Reviews, Video, People also ask, Related searches, AI overview",informational,Organic
best outdoor ptz security camera tampa,98,98,40,6,0,https://www.icseecam.com/top-7-ptz-outdoor-camera-brands-in-the-us/,0,0,0,0,159,"0, 0, 21, 21, 14, 7, 35, 100, 100, 28, 14, 21",2026-07-15 06:03:35,"Sitelinks, Reviews, Video, People also ask, Popular products, Related searches",commercial,Organic
blue light on camera meaning,62,62,90,12,0,https://www.icseecam.com/what-does-solid-blue-light-on-ring-cameras-mean%EF%BC%9F/,0,0,0,0.33,124,"11, 100, 64, 64, 41, 52, 41, 52, 41, 29, 64, 52",2026-07-26 22:03:07,"Sitelinks, Reviews, Video, Video Carousel, People also ask, Related searches, AI overview",informational,Organic
camara ip inalambrica icsee,37,37,40,16,0,https://www.icseecam.com/product-category/icsee/,0,0,0,0,161,"52, 52, 52, 33, 42, 0, 0, 0, 0, 0, 0, 0",2026-07-07 06:56:42,"Sitelinks, Reviews, Video, People also ask, Popular products, Related searches",informational,Organic
camara ip inalambrica icsee,41,41,40,16,0,https://www.icseecam.com/es/icsee/,0,0,0,0,161,"52, 52, 52, 33, 42, 0, 0, 0, 0, 0, 0, 0",2026-07-07 06:56:42,"Sitelinks, Reviews, Video, People also ask, Popular products, Related searches",informational,Organic
camara ip inalambrica icsee,49,49,40,16,0,https://www.icseecam.com/es/download/,0,0,0,0,161,"52, 52, 52, 33, 42, 0, 0, 0, 0, 0, 0, 0",2026-07-07 06:56:42,"Sitelinks, Reviews, Video, People also ask, Popular products, Related searches",informational,Organic
camara ip inalambrica icsee,53,53,40,16,0,https://www.icseecam.com/es/icsee-camera-operation-guide/,0,0,0,0,161,"52, 52, 52, 33, 42, 0, 0, 0, 0, 0, 0, 0",2026-07-07 06:56:42,"Sitelinks, Reviews, Video, People also ask, Popular products, Related searches",informational,Organic
camara ip inalambrica icsee,56,56,40,16,0,https://www.icseecam.com/es/comprehensive-icsee-camera-manual-everything-you-need-to-know/,0,0,0,0,161,"52, 52, 52, 33, 42, 0, 0, 0, 0, 0, 0, 0",2026-07-07 06:56:42,"Sitelinks, Reviews, Video, People also ask, Popular products, Related searches",informational,Organic
camara ip inalambrica icsee,60,60,40,16,0,https://icseecam.com/es/product/icsee-a37-ai-wifi-dome-ip-camera/,0,0,0,0,161,"52, 52, 52, 33, 42, 0, 0, 0, 0, 0, 0, 0",2026-07-07 06:56:42,"Sitelinks, Reviews, Video, People also ask, Popular products, Related searches",informational,Organic
camara ip inalambrica icsee,64,64,40,16,0,https://www.icseecam.com/es/,0,0,0,0,161,"52, 52, 52, 33, 42, 0, 0, 0, 0, 0, 0, 0",2026-07-07 06:56:42,"Sitelinks, Reviews, Video, People also ask, Popular products, Related searches",informational,Organic
camara ip inalambrica icsee,68,68,40,16,0,https://www.icseecam.com/es/icsee-camera-manufacturer/,0,0,0,0,161,"52, 52, 52, 33, 42, 0, 0, 0, 0, 0, 0, 0",2026-07-07 06:56:42,"Sitelinks, Reviews, Video, People also ask, Popular products, Related searches",informational,Organic
camara ip inalambrica icsee,73,73,40,16,0,https://www.icseecam.com/es/products/,0,0,0,0,161,"52, 52, 52, 33, 42, 0, 0, 0, 0, 0, 0, 0",2026-07-07 06:56:42,"Sitelinks, Reviews, Video, People also ask, Popular products, Related searches",informational,Organic
camara ip inalambrica icsee,74,74,40,16,0,https://www.icseecam.com/es/product-category/icsee/,0,0,0,0,161,"52, 52, 52, 33, 42, 0, 0, 0, 0, 0, 0, 0",2026-07-07 06:56:42,"Sitelinks, Reviews, Video, People also ask, Popular products, Related searches",informational,Organic
camara ip inalambrica icsee,75,75,40,16,0,https://www.icseecam.com/es/product/abq-5700-dual-lens-wifi-ip-camera/,0,0,0,0,161,"52, 52, 52, 33, 42, 0, 0, 0, 0, 0, 0, 0",2026-07-07 06:56:42,"Sitelinks, Reviews, Video, People also ask, Popular products, Related searches",informational,Organic
camara ip inalambrica icsee,76,76,40,16,0,https://www.icseecam.com/es/product-category/icsee/page/2/,0,0,0,0,161,"52, 52, 52, 33, 42, 0, 0, 0, 0, 0, 0, 0",2026-07-07 06:56:42,"Sitelinks, Reviews, Video, People also ask, Popular products, Related searches",informational,Organic
camara ip inalambrica icsee,77,77,40,16,0,https://www.icseecam.com/pt/product-category/icsee/,0,0,0,0,161,"52, 52, 52, 33, 42, 0, 0, 0, 0, 0, 0, 0",2026-07-07 06:56:42,"Sitelinks, Reviews, Video, People also ask, Popular products, Related searches",informational,Organic
camara ip inalambrica icsee,78,78,40,16,0,https://www.icseecam.com/gl/product-category/icsee/page/2/,0,0,0,0,161,"52, 52, 52, 33, 42, 0, 0, 0, 0, 0, 0, 0",2026-07-07 06:56:42,"Sitelinks, Reviews, Video, People also ask, Popular products, Related searches",informational,Organic
camara ip inalambrica icsee,79,79,40,16,0,https://www.icseecam.com/pt/the-ultimate-guide-to-icsee-everything-you-need-to-know/,0,0,0,0,161,"52, 52, 52, 33, 42, 0, 0, 0, 0, 0, 0, 0",2026-07-07 06:56:42,"Sitelinks, Reviews, Video, People also ask, Popular products, Related searches",informational,Organic
reiniciar cámara,42,42,50,17,0,https://www.icseecam.com/es/how-to-locate-and-use-the-icsee-camera-reset-button-a-step-by-step-guide/,0,0,0,0.33,107,"11, 0, 41, 52, 23, 11, 11, 11, 11, 64, 64, 82",2026-08-10 09:57:12,"Sitelinks, Video, Video Carousel, People also ask, Related searches, Short videos, AI overview",informational,Organic
where are ring cameras made,10,10,70,31,0,https://www.icseecam.com/where-are-ring-cameras-manufactured%EF%BC%9F/,0,0,0,0.33,0,"66, 33, 66, 33, 42, 42, 33, 33, 23, 23, 33, 33",2026-07-22 15:23:21,"Sitelinks, Video, Related searches, AI overview",informational,Organic
is ring or blink better,45,45,260,20,1.63,https://www.icseecam.com/blink-vs-ring-camera-5-key-comparisons/,0,0,0,0.52,109,"44, 66, 28, 35, 54, 66, 44, 28, 35, 28, 35, 35",2026-08-10 17:03:08,"Sitelinks, Video, Video Carousel, People also ask, Related searches, Short videos, Discussions and forums, AI overview",informational,Organic
is ring or blink better,63,63,260,20,1.63,https://www.icseecam.com/fr/blink-vs-ring-camera-5-key-comparisons/,0,0,0,0.52,109,"44, 66, 28, 35, 54, 66, 44, 28, 35, 28, 35, 35",2026-08-10 17:03:08,"Sitelinks, Video, Video Carousel, People also ask, Related searches, Short videos, Discussions and forums, AI overview",informational,Organic
are blink and ring the same,51,51,90,19,0,https://www.icseecam.com/fr/blink-vs-ring-camera-5-key-comparisons/,0,0,0,0.33,99,"15, 34, 100, 28, 28, 43, 9, 12, 28, 43, 6, 6",2026-07-25 18:53:04,"Sitelinks, Reviews, Video, Video Carousel, People also ask, Related searches, Discussions and forums, AI overview",informational,Organic
are blink and ring the same,59,59,90,19,0,https://www.icseecam.com/de/blink-vs-ring-camera-5-key-comparisons/,0,0,0,0.33,99,"15, 34, 100, 28, 28, 43, 9, 12, 28, 43, 6, 6",2026-07-25 18:53:04,"Sitelinks, Reviews, Video, Video Carousel, People also ask, Related searches, Discussions and forums, AI overview",informational,Organic
usa made solar panels,81,81,260,35,2.16,https://www.icseecam.com/top-10-solar-panel-manufacturers-in-the-usa-2025/,0,0,0,1,189,"14, 14, 88, 88, 14, 21, 9, 14, 9, 9, 11, 11",2026-08-01 06:43:57,"Sitelinks, Reviews, Video, Image, People also ask, Popular products, Related searches, Discussions and forums, AI overview","commercial, informational",Organic
icam365 setup,28,28,70,20,1.94,https://www.icseecam.com/icam365-ultimate-guide-2025/,0,0,0,0.12,87,"23, 23, 28, 17, 28, 17, 12, 10, 12, 12, 23, 17",2026-07-08 05:56:57,"Sitelinks, Reviews, Video, Video Carousel, People also ask, Related searches, Short videos, AI overview",informational,Organic
setup ring doorbell without qr code,30,30,40,20,0,https://www.icseecam.com/reactivate-ring-doorbell-camera-without-pin-code/,0,0,0,0.33,78,"41, 41, 41, 41, 41, 29, 17, 11, 11, 11, 11, 11",2026-07-11 09:10:14,"Sitelinks, Video, Video Carousel, People also ask, Related searches, AI overview",informational,Organic
security cameras tuya smart device,43,43,30,10,1.12,https://www.icseecam.com/easy-tuya-smart-camera-setup-guide/,0,0,0,1,189,"18, 18, 100, 18, 18, 18, 18, 18, 18, 18, 18, 18",2026-06-24 09:56:29,"Sitelinks, Reviews, Video, Video Carousel, People also ask, Popular products, Related searches, Discussions and forums",commercial,Organic
security cameras tuya smart device,49,49,30,10,1.12,https://www.icseecam.com/tuya-smart-camera/,0,0,0,1,189,"18, 18, 100, 18, 18, 18, 18, 18, 18, 18, 18, 18",2026-06-24 09:56:29,"Sitelinks, Reviews, Video, Video Carousel, People also ask, Popular products, Related searches, Discussions and forums",commercial,Organic
security cameras tuya smart device,59,59,30,10,1.12,https://www.icseecam.com/tuya-smart-camera-manual/,0,0,0,1,189,"18, 18, 100, 18, 18, 18, 18, 18, 18, 18, 18, 18",2026-06-24 09:56:29,"Sitelinks, Reviews, Video, Video Carousel, People also ask, Popular products, Related searches, Discussions and forums",commercial,Organic
ring continuous recording,37,37,210,25,2.33,https://www.icseecam.com/do-ring-cameras-record-24-7/,0,0,0,0.24,174,"53, 65, 81, 65, 53, 65, 53, 53, 53, 65, 65, 65",2026-07-04 16:22:28,"Sitelinks, Reviews, Video, Video Carousel, People also ask, Related searches, AI overview","informational, transactional",Organic
arlo vs ring security camera,41,41,40,14,1.79,https://www.icseecam.com/arlo-vs-ring-cameras/,0,0,0,0.95,152,"52, 52, 52, 9, 9, 9, 9, 9, 9, 9, 9, 9",2026-07-29 22:41:55,"Sitelinks, Video, Video Carousel, People also ask, Related searches, AI overview",commercial,Organic
blink camera vs ring camera,45,45,70,30,0.42,https://www.icseecam.com/blink-vs-ring-camera-5-key-comparisons/,0,0,0,0.85,102,"14, 78, 14, 14, 14, 78, 100, 78, 50, 50, 50, 50",2026-08-07 04:10:35,"Sitelinks, Video, People also ask, Related searches, Discussions and forums, AI overview",commercial,Organic
arlo versus ring,46,46,90,23,1.64,https://www.icseecam.com/arlo-vs-ring-cameras/,0,0,0,0.95,153,"0, 1, 2, 1, 1, 0, 3, 1, 0, 36, 0, 6",2026-07-30 17:58:35,"Sitelinks, Video, Video Carousel, People also ask, Related searches, Discussions and forums, AI overview",commercial,Organic
how to connect ring camera,53,53,170,31,1.49,https://www.icseecam.com/how-to-set-up-ring-camera%EF%BC%9F/,0,0,0,0.07,137,"80, 80, 100, 80, 66, 80, 80, 66, 66, 52, 66, 80",2026-08-09 08:47:33,"Video, Video Carousel, People also ask, Related searches, AI overview",informational,Organic
como funcionan camaras de seguridad,81,81,40,3,0,https://icseecam.com/es/how-do-security-cameras-work/,0,0,0,0.59,120,"52, 52, 9, 9, 9, 9, 9, 9, 9, 9, 9, 9",2026-06-30 23:55:54,"Reviews, Video, Video Carousel, People also ask, Related searches, Short videos, AI overview",informational,Organic
como funcionan camaras de seguridad,93,93,40,3,0,https://www.icseecam.com/es/how-motion-tracking-security-cameras-are-made%EF%BC%9F/,0,0,0,0.59,120,"52, 52, 9, 9, 9, 9, 9, 9, 9, 9, 9, 9",2026-06-30 23:55:54,"Reviews, Video, Video Carousel, People also ask, Related searches, Short videos, AI overview",informational,Organic
is ring or blink cameras better,40,40,30,24,1.84,https://www.icseecam.com/blink-vs-ring-camera-5-key-comparisons/,0,0,0,0.76,73,"0, 40, 40, 40, 100, 100, 100, 40, 40, 80, 40",2026-07-12 13:26:58,"Sitelinks, Video, Video Carousel, People also ask, Related searches, Short videos, AI overview",informational,Organic
is ring or blink cameras better,54,54,30,24,1.84,https://www.icseecam.com/fr/blink-vs-ring-camera-5-key-comparisons/,0,0,0,0.76,73,"0, 40, 40, 40, 100, 100, 100, 40, 40, 80, 40",2026-07-12 13:26:58,"Sitelinks, Video, Video Carousel, People also ask, Related searches, Short videos, AI overview",informational,Organic
is ring or blink cameras better,66,66,30,24,1.84,https://www.icseecam.com/de/blink-vs-ring-camera-5-key-comparisons/,0,0,0,0.76,73,"0, 40, 40, 40, 100, 100, 100, 40, 40, 80, 40",2026-07-12 13:26:58,"Sitelinks, Video, Video Carousel, People also ask, Related searches, Short videos, AI overview",informational,Organic
ring camera flashing blue,23,23,480,25,0,https://www.icseecam.com/what-does-solid-blue-light-on-ring-cameras-mean%EF%BC%9F/,0,0,0,0.33,157,"21, 39, 39, 39, 32, 39, 59, 88, 100, 72, 48, 32",2026-07-13 23:54:42,"Sitelinks, Video, Video Carousel, People also ask, Related searches, AI overview",informational,Organic
camera ip wifi eseecloud,38,38,40,21,0,https://www.icseecam.com/what-is-eseecloud/,0,0,0,0,193,"35, 50, 78, 100, 28, 14, 14, 14, 14, 14, 7, 0",2026-08-03 06:14:57,"Sitelinks, Reviews, Video, Video Carousel, People also ask, Popular products, Related searches","commercial, informational",Organic
how to connect ring cameras to new wifi,59,59,140,23,0.01,https://www.icseecam.com/how-to-reconnect-ring-camera-to-wifi/,0,0,0,0.03,100,"81, 100, 43, 9, 21, 21, 21, 53, 21, 21, 0, 65",2026-08-07 16:14:57,"Sitelinks, Reviews, Video, Video Carousel, People also ask, Related searches, AI overview",informational,Organic
manufacturer of solar panels,89,89,90,56,4.3,https://www.icseecam.com/top-10-solar-panel-manufacturers-in-the-usa-2025/,0,0,0,0.19,135,"6, 23, 18, 15, 18, 8, 15, 18, 15, 8, 6, 15",2026-08-08 15:00:08,"Local pack, Sitelinks, Video, Ads bottom, People also ask, Related searches, AI overview",informational,Organic
best professional cctv systems,45,45,70,42,4.57,https://www.icseecam.com/top-10-cctv-manufacturers-in-usa/,0,0,0,0.83,185,"18, 18, 18, 18, 100, 100, 18, 18, 100, 100, 100, 18",2026-07-13 09:15:19,"Sitelinks, Reviews, Video, Video Carousel, People also ask, Popular products, Related searches",commercial,Organic
security camera wiring,68,68,260,15,2.98,https://www.icseecam.com/how-to-wire-wired-security-cameras%EF%BC%9F/,0,0,0,1,160,"8, 13, 7, 3, 4, 2, 1, 24, 2, 2, 41, 5",2026-08-02 19:54:49,"Image pack, Sitelinks, Reviews, Video, Image, Video Carousel, People also ask, Related searches, AI overview",informational,Organic
best camera without subscription,46,46,210,34,1.36,https://www.icseecam.com/best-home-security-camera-without-subscription/,0,0,0,1,171,"53, 53, 81, 81, 53, 65, 100, 81, 65, 65, 65, 81",2026-06-27 17:55:04,"Sitelinks, Video, Video Carousel, People also ask, Popular products, Related searches, Discussions and forums, AI overview",commercial,Organic
isee home camera,40,40,30,7,1.64,https://www.icseecam.com/icsee/,0,0,0,0.94,200,"23, 29, 29, 41, 0, 17, 5, 0, 0, 23, 17, 29",2026-07-29 04:50:49,"Sitelinks, Reviews, Video, Video Carousel, People also ask, Popular products, Related searches, AI overview",commercial,Organic
isee home camera,49,49,30,7,1.64,https://www.icseecam.com/,0,0,0,0.94,200,"23, 29, 29, 41, 0, 17, 5, 0, 0, 23, 17, 29",2026-07-29 04:50:49,"Sitelinks, Reviews, Video, Video Carousel, People also ask, Popular products, Related searches, AI overview",commercial,Organic
ring camera light meaning,21,21,210,26,0,https://www.icseecam.com/what-does-solid-blue-light-on-ring-cameras-mean%EF%BC%9F/,0,0,0,0.01,164,"80, 80, 80, 65, 80, 65, 80, 65, 65, 65, 65, 65",2026-08-13 07:12:29,"Sitelinks, Video, Video Carousel, People also ask, Related searches, AI overview",informational,Organic
top home security camera brands,70,70,30,52,4.21,https://www.icseecam.com/top-10-cctv-camera-brands/,0,0,0,0.83,163,"28, 42, 42, 100, 57, 28, 28, 28, 28, 28, 28, 28",2026-08-07 02:15:51,"Sitelinks, Reviews, Video, Video Carousel, People also ask, Popular products, Related searches, Discussions and forums, AI overview",commercial,Organic
camhipro,14,14,390,32,0.32,https://www.icseecam.com/what-is-camhipro/,0,0,0,0.24,106,"16, 13, 20, 10, 13, 13, 24, 13, 16, 16, 20, 24",2026-07-20 08:36:04,"Sitelinks, Reviews, Video, People also ask, Related searches, Things to know, AI overview",informational,Organic
s10 wifi t31,29,29,40,0,0,https://www.icseecam.com/product/rbx-s10-outdoor-low-power-solar-camera/,0,0,0,0.33,161,"18, 36, 100, 100, 18, 18, 36, 63, 18, 0, 18, 18",2026-07-18 03:31:28,"Video, Image, Related searches",commercial,Organic
security cameras that don t need a subscription,67,67,50,32,1.42,https://www.icseecam.com/best-home-security-camera-without-subscription/,0,0,0,1,116,"45, 63, 63, 63, 100, 100, 0, 63, 0, 0, 0, 0",2026-08-07 12:02:47,"Sitelinks, Reviews, Video, People also ask, Popular products, Related searches, Discussions and forums, AI overview",commercial,Organic
eseecloud windows 11,38,38,40,17,0,https://www.icseecam.com/eseecloud-app-download/,0,0,0,0.33,100,"7, 7, 7, 7, 7, 7, 7, 7, 7, 7, 100, 7",2026-07-16 14:02:56,"Sitelinks, Reviews, Video, Video Carousel, People also ask, Related searches, AI overview",informational,Organic
eseecloud windows 11,46,46,40,17,0,https://www.icseecam.com/what-is-eseecloud/,0,0,0,0.33,100,"7, 7, 7, 7, 7, 7, 7, 7, 7, 7, 100, 7",2026-07-16 14:02:56,"Sitelinks, Reviews, Video, Video Carousel, People also ask, Related searches, AI overview",informational,Organic
eseecloud windows 11,48,48,40,17,0,https://www.icseecam.com/what-is-eseecloud/,0,0,0,0.33,100,"7, 7, 7, 7, 7, 7, 7, 7, 7, 7, 100, 7",2026-07-16 14:02:56,"Sitelinks, Reviews, Video, Video Carousel, People also ask, Related searches, AI overview",informational,Organic
eseecloud windows 11,55,55,40,17,0,https://www.icseecam.com/es/eseecloud-app-download/,0,0,0,0.33,100,"7, 7, 7, 7, 7, 7, 7, 7, 7, 7, 100, 7",2026-07-16 14:02:56,"Sitelinks, Reviews, Video, Video Carousel, People also ask, Related searches, AI overview",informational,Organic
eseecloud windows 11,61,61,40,17,0,https://www.icseecam.com/hu/eseecloud-app-download/,0,0,0,0.33,100,"7, 7, 7, 7, 7, 7, 7, 7, 7, 7, 100, 7",2026-07-16 14:02:56,"Sitelinks, Reviews, Video, Video Carousel, People also ask, Related searches, AI overview",informational,Organic
what are ahd cameras,16,16,90,6,0,https://www.icseecam.com/what-is-ahd-camera-and-its-advantages/,0,0,0,0.04,20,"63, 63, 45, 63, 63, 81, 100, 100, 81, 63, 81, 100",2026-07-17 19:22:16,"Sitelinks, Video Carousel, People also ask, Related searches, AI overview",informational,Organic
us cellular security cameras,43,43,140,15,2.74,https://www.icseecam.com/cellular-security-camera-manufacturers-in-the-usa/,0,0,0,1,154,"28, 28, 34, 28, 34, 43, 43, 100, 21, 28, 43, 43",2026-06-24 23:52:53,"Sitelinks, Video, People also ask, Related searches, AI overview",informational,Organic
ring vs. nest,48,48,50,34,2.03,https://www.icseecam.com/nest-vs-ring-doorbell-camera/,0,0,0,0.48,103,"2, 0, 2, 0, 0, 3, 1, 0, 0, 59, 3, 2",2026-07-06 13:32:00,"Sitelinks, Reviews, Video, Ads bottom, Video Carousel, People also ask, Related searches, Short videos, Discussions and forums, AI overview",commercial,Organic
esee cloud camera,40,40,140,29,1.04,https://www.icseecam.com/what-is-eseecloud/,0,0,0,1,185,"4, 6, 5, 5, 4, 5, 5, 4, 29, 29, 29, 100",2026-06-27 16:48:35,"Sitelinks, Reviews, Video, Video Carousel, People also ask, Popular products, Related searches, Discussions and forums",commercial,Organic
esee cloud camera,48,48,140,29,1.04,https://www.icseecam.com/eseecloud-cameras/,0,0,0,1,185,"4, 6, 5, 5, 4, 5, 5, 4, 29, 29, 29, 100",2026-06-27 16:48:35,"Sitelinks, Reviews, Video, Video Carousel, People also ask, Popular products, Related searches, Discussions and forums",commercial,Organic
esee cloud camera,55,55,140,29,1.04,https://www.icseecam.com/product-category/eseecloud/,0,0,0,1,185,"4, 6, 5, 5, 4, 5, 5, 4, 29, 29, 29, 100",2026-06-27 16:48:35,"Sitelinks, Reviews, Video, Video Carousel, People also ask, Popular products, Related searches, Discussions and forums",commercial,Organic
esee cloud camera,57,57,140,29,1.04,https://www.icseecam.com/product-category/eseecloud/,0,0,0,1,185,"4, 6, 5, 5, 4, 5, 5, 4, 29, 29, 29, 100",2026-06-27 16:48:35,"Sitelinks, Reviews, Video, Video Carousel, People also ask, Popular products, Related searches, Discussions and forums",commercial,Organic
esee cloud camera,63,63,140,29,1.04,https://www.icseecam.com/eseecloud-app-download/,0,0,0,1,185,"4, 6, 5, 5, 4, 5, 5, 4, 29, 29, 29, 100",2026-06-27 16:48:35,"Sitelinks, Reviews, Video, Video Carousel, People also ask, Popular products, Related searches, Discussions and forums",commercial,Organic
what does it mean when a ring camera is blue,30,30,40,25,0,https://www.icseecam.com/what-does-solid-blue-light-on-ring-cameras-mean%EF%BC%9F/,0,0,0,0.33,86,"18, 18, 36, 18, 18, 100, 100, 45, 36, 18, 18, 18",2026-07-08 22:02:29,"Sitelinks, Video, Featured snippet, People also ask, Related searches",informational,Organic
what does it mean when a ring camera is blue,32,32,40,25,0,https://www.icseecam.com/what-does-solid-blue-light-on-ring-cameras-mean%EF%BC%9F/,0,0,0,0.33,86,"18, 18, 36, 18, 18, 100, 100, 45, 36, 18, 18, 18",2026-07-08 22:02:29,"Sitelinks, Video, Featured snippet, People also ask, Related searches",informational,Organic
what does it mean when a ring camera is blue,71,71,40,25,0,https://icseecam.com/tl/what-does-solid-blue-light-on-ring-cameras-mean%EF%BC%9F/,0,0,0,0.33,86,"18, 18, 36, 18, 18, 100, 100, 45, 36, 18, 18, 18",2026-07-08 22:02:29,"Sitelinks, Video, Featured snippet, People also ask, Related searches",informational,Organic
best home security cameras made in usa,91,91,30,1,1.86,https://www.icseecam.com/top-10-cctv-manufacturers-in-usa/,0,0,0,1,161,"22, 22, 22, 55, 33, 77, 22, 22, 22, 33, 22, 22",2026-06-27 22:54:50,"Sitelinks, Reviews, Video, People also ask, Popular products, Related searches, Discussions and forums, AI overview",commercial,Organic
how long do businesses keep camera footage,98,98,40,7,0,https://www.icseecam.com/how-long-do-security-cameras-keep-footage/,0,0,0,0.01,113,"18, 18, 100, 45, 18, 100, 18, 18, 18, 18, 18, 18",2026-07-03 05:06:49,"Sitelinks, Reviews, Video, Video Carousel, People also ask, Related searches, AI overview",informational,Organic
ring vs arlo,53,53,590,17,2.03,https://www.icseecam.com/arlo-vs-ring-cameras/,0,0,0,0.9,97,"20, 20, 30, 24, 24, 20, 24, 20, 16, 16, 13, 13",2026-07-23 20:48:13,"Sitelinks, Reviews, Video, People also ask, Related searches, Discussions and forums, AI overview","commercial, informational",Organic
blink bs ring,41,41,110,17,1.69,https://www.icseecam.com/blink-vs-ring-camera-5-key-comparisons/,0,0,0,0.67,90,"0, 0, 1, 0, 0, 0, 100, 0, 0, 0, 0, 0",2026-07-29 01:52:28,"Sitelinks, Video, People also ask, Related searches, Discussions and forums, AI overview",commercial,Organic
inseecam,50,50,30,10,2.28,https://www.icseecam.com/,0,0,0,0.33,131,"11, 3, 0, 0, 100, 0, 0, 0, 0, 0, 0, 0",2026-07-13 10:45:47,"Sitelinks, Reviews, Video, Video Carousel, Related searches, AI overview",informational,Organic
what does the blue light mean on a ring camera,24,24,140,19,0,https://www.icseecam.com/what-does-solid-blue-light-on-ring-cameras-mean%EF%BC%9F/,0,0,0,0.33,89,"6, 34, 81, 100, 43, 34, 53, 21, 15, 34, 34, 43",2026-08-05 15:09:52,"Sitelinks, Reviews, Video, Video Carousel, People also ask, Related searches, AI overview",informational,Organic
what does the blue light mean on a ring camera,41,41,140,19,0,https://www.icseecam.com/what-does-solid-blue-light-on-ring-cameras-mean%EF%BC%9F/,0,0,0,0.33,89,"6, 34, 81, 100, 43, 34, 53, 21, 15, 34, 34, 43",2026-08-05 15:09:52,"Sitelinks, Reviews, Video, Video Carousel, People also ask, Related searches, AI overview",informational,Organic
how to view 24 7 recording on ring,9,9,40,19,0,https://www.icseecam.com/do-ring-cameras-record-24-7/,0,0,0,0.33,95,"100, 28, 28, 14, 28, 28, 14, 14, 14, 14, 14, 14",2026-07-17 20:53:34,"Sitelinks, Video, Video Carousel, People also ask, Related searches, AI overview",informational,Organic
how to view 24 7 recording on ring,32,32,40,19,0,https://www.icseecam.com/do-ring-cameras-record-24-7/,0,0,0,0.33,95,"100, 28, 28, 14, 28, 28, 14, 14, 14, 14, 14, 14",2026-07-17 20:53:34,"Sitelinks, Video, Video Carousel, People also ask, Related searches, AI overview",informational,Organic
solar panel makers in usa,82,0,140,51,3.61,https://www.icseecam.com/top-10-solar-panel-manufacturers-in-the-usa-2025/,0,0,0,0.43,187,"2, 10, 4, 6, 6, 2, 35, 35, 22, 54, 43, 81",2026-08-18 18:48:17,"Local pack, Sitelinks, Video, People also ask, Related searches, AI overview",commercial,Organic
how long do ring batteries last,54,54,480,23,1.95,https://www.icseecam.com/how-long-does-ring-camera-battery-last/,0,0,0,0.1,72,"25, 31, 37, 25, 20, 11, 31, 25, 20, 20, 31, 8",2026-07-12 06:31:19,"Sitelinks, Video, Video Carousel, People also ask, Related searches, AI overview",informational,Organic
eseecloud application,40,40,90,22,0.81,https://www.icseecam.com/what-is-eseecloud/,0,0,0,0.13,166,"0, 0, 0, 0, 0, 0, 0, 0, 100, 0, 0, 0",2026-08-17 13:58:27,"Sitelinks, Reviews, Video, Video Carousel, People also ask, Related searches, AI overview",informational,Organic
eseecloud application,52,52,90,22,0.81,https://www.icseecam.com/eseecloud-app-download/,0,0,0,0.13,166,"0, 0, 0, 0, 0, 0, 0, 0, 100, 0, 0, 0",2026-08-17 13:58:27,"Sitelinks, Reviews, Video, Video Carousel, People also ask, Related searches, AI overview",informational,Organic
how to set up a ring camera,45,45,590,29,1.07,https://www.icseecam.com/how-to-set-up-ring-camera%EF%BC%9F/,0,0,0,0.12,149,"44, 81, 81, 81, 81, 81, 81, 100, 81, 66, 81, 66",2026-06-29 09:53:53,"Video, Video Carousel, People also ask, Related searches, Short videos, Discussions and forums, AI overview",informational,Organic
best solar panels 2025 reviews,55,55,40,33,0,https://www.icseecam.com/best-solar-panel-brands-in-2025-top-6-picks/,0,0,0,0,174,"14, 64, 28, 50, 100, 50, 14, 21, 7, 7, 7, 0",2026-07-30 19:06:46,"Sitelinks, Video, Video Carousel, People also ask, Related searches, AI overview",commercial,Organic
best solar panels 2025 reviews,59,59,40,33,0,https://www.icseecam.com/best-solar-panel-brands-in-2025-top-6-picks/,0,0,0,0,174,"14, 64, 28, 50, 100, 50, 14, 21, 7, 7, 7, 0",2026-07-30 19:06:46,"Sitelinks, Video, Video Carousel, People also ask, Related searches, AI overview",commercial,Organic
what does a blue light mean on a ring camera,25,25,70,15,0,https://www.icseecam.com/what-does-solid-blue-light-on-ring-cameras-mean%EF%BC%9F/,0,0,0,0.33,121,"11, 100, 64, 64, 11, 11, 11, 82, 41, 29, 23, 11",2026-06-26 00:05:44,"Sitelinks, Video, Video Carousel, People also ask, Related searches, AI overview",informational,Organic
top rated solar panels 2025,49,49,40,39,0,https://www.icseecam.com/best-solar-panels-2025-top-picks-home-business/,0,0,0,0,145,"100, 100, 100, 100, 100, 42, 57, 28, 42, 42, 28, 0",2026-07-04 03:28:05,"Sitelinks, Video, Video Carousel, People also ask, Popular products, Related searches, AI overview",commercial,Organic
what does it mean when a ring camera turns blue,40,40,70,13,0,https://www.icseecam.com/what-does-solid-blue-light-on-ring-cameras-mean%EF%BC%9F/,0,0,0,0.33,94,"52, 100, 52, 52, 9, 19, 9, 9, 14, 9, 9, 9",2026-08-05 15:17:10,"Sitelinks, Video, Video Carousel, People also ask, Related searches, AI overview",informational,Organic
eseecloud,67,67,4400,39,1.35,https://www.icseecam.com/eseecloud-cameras/,0,0,0,0.19,126,"10, 13, 13, 10, 13, 13, 13, 13, 13, 10, 13, 10",2026-08-17 20:26:52,"Sitelinks, Reviews, Video, People also ask, Related searches, AI overview",informational,Organic
how to connect ring to wifi,50,50,1600,26,0.01,https://www.icseecam.com/how-to-reconnect-ring-camera-to-wifi/,0,0,0,0.04,127,"84, 84, 84, 84, 68, 84, 100, 100, 84, 84, 52, 68",2026-08-11 22:34:35,"Video, Video Carousel, Related searches, AI overview",informational,Organic
best home camera without subscription,58,58,390,23,2.57,https://www.icseecam.com/best-home-security-camera-without-subscription/,0,0,0,1,183,"66, 100, 54, 66, 66, 81, 66, 66, 66, 81, 81, 81",2026-08-03 04:55:20,"Sitelinks, Reviews, Video, People also ask, Popular products, Related searches, Discussions and forums, AI overview",commercial,Organic
icsee app en español,26,26,40,29,0,https://www.icseecam.com/es/download/,0,0,0,0.33,160,"100, 18, 36, 100, 81, 18, 36, 18, 18, 18, 18, 18",2026-08-16 03:22:42,"Reviews, Video, Video Carousel, People also ask, Related searches, AI overview","informational, transactional",Organic
icsee app en español,38,38,40,29,0,https://www.icseecam.com/es/icsee-pro-app-download/,0,0,0,0.33,160,"100, 18, 36, 100, 81, 18, 36, 18, 18, 18, 18, 18",2026-08-16 03:22:42,"Reviews, Video, Video Carousel, People also ask, Related searches, AI overview","informational, transactional",Organic
icsee app en español,44,44,40,29,0,https://www.icseecam.com/es/download-icsee-v380-ubox-apps/,0,0,0,0.33,160,"100, 18, 36, 100, 81, 18, 36, 18, 18, 18, 18, 18",2026-08-16 03:22:42,"Reviews, Video, Video Carousel, People also ask, Related searches, AI overview","informational, transactional",Organic
icsee app en español,48,48,40,29,0,https://www.icseecam.com/download/,0,0,0,0.33,160,"100, 18, 36, 100, 81, 18, 36, 18, 18, 18, 18, 18",2026-08-16 03:22:42,"Reviews, Video, Video Carousel, People also ask, Related searches, AI overview","informational, transactional",Organic
icsee app en español,53,53,40,29,0,https://www.icseecam.com/es/icsee-pro-app-download/,0,0,0,0.33,160,"100, 18, 36, 100, 81, 18, 36, 18, 18, 18, 18, 18",2026-08-16 03:22:42,"Reviews, Video, Video Carousel, People also ask, Related searches, AI overview","informational, transactional",Organic
icsee app en español,59,59,40,29,0,https://www.icseecam.com/es/comprehensive-icsee-camera-manual-everything-you-need-to-know/,0,0,0,0.33,160,"100, 18, 36, 100, 81, 18, 36, 18, 18, 18, 18, 18",2026-08-16 03:22:42,"Reviews, Video, Video Carousel, People also ask, Related searches, AI overview","informational, transactional",Organic
icsee app en español,66,66,40,29,0,https://www.icseecam.com/download/,0,0,0,0.33,160,"100, 18, 36, 100, 81, 18, 36, 18, 18, 18, 18, 18",2026-08-16 03:22:42,"Reviews, Video, Video Carousel, People also ask, Related searches, AI overview","informational, transactional",Organic
icsee app en español,68,68,40,29,0,https://www.icseecam.com/es/the-ultimate-guide-to-icsee-everything-you-need-to-know/,0,0,0,0.33,160,"100, 18, 36, 100, 81, 18, 36, 18, 18, 18, 18, 18",2026-08-16 03:22:42,"Reviews, Video, Video Carousel, People also ask, Related searches, AI overview","informational, transactional",Organic
icsee app en español,72,72,40,29,0,https://www.icseecam.com/es/how-to-install-the-icsee-app-for-windows-easily/,0,0,0,0.33,160,"100, 18, 36, 100, 81, 18, 36, 18, 18, 18, 18, 18",2026-08-16 03:22:42,"Reviews, Video, Video Carousel, People also ask, Related searches, AI overview","informational, transactional",Organic
icsee app en español,75,75,40,29,0,https://www.icseecam.com/es/icsee-camera-operation-guide/,0,0,0,0.33,160,"100, 18, 36, 100, 81, 18, 36, 18, 18, 18, 18, 18",2026-08-16 03:22:42,"Reviews, Video, Video Carousel, People also ask, Related searches, AI overview","informational, transactional",Organic
icsee app en español,82,82,40,29,0,https://www.icseecam.com/es/icsee-login-a-simple-guide-for-new-users/,0,0,0,0.33,160,"100, 18, 36, 100, 81, 18, 36, 18, 18, 18, 18, 18",2026-08-16 03:22:42,"Reviews, Video, Video Carousel, People also ask, Related searches, AI overview","informational, transactional",Organic
icsee app en español,83,83,40,29,0,https://www.icseecam.com/pt/download/,0,0,0,0.33,160,"100, 18, 36, 100, 81, 18, 36, 18, 18, 18, 18, 18",2026-08-16 03:22:42,"Reviews, Video, Video Carousel, People also ask, Related searches, AI overview","informational, transactional",Organic
icsee app en español,85,85,40,29,0,https://www.icseecam.com/la/download/,0,0,0,0.33,160,"100, 18, 36, 100, 81, 18, 36, 18, 18, 18, 18, 18",2026-08-16 03:22:42,"Reviews, Video, Video Carousel, People also ask, Related searches, AI overview","informational, transactional",Organic
icsee app en español,86,86,40,29,0,https://www.icseecam.com/la/download/,0,0,0,0.33,160,"100, 18, 36, 100, 81, 18, 36, 18, 18, 18, 18, 18",2026-08-16 03:22:42,"Reviews, Video, Video Carousel, People also ask, Related searches, AI overview","informational, transactional",Organic
where are eufy cameras made,12,12,40,22,0,https://www.icseecam.com/where-is-eufy-night-vision-security-camera-manufactured-in-usa-%EF%BC%9F/,0,0,0,0.06,148,"64, 17, 64, 11, 11, 11, 11, 11, 11, 11, 11, 11",2026-07-28 04:21:41,"Sitelinks, Reviews, Video, People also ask, Related searches, AI overview",informational,Organic
where are eufy cameras made,83,83,40,22,0,https://www.icseecam.com/sv/where-is-eufy-night-vision-security-camera-manufactured-in-usa-%EF%BC%9F/,0,0,0,0.06,148,"64, 17, 64, 11, 11, 11, 11, 11, 11, 11, 11, 11",2026-07-28 04:21:41,"Sitelinks, Reviews, Video, People also ask, Related searches, AI overview",informational,Organic
where are eufy cameras made,92,92,40,22,0,https://www.icseecam.com/hu/where-is-eufy-night-vision-security-camera-manufactured-in-usa-%EF%BC%9F/,0,0,0,0.06,148,"64, 17, 64, 11, 11, 11, 11, 11, 11, 11, 11, 11",2026-07-28 04:21:41,"Sitelinks, Reviews, Video, People also ask, Related searches, AI overview",informational,Organic
where are eufy cameras made,96,96,40,22,0,https://www.icseecam.com/zh-TW/where-is-eufy-night-vision-security-camera-manufactured-in-usa-%EF%BC%9F/,0,0,0,0.06,148,"64, 17, 64, 11, 11, 11, 11, 11, 11, 11, 11, 11",2026-07-28 04:21:41,"Sitelinks, Reviews, Video, People also ask, Related searches, AI overview",informational,Organic
what color is a ring camera when someone is watching,28,28,170,18,0,https://www.icseecam.com/what-does-solid-blue-light-on-ring-cameras-mean%EF%BC%9F/,0,0,0,0.33,244000000,"42, 42, 34, 53, 53, 53, 65, 65, 65, 65, 100, 65",2026-07-27 22:54:13,"Sitelinks, Video, Video Carousel, People also ask, Related searches, AI overview",informational,Organic
5g cctv camera,27,27,40,20,0,https://www.icseecam.com/what-security-cameras-work-with-5ghz-wifi/,0,0,0,1,240,"9, 14, 19, 19, 19, 19, 19, 19, 23, 19, 14, 14",2026-07-14 16:02:58,"Sitelinks, Video, Image, Video Carousel, People also ask, Popular products, Related searches",commercial,Organic
icam cloud,84,84,40,18,0,https://www.icseecam.com/icam365-ultimate-guide-2025/,0,0,0,0.29,109,"18, 18, 63, 45, 100, 18, 18, 36, 36, 36, 36, 36",2026-07-12 21:49:51,"Reviews, Video, People also ask, Related searches, AI overview",informational,Organic
icsee apk,29,29,90,32,0,https://www.icseecam.com/download/,0,0,0,0.33,116,"7, 7, 7, 7, 7, 7, 7, 65, 42, 65, 100, 65",2026-07-15 08:15:01,"Reviews, Video, Related searches, AI overview",informational,Organic
icsee apk,56,56,90,32,0,https://www.icseecam.com/pt/download/,0,0,0,0.33,116,"7, 7, 7, 7, 7, 7, 7, 65, 42, 65, 100, 65",2026-07-15 08:15:01,"Reviews, Video, Related searches, AI overview",informational,Organic
eufy company origin,37,37,50,22,0,https://www.icseecam.com/where-is-eufy-night-vision-security-camera-manufactured-in-usa-%EF%BC%9F/,0,0,0,0.33,98,"41, 52, 29, 41, 41, 52, 41, 11, 11, 11, 23, 11",2026-08-15 11:38:07,"Sitelinks, Reviews, Video, People also ask, Related searches, AI overview",informational,Organic
turn on 24 7 recording ring,40,40,40,25,0,https://www.icseecam.com/do-ring-cameras-record-24-7/,0,0,0,0.33,69,"14, 64, 14, 100, 64, 14, 14, 28, 14, 14, 14, 14",2026-07-19 19:45:35,"Sitelinks, Video, Video Carousel, People also ask, Related searches, AI overview",informational,Organic
esse cloud camera,14,14,40,44,1.04,https://www.icseecam.com/product-category/eseecloud/,0,0,0,1,182,"5, 5, 5, 5, 5, 5, 11, 17, 41, 41, 82, 100",2026-07-22 13:10:19,"Sitelinks, Reviews, Video, Video Carousel, People also ask, Popular products, Related searches, AI overview",commercial,Organic
does ring have 24 7 recording,43,43,70,23,5.09,https://www.icseecam.com/do-ring-cameras-record-24-7/,0,0,0,0.22,67,"100, 18, 100, 100, 18, 63, 81, 63, 63, 63, 45, 63",2026-07-28 14:55:02,"Sitelinks, Video, Video Carousel, People also ask, Related searches, AI overview",informational,Organic
does ring have 24 7 recording,51,51,70,23,5.09,https://www.icseecam.com/do-ring-cameras-record-24-7/,0,0,0,0.22,67,"100, 18, 100, 100, 18, 63, 81, 63, 63, 63, 45, 63",2026-07-28 14:55:02,"Sitelinks, Video, Video Carousel, People also ask, Related searches, AI overview",informational,Organic
esee cameras,37,37,90,29,0.59,https://www.icseecam.com/what-is-eseecloud/,0,0,0,0.98,131,"11, 19, 19, 100, 34, 26, 26, 26, 26, 11, 65, 7",2026-06-27 11:07:47,"Sitelinks, Reviews, Video, Video Carousel, People also ask, Popular products, Related searches",commercial,Organic
esee cameras,38,38,90,29,0.59,https://www.icseecam.com/what-is-eseecloud/,0,0,0,0.98,131,"11, 19, 19, 100, 34, 26, 26, 26, 26, 11, 65, 7",2026-06-27 11:07:47,"Sitelinks, Reviews, Video, Video Carousel, People also ask, Popular products, Related searches",commercial,Organic
esee cameras,45,45,90,29,0.59,https://www.icseecam.com/eseecloud-cameras/,0,0,0,0.98,131,"11, 19, 19, 100, 34, 26, 26, 26, 26, 11, 65, 7",2026-06-27 11:07:47,"Sitelinks, Reviews, Video, Video Carousel, People also ask, Popular products, Related searches",commercial,Organic
surveillance camera companies,73,73,210,67,21.12,https://www.icseecam.com/top-10-cctv-manufacturers-in-usa/,0,0,0,0.47,189,"53, 82, 82, 100, 43, 35, 35, 66, 28, 43, 53, 28",2026-08-05 16:46:00,"Local pack, Sitelinks, Reviews, Video, Image, People also ask, Popular products, Related searches, Discussions and forums, AI overview",commercial,Organic
security camera free,64,0,30,50,5.99,https://www.icseecam.com/top-subscription-free-security-cameras/,0,0,0,0.83,177,"0, 100, 100, 42, 42, 57, 42, 57, 28, 28, 42, 28",2026-08-18 19:07:54,"Sitelinks, Reviews, Video, Image, People also ask, Related searches, Discussions and forums, AI overview",commercial,Organic
wired free security camera,53,53,110,,0,https://www.icseecam.com/best-wire-free-home-security-cameras-in-2026/,0,0,0,0.33,200,"3, 3, 3, 3, 3, 3, 3, 23, 18, 18, 18, 100",2026-07-19 04:03:57,"Sitelinks, Video, Video Carousel, People also ask, Popular products, Related searches, Discussions and forums",commercial,Organic
does ring camera record continuously,49,49,50,26,0,https://www.icseecam.com/do-ring-cameras-record-24-7/,0,0,0,0.03,80,"14, 35, 64, 50, 50, 35, 28, 35, 50, 50, 35, 14",2026-08-04 08:17:23,"Sitelinks, Reviews, Video, Video Carousel, People also ask, Related searches, AI overview",informational,Organic
ip cam outdoor camhi 5mp,12,12,40,17,0,https://www.icseecam.com/what-is-camhipro/,0,0,0,0.33,153,"18, 100, 18, 36, 100, 18, 18, 18, 18, 18, 18, 18",2026-07-18 01:03:59,"Sitelinks, Video, Popular products, Related searches",commercial,Organic
icam365 manual,27,27,70,8,0,https://www.icseecam.com/icam365-ultimate-guide-2025/,0,0,0,0.03,125,"33, 19, 33, 42, 42, 42, 52, 23, 23, 9, 9, 19",2026-07-30 19:38:11,"Video, Video Carousel, People also ask, Related searches, AI overview",informational,Organic
dual camera ip,50,50,320,6,0.32,https://www.icseecam.com/10-best-dual-lens-security-camera-manufacturers/,0,0,0,0.29,171,"66, 66, 66, 66, 82, 82, 82, 82, 100, 82, 82, 100",2026-07-03 08:15:37,"Sitelinks, Reviews, Video, Video Carousel, People also ask, Popular products, Related searches, Discussions and forums",commercial,Organic
i see home camera,43,43,70,29,2.63,https://www.icseecam.com/,0,0,0,0.95,200,"63, 63, 100, 81, 45, 36, 63, 45, 36, 63, 63, 45",2026-08-09 06:44:56,"Sitelinks, Reviews, Video, People also ask, Popular products, Related searches",commercial,Organic
i see home camera,57,57,70,29,2.63,https://www.icseecam.com/icsee/,0,0,0,0.95,200,"63, 63, 100, 81, 45, 36, 63, 45, 36, 63, 63, 45",2026-08-09 06:44:56,"Sitelinks, Reviews, Video, People also ask, Popular products, Related searches",commercial,Organic
i see home camera,65,65,70,29,2.63,https://www.icseecam.com/icsee-camera-operation-guide/,0,0,0,0.95,200,"63, 63, 100, 81, 45, 36, 63, 45, 36, 63, 63, 45",2026-08-09 06:44:56,"Sitelinks, Reviews, Video, People also ask, Popular products, Related searches",commercial,Organic
ycc365 plus camera app,43,43,40,39,0,https://www.icseecam.com/ycc365-plus/,0,0,0,0.04,147,"71, 28, 28, 100, 71, 100, 57, 71, 71, 100, 57, 28",2026-07-20 17:38:46,"Reviews, Video, Video Carousel, People also ask, Related searches, AI overview",informational,Organic
no subscription cameras,48,48,90,34,1.89,https://www.icseecam.com/best-home-security-camera-without-subscription/,0,0,0,1,199,"63, 81, 81, 63, 81, 63, 100, 81, 100, 63, 63, 81",2026-07-28 05:40:34,"Sitelinks, Reviews, Video, Ads bottom, Video Carousel, People also ask, Popular products, Related searches, Discussions and forums, AI overview",commercial,Organic
camera system companies,91,0,30,74,34.4,https://www.icseecam.com/top-10-cctv-manufacturers-in-usa/,0,0,0,0.71,203,"0, 0, 0, 80, 60, 80, 80, 80, 60, 80, 80, 100",2026-08-18 13:10:26,"Local pack, Sitelinks, Reviews, Video, Ads bottom, People also ask, Popular products, Related searches, Discussions and forums",commercial,Organic
eseecloud website,33,33,110,19,3.93,https://www.icseecam.com/what-is-eseecloud/,0,0,0,0.13,125,"34, 15, 53, 53, 53, 53, 65, 53, 42, 42, 53, 42",2026-07-29 11:32:44,"Sitelinks, Reviews, Video, People also ask, Related searches, AI overview",informational,Organic
eseecloud website,42,42,110,19,3.93,https://www.icseecam.com/eseecloud-app-download/,0,0,0,0.13,125,"34, 15, 53, 53, 53, 53, 65, 53, 42, 42, 53, 42",2026-07-29 11:32:44,"Sitelinks, Reviews, Video, People also ask, Related searches, AI overview",informational,Organic
eseecloud website,54,54,110,19,3.93,https://www.icseecam.com/product-category/eseecloud/,0,0,0,0.13,125,"34, 15, 53, 53, 53, 53, 65, 53, 42, 42, 53, 42",2026-07-29 11:32:44,"Sitelinks, Reviews, Video, People also ask, Related searches, AI overview",informational,Organic
ubox app download,39,39,50,39,0,https://www.icseecam.com/ubox-app-download/,0,0,0,0.02,134,"18, 18, 18, 27, 36, 45, 81, 63, 63, 63, 63, 63",2026-07-18 17:35:28,"Sitelinks, Reviews, Video, People also ask, Related searches",commercial,Organic
ring camera blinking blue light,27,27,70,23,0,https://www.icseecam.com/what-does-solid-blue-light-on-ring-cameras-mean%EF%BC%9F/,0,0,0,0.33,159,"64, 11, 11, 11, 64, 11, 82, 100, 52, 64, 41, 11",2026-07-26 14:36:55,"Sitelinks, Video, Video Carousel, People also ask, Related searches, AI overview",informational,Organic
nest vs ring cameras,48,48,90,18,1.54,https://www.icseecam.com/nest-vs-ring-doorbell-camera/,0,0,0,0.7,169,"15, 26, 34, 26, 26, 26, 42, 19, 15, 100, 19, 42",2026-07-10 02:58:00,"Sitelinks, Video, Video Carousel, People also ask, Related searches, AI overview",commercial,Organic
talking security camera,52,52,110,26,1.71,https://www.icseecam.com/top-10-sound-detection-security-camera-manufacturers/,0,0,0,0.99,209,"42, 33, 42, 66, 100, 42, 42, 66, 66, 42, 42, 19",2026-07-10 01:52:17,"Sitelinks, Reviews, Video, Image, Video Carousel, People also ask, Popular products, Related searches, Discussions and forums, AI overview",commercial,Organic
icam365,46,46,1300,38,0.27,https://www.icseecam.com/icam365-app-download/,0,0,0,0.84,130,"16, 19, 16, 16, 12, 16, 16, 8, 10, 12, 16, 16",2026-08-09 11:33:03,"Sitelinks, Reviews, Video, Video Carousel, People also ask, Related searches, Things to know, AI overview",informational,Organic
tuya smart camera,37,37,210,9,0.54,https://www.icseecam.com/tuya-smart-camera-manual/,0,0,0,1,195,"13, 16, 20, 7, 7, 10, 4, 10, 5, 4, 7, 5",2026-06-29 01:06:07,"Sitelinks, Reviews, Video, Video Carousel, People also ask, Popular products, Related searches, Discussions and forums, AI overview","commercial, informational",Organic
tuya smart camera,46,46,210,9,0.54,https://www.icseecam.com/tuya-smart-camera/,0,0,0,1,195,"13, 16, 20, 7, 7, 10, 4, 10, 5, 4, 7, 5",2026-06-29 01:06:07,"Sitelinks, Reviews, Video, Video Carousel, People also ask, Popular products, Related searches, Discussions and forums, AI overview","commercial, informational",Organic
home security cameras without subscription,62,62,1600,36,4.06,https://www.icseecam.com/best-home-security-camera-without-subscription/,0,0,0,1,188,"84, 100, 84, 84, 84, 100, 84, 100, 68, 84, 84, 100",2026-08-09 06:53:46,"Sitelinks, Reviews, Video, Image, Ads bottom, People also ask, Popular products, Related searches, Discussions and forums, AI overview",commercial,Organic
home security cameras without subscription,69,69,1600,36,4.06,https://www.icseecam.com/best-home-security-camera-without-subscription/,0,0,0,1,188,"84, 100, 84, 84, 84, 100, 84, 100, 68, 84, 84, 100",2026-08-09 06:53:46,"Sitelinks, Reviews, Video, Image, Ads bottom, People also ask, Popular products, Related searches, Discussions and forums, AI overview",commercial,Organic
what is a poe camera system,84,84,70,13,1.27,https://www.icseecam.com/what-is-a-poe-camera/,0,0,0,0.87,184,"33, 42, 23, 33, 42, 42, 23, 23, 33, 52, 9, 66",2026-08-15 03:36:48,"Sitelinks, Reviews, Video, Video Carousel, People also ask, Related searches, AI overview",informational,Organic
us camera companies,74,74,70,28,4.66,https://www.icseecam.com/top-10-cctv-manufacturers-in-usa/,0,0,0,0.11,189,"26, 26, 26, 42, 19, 19, 19, 26, 26, 26, 26, 42",2026-08-12 01:35:12,"Image pack, Sitelinks, Reviews, Video, Video Carousel, People also ask, Related searches, AI overview",informational,Organic
why is my ring camera blinking blue,22,22,140,25,0,https://www.icseecam.com/what-does-solid-blue-light-on-ring-cameras-mean%EF%BC%9F/,0,0,0,0.01,93,"21, 28, 53, 53, 65, 81, 81, 65, 43, 28, 21, 28",2026-06-28 08:22:16,"Sitelinks, Reviews, Video, Video Carousel, People also ask, Related searches, Short videos, AI overview",informational,Organic
what do ghosts look like on camera,68,68,70,35,0,https://www.icseecam.com/what-causes-ghost-images-on-security-cameras/,0,0,0,0.33,117,"18, 18, 18, 18, 18, 100, 100, 18, 100, 100, 63, 63",2026-07-08 22:08:54,"Sitelinks, Reviews, Video, Image, Video Carousel, People also ask, Related searches, AI overview",informational,Organic
does blink record 24 7,33,33,40,14,0,https://www.icseecam.com/do-blink-cameras-record-24-7/,0,0,0,0.09,122,"44, 0, 77, 55, 44, 77, 44, 33, 0, 55, 55, 55",2026-06-26 16:58:29,"Sitelinks, Reviews, Video, Video Carousel, People also ask, Related searches, AI overview",informational,Organic
how far can a security camera see,76,76,40,9,0,https://www.icseecam.com/how-far-can-security-cameras-see%EF%BC%9F/,0,0,0,0.12,158,"80, 100, 100, 40, 80, 60, 40, 40, 60, 100, 60, 100",2026-07-22 02:41:27,"Sitelinks, Reviews, Video, Video Carousel, People also ask, Related searches, Discussions and forums, AI overview",informational,Organic
ring 24 7 cameras,52,52,30,34,2.61,https://www.icseecam.com/do-ring-cameras-record-24-7/,0,0,0,0.96,0,"11, 52, 11, 11, 11, 11, 11, 11, 11, 11, 11, 11",2026-08-12 01:57:13,"Sitelinks, Video, People also ask, Popular products, Related searches, Discussions and forums","navigational, transactional",Organic
recommended cctv for home,58,58,110,70,2.6,https://www.icseecam.com/top-10-cctv-camera-brands-in-the-united-states/,0,0,0,1,177,"82, 35, 17, 35, 23, 28, 35, 23, 28, 23, 23, 28",2026-07-15 15:17:26,"Sitelinks, Reviews, Video, Ads bottom, Video Carousel, Popular products, Related searches, Discussions and forums, AI overview",commercial,Organic
ring camera vs google nest,60,60,50,24,1.95,https://www.icseecam.com/nest-vs-ring-doorbell-camera/,0,0,0,0.93,162,"11, 11, 11, 29, 23, 29, 29, 41, 41, 64, 41, 41",2026-06-26 23:44:39,"Sitelinks, Reviews, Video, Video Carousel, People also ask, Related searches, Discussions and forums, AI overview",commercial,Organic
como conectar el ring al wifi,33,33,40,13,0,https://www.icseecam.com/es/how-to-reconnect-ring-camera-to-wifi/,0,0,0,0.01,161,"14, 100, 14, 14, 78, 28, 14, 28, 14, 14, 14, 14",2026-07-06 07:37:55,"Video, Video Carousel, People also ask, Related searches, Discussions and forums, AI overview",informational,Organic
best nvr system,58,58,40,26,2.9,https://www.icseecam.com/best-home-security-camera-with-nvr-systems-2026/,0,0,0,1,168,"45, 36, 18, 18, 100, 100, 18, 18, 0, 18, 18, 18",2026-08-13 09:48:34,"Sitelinks, Reviews, Video, Video Carousel, People also ask, Popular products, Related searches, Discussions and forums, AI overview",commercial,Organic
is blink and ring the same thing,47,47,40,23,0,https://www.icseecam.com/blink-vs-ring-camera-5-key-comparisons/,0,0,0,0.09,107,"14, 14, 14, 14, 35, 78, 100, 14, 14, 14, 14, 14",2026-08-17 20:17:10,"Sitelinks, Video, Video Carousel, People also ask, Related searches, AI overview","commercial, informational",Organic
is blink and ring the same thing,49,49,40,23,0,https://www.icseecam.com/blink-vs-ring-camera-5-key-comparisons/,0,0,0,0.09,107,"14, 14, 14, 14, 35, 78, 100, 14, 14, 14, 14, 14",2026-08-17 20:17:10,"Sitelinks, Video, Video Carousel, People also ask, Related searches, AI overview","commercial, informational",Organic
ring doorbell solid blue light,35,35,90,21,0,https://www.icseecam.com/what-does-solid-blue-light-on-ring-cameras-mean%EF%BC%9F/,0,0,0,0.33,102,"34, 42, 34, 34, 26, 26, 34, 42, 42, 26, 26, 26",2026-08-10 08:30:53,"Sitelinks, Video, Video Carousel, People also ask, Related searches, AI overview",informational,Organic
cctv in usa,57,57,90,42,3.64,https://www.icseecam.com/top-10-cctv-manufacturers-in-usa/,0,0,0,0.15,198,"41, 41, 52, 64, 52, 52, 52, 52, 52, 41, 52, 41",2026-07-10 18:05:14,"Sitelinks, Reviews, Video, People also ask, Popular products, Related searches, Ads middle, AI overview","commercial, informational",Organic
icom365,45,0,210,38,0,https://www.icseecam.com/icam365-ultimate-guide-2025/,0,0,0,0.33,146,"2, 0, 100, 0, 4, 13, 8, 0, 0, 0, 0, 3",2026-08-18 21:17:27,"Sitelinks, Reviews, Video, Video Carousel, People also ask, Related searches",informational,Organic
who owns wyze cam,62,62,110,36,0,https://www.icseecam.com/where-is-wyze-security-camera-manufactured%EF%BC%9F/,0,0,0,0.33,138,"4, 4, 6, 4, 8, 10, 4, 8, 8, 8, 6, 8",2026-08-04 21:45:54,"Sitelinks, Reviews, Video, People also ask, Related searches, AI overview",informational,Organic
wholesale surveillance cameras,79,79,70,12,7.39,https://www.icseecam.com/top-10-cctv-camera-wholesale-suppliers/,0,0,0,0.48,170,"64, 52, 41, 29, 52, 82, 52, 52, 5, 41, 29, 11",2026-06-25 02:57:31,"Local pack, Sitelinks, Reviews, Video, Popular products, Related searches, AI overview",commercial,Organic
orb on security camera,23,23,40,16,0,https://www.icseecam.com/what-are-orbs-on-security-cameras%EF%BC%9F/,0,0,0,0.33,117,"23, 23, 23, 23, 23, 23, 29, 23, 29, 17, 23, 29",2026-07-07 15:24:45,"Sitelinks, Video, Video Carousel, People also ask, Related searches, Short videos, AI overview",informational,Organic
does arlo record 24 7,24,24,40,16,0,https://www.icseecam.com/do-arlo-cameras-record-24-7/,0,0,0,0.26,104,"50, 50, 35, 35, 35, 14, 14, 14, 14, 14, 14, 14",2026-08-12 12:01:21,"Sitelinks, Video, People also ask, Related searches, AI overview",informational,Organic
does arlo record 24 7,36,36,40,16,0,https://www.icseecam.com/zh-TW/do-arlo-cameras-record-24-7/,0,0,0,0.26,104,"50, 50, 35, 35, 35, 14, 14, 14, 14, 14, 14, 14",2026-08-12 12:01:21,"Sitelinks, Video, People also ask, Related searches, AI overview",informational,Organic
does arlo record 24 7,43,43,40,16,0,https://www.icseecam.com/fr/do-arlo-cameras-record-24-7/,0,0,0,0.26,104,"50, 50, 35, 35, 35, 14, 14, 14, 14, 14, 14, 14",2026-08-12 12:01:21,"Sitelinks, Video, People also ask, Related searches, AI overview",informational,Organic
best long range security camera,70,70,110,26,1.4,https://www.icseecam.com/top-5-long-range-security-camera-manufacturers/,0,0,0,1,129,"6, 6, 6, 8, 8, 8, 4, 6, 4, 3, 5, 5",2026-07-14 03:18:23,"Sitelinks, Reviews, Video, Image, Video Carousel, People also ask, Popular products, Related searches, AI overview",commercial,Organic
no subscription security camera,49,49,5400,39,1.88,https://www.icseecam.com/best-home-security-camera-without-subscription/,0,0,0,1,187,"66, 54, 66, 100, 66, 100, 81, 66, 66, 54, 44, 66",2026-08-12 15:35:49,"Sitelinks, Reviews, Video, Image, People also ask, Related searches, Discussions and forums, AI overview",commercial,Organic
best ptz camera outdoor,54,54,70,17,1,https://www.icseecam.com/top-10-ptz-camera-brands-for-home-security-in-2025/,0,0,0,1,156,"63, 63, 81, 63, 63, 45, 81, 81, 36, 100, 63, 100",2026-07-07 05:49:48,"Sitelinks, Reviews, Video, Image, Video Carousel, People also ask, Popular products, Related searches, Discussions and forums, AI overview",commercial,Organic
camera de segurança solar,34,34,40,19,0,https://www.icseecam.com/pt/solar-powered-security-cameras-2025-guide/,0,0,0,0.43,240,"11, 11, 11, 64, 64, 11, 11, 11, 11, 11, 11, 11",2026-07-12 16:29:22,"Image pack, Sitelinks, Video, Image, Video Carousel, People also ask, Popular products, Related searches, Short videos",commercial,Organic
camera de segurança solar,39,39,40,19,0,https://www.icseecam.com/pt/whats-the-best-solar-security-cameras/,0,0,0,0.43,240,"11, 11, 11, 64, 64, 11, 11, 11, 11, 11, 11, 11",2026-07-12 16:29:22,"Image pack, Sitelinks, Video, Image, Video Carousel, People also ask, Popular products, Related searches, Short videos",commercial,Organic
camera de segurança solar,43,43,40,19,0,https://www.icseecam.com/pt/product-category/solar-security-camera/,0,0,0,0.43,240,"11, 11, 11, 64, 64, 11, 11, 11, 11, 11, 11, 11",2026-07-12 16:29:22,"Image pack, Sitelinks, Video, Image, Video Carousel, People also ask, Popular products, Related searches, Short videos",commercial,Organic
compare blink and ring,42,42,40,21,0.78,https://www.icseecam.com/blink-vs-ring-camera-5-key-comparisons/,0,0,0,0.91,91,"28, 57, 100, 28, 28, 71, 100, 42, 42, 28, 28, 28",2026-07-03 09:12:47,"Sitelinks, Video, Video Carousel, People also ask, Related searches, AI overview",informational,Organic
how do i set up my ring camera,42,42,50,33,1.13,https://www.icseecam.com/how-to-set-up-ring-camera%EF%BC%9F/,0,0,0,0.16,144,"14, 14, 14, 14, 14, 14, 28, 100, 35, 21, 78, 78",2026-07-01 23:58:29,"Video, People also ask, Related searches, Short videos, Discussions and forums, AI overview",informational,Organic
camera security wholesale,95,95,70,52,0,https://www.icseecam.com/top-10-cctv-camera-wholesale-suppliers/,0,0,0,0.06,178,"66, 4, 4, 100, 42, 42, 52, 66, 0, 0, 0, 14",2026-06-27 04:15:53,"Local pack, Sitelinks, Reviews, Video, Popular products, Related searches",commercial,Organic
best home security cameras without subscription,57,57,1600,33,2.57,https://www.icseecam.com/best-home-security-camera-without-subscription/,0,0,0,1,112,"54, 66, 41, 66, 41, 54, 41, 100, 54, 100, 66, 41",2026-07-22 02:06:41,"Sitelinks, Reviews, Video, Image, People also ask, Popular products, Related searches, Discussions and forums, AI overview",commercial,Organic
icsee wifi camera 5mp 180,31,31,40,20,0,https://www.icseecam.com/icsee/,0,0,0,0.33,98700,"0, 100, 18, 36, 100, 18, 18, 18, 18, 18, 18, 18",2026-07-17 21:26:49,"Sitelinks, Reviews, Video, Video Carousel, People also ask, Popular products, Related searches",commercial,Organic
icsee wifi camera 5mp 180,35,35,40,20,0,https://www.icseecam.com/product-category/icsee/,0,0,0,0.33,98700,"0, 100, 18, 36, 100, 18, 18, 18, 18, 18, 18, 18",2026-07-17 21:26:49,"Sitelinks, Reviews, Video, Video Carousel, People also ask, Popular products, Related searches",commercial,Organic
icsee wifi camera 5mp 180,38,38,40,20,0,https://www.icseecam.com/icsee/,0,0,0,0.33,98700,"0, 100, 18, 36, 100, 18, 18, 18, 18, 18, 18, 18",2026-07-17 21:26:49,"Sitelinks, Reviews, Video, Video Carousel, People also ask, Popular products, Related searches",commercial,Organic
icsee wifi camera 5mp 180,41,41,40,20,0,https://www.icseecam.com/icsee-camera-operation-guide/,0,0,0,0.33,98700,"0, 100, 18, 36, 100, 18, 18, 18, 18, 18, 18, 18",2026-07-17 21:26:49,"Sitelinks, Reviews, Video, Video Carousel, People also ask, Popular products, Related searches",commercial,Organic
icsee wifi camera 5mp 180,44,44,40,20,0,https://www.icseecam.com/product-category/icsee/,0,0,0,0.33,98700,"0, 100, 18, 36, 100, 18, 18, 18, 18, 18, 18, 18",2026-07-17 21:26:49,"Sitelinks, Reviews, Video, Video Carousel, People also ask, Popular products, Related searches",commercial,Organic
icsee wifi camera 5mp 180,45,45,40,20,0,https://www.icseecam.com/product/icsee-best-smart-baby-monitor-camera/,0,0,0,0.33,98700,"0, 100, 18, 36, 100, 18, 18, 18, 18, 18, 18, 18",2026-07-17 21:26:49,"Sitelinks, Reviews, Video, Video Carousel, People also ask, Popular products, Related searches",commercial,Organic
icsee wifi camera 5mp 180,46,46,40,20,0,https://www.icseecam.com/products/,0,0,0,0.33,98700,"0, 100, 18, 36, 100, 18, 18, 18, 18, 18, 18, 18",2026-07-17 21:26:49,"Sitelinks, Reviews, Video, Video Carousel, People also ask, Popular products, Related searches",commercial,Organic
icsee wifi camera 5mp 180,47,47,40,20,0,https://www.icseecam.com/product/icsee-abq-q6-solar-powered-security-camera/,0,0,0,0.33,98700,"0, 100, 18, 36, 100, 18, 18, 18, 18, 18, 18, 18",2026-07-17 21:26:49,"Sitelinks, Reviews, Video, Video Carousel, People also ask, Popular products, Related searches",commercial,Organic
icsee wifi camera 5mp 180,48,48,40,20,0,https://www.icseecam.com/,0,0,0,0.33,98700,"0, 100, 18, 36, 100, 18, 18, 18, 18, 18, 18, 18",2026-07-17 21:26:49,"Sitelinks, Reviews, Video, Video Carousel, People also ask, Popular products, Related searches",commercial,Organic
icsee wifi camera 5mp 180,49,49,40,20,0,https://www.icseecam.com/fr/icsee/,0,0,0,0.33,98700,"0, 100, 18, 36, 100, 18, 18, 18, 18, 18, 18, 18",2026-07-17 21:26:49,"Sitelinks, Reviews, Video, Video Carousel, People also ask, Popular products, Related searches",commercial,Organic
icsee wifi camera 5mp 180,50,50,40,20,0,https://www.icseecam.com/fr/product-category/icsee/,0,0,0,0.33,98700,"0, 100, 18, 36, 100, 18, 18, 18, 18, 18, 18, 18",2026-07-17 21:26:49,"Sitelinks, Reviews, Video, Video Carousel, People also ask, Popular products, Related searches",commercial,Organic
icsee wifi camera 5mp 180,51,51,40,20,0,https://www.icseecam.com/es/icsee/,0,0,0,0.33,98700,"0, 100, 18, 36, 100, 18, 18, 18, 18, 18, 18, 18",2026-07-17 21:26:49,"Sitelinks, Reviews, Video, Video Carousel, People also ask, Popular products, Related searches",commercial,Organic
icsee wifi camera 5mp 180,52,52,40,20,0,https://www.icseecam.com/nl/icsee/,0,0,0,0.33,98700,"0, 100, 18, 36, 100, 18, 18, 18, 18, 18, 18, 18",2026-07-17 21:26:49,"Sitelinks, Reviews, Video, Video Carousel, People also ask, Popular products, Related searches",commercial,Organic
icsee wifi camera 5mp 180,53,53,40,20,0,https://www.icseecam.com/nl/product-category/icsee/,0,0,0,0.33,98700,"0, 100, 18, 36, 100, 18, 18, 18, 18, 18, 18, 18",2026-07-17 21:26:49,"Sitelinks, Reviews, Video, Video Carousel, People also ask, Popular products, Related searches",commercial,Organic
icsee wifi camera 5mp 180,54,54,40,20,0,https://www.icseecam.com/de/icsee/,0,0,0,0.33,98700,"0, 100, 18, 36, 100, 18, 18, 18, 18, 18, 18, 18",2026-07-17 21:26:49,"Sitelinks, Reviews, Video, Video Carousel, People also ask, Popular products, Related searches",commercial,Organic
icsee wifi camera 5mp 180,55,55,40,20,0,https://www.icseecam.com/it/product-category/icsee/,0,0,0,0.33,98700,"0, 100, 18, 36, 100, 18, 18, 18, 18, 18, 18, 18",2026-07-17 21:26:49,"Sitelinks, Reviews, Video, Video Carousel, People also ask, Popular products, Related searches",commercial,Organic
icsee wifi camera 5mp 180,56,56,40,20,0,https://www.icseecam.com/hr/product-category/icsee/,0,0,0,0.33,98700,"0, 100, 18, 36, 100, 18, 18, 18, 18, 18, 18, 18",2026-07-17 21:26:49,"Sitelinks, Reviews, Video, Video Carousel, People also ask, Popular products, Related searches",commercial,Organic
icsee wifi camera 5mp 180,57,57,40,20,0,https://www.icseecam.com/de/product-category/icsee/,0,0,0,0.33,98700,"0, 100, 18, 36, 100, 18, 18, 18, 18, 18, 18, 18",2026-07-17 21:26:49,"Sitelinks, Reviews, Video, Video Carousel, People also ask, Popular products, Related searches",commercial,Organic
icsee wifi camera 5mp 180,58,58,40,20,0,https://www.icseecam.com/pl/product-category/icsee/,0,0,0,0.33,98700,"0, 100, 18, 36, 100, 18, 18, 18, 18, 18, 18, 18",2026-07-17 21:26:49,"Sitelinks, Reviews, Video, Video Carousel, People also ask, Popular products, Related searches",commercial,Organic
best surveillance camera without subscription,64,64,50,32,1.58,https://www.icseecam.com/best-home-security-camera-without-subscription/,0,0,0,1,109,"27, 18, 36, 36, 45, 36, 100, 81, 45, 45, 100, 18",2026-06-30 20:58:56,"Sitelinks, Video, Image, Ads top, Video Carousel, People also ask, Popular products, Related searches, Discussions and forums, Ads middle, AI overview",commercial,Organic
cctv icsee,41,41,40,31,0,https://www.icseecam.com/icsee/,0,0,0,0.85,163,"11, 100, 64, 11, 11, 11, 11, 11, 11, 11, 11, 11",2026-07-13 08:02:21,"Image pack, Sitelinks, Reviews, Video, Video Carousel, People also ask, Related searches, Short videos, AI overview",informational,Organic
does ring camera need internet,37,37,50,13,0,https://www.icseecam.com/do-ring-cameras-work-without-wifi/,0,0,0,0.1,121,"14, 14, 14, 14, 14, 14, 21, 100, 100, 100, 14, 14",2026-07-13 23:14:06,"Sitelinks, Video, Video Carousel, People also ask, Related searches, Discussions and forums, AI overview",informational,Organic
how do i delete ring camera footage,49,49,40,24,0,https://www.icseecam.com/how-to-remove-ring-camera-history-on-ring-app/,0,0,0,0.33,115,"18, 63, 18, 100, 18, 18, 100, 18, 18, 18, 18, 18",2026-07-17 16:06:15,"Sitelinks, Reviews, Video, Video Carousel, People also ask, Related searches, Short videos, AI overview",informational,Organic
american made surveillance cameras,68,68,260,7,2.71,https://www.icseecam.com/cellular-security-camera-manufacturers-in-the-usa/,0,0,0,1,189,"81, 54, 66, 43, 43, 43, 43, 54, 35, 35, 43, 35",2026-07-23 05:52:29,"Sitelinks, Reviews, Video, Image, People also ask, Popular products, Related searches, AI overview",informational,Organic
how to set up ring camera,42,42,1300,30,1.71,https://www.icseecam.com/how-to-set-up-ring-camera%EF%BC%9F/,0,0,0,0.08,103,"68, 100, 68, 68, 52, 68, 84, 52, 46, 52, 68, 68",2026-08-08 18:51:49,"Image pack, Video, Video Carousel, People also ask, Related searches, Discussions and forums, AI overview",informational,Organic
best brand solar panels,58,58,90,41,3.92,https://www.icseecam.com/best-solar-panel-brands-in-2025-top-6-picks/,0,0,0,0.8,179,"7, 35, 66, 53, 2, 23, 23, 12, 7, 7, 5, 7",2026-07-22 11:25:59,"Sitelinks, Video, Video Carousel, People also ask, Related searches, AI overview",commercial,Organic
free home security cameras,62,62,90,50,5.3,https://www.icseecam.com/top-subscription-free-security-cameras/,0,0,0,0.29,180,"15, 0, 6, 15, 15, 21, 28, 21, 28, 15, 34, 100",2026-07-20 10:26:14,"Sitelinks, Reviews, Video, Video Carousel, People also ask, Related searches, Discussions and forums, AI overview",informational,Organic
sigurnosne kamere,57,57,90,3,0,https://www.icseecam.com/hr/how-do-security-cameras-work/,0,0,0,0.5,135,"18, 100, 44, 3, 1, 3, 0, 3, 3, 3, 3, 3",2026-07-10 18:47:21,"Sitelinks, Video, Related searches, AI overview",informational,Organic
brands of security cameras,56,56,140,57,2.94,https://www.icseecam.com/top-10-cctv-manufacturers-in-usa/,0,0,0,0.97,156,"66, 33, 52, 52, 66, 100, 52, 52, 66, 66, 80, 80",2026-07-07 05:55:01,"Image pack, Sitelinks, Reviews, Video, Image, People also ask, Popular products, Related searches, AI overview","commercial, informational",Organic
ubox bird feeder,36,36,110,24,0.5,https://www.icseecam.com/product/ubox-rs1-4g-wifi-bird-house-camera/,0,0,0,1,183,"34, 6, 6, 6, 6, 6, 15, 81, 100, 43, 65, 81",2026-06-30 23:54:26,"Sitelinks, Reviews, Video, Video Carousel, People also ask, Related searches, Discussions and forums, AI overview",informational,Organic
ubox bird feeder,37,37,110,24,0.5,https://www.icseecam.com/product/ubox-rs1-4g-wifi-bird-house-camera/,0,0,0,1,183,"34, 6, 6, 6, 6, 6, 15, 81, 100, 43, 65, 81",2026-06-30 23:54:26,"Sitelinks, Reviews, Video, Video Carousel, People also ask, Related searches, Discussions and forums, AI overview",informational,Organic
ubox bird feeder,46,46,110,24,0.5,https://www.icseecam.com/product/ubox-b40f-4g-bird-house-with-camera/,0,0,0,1,183,"34, 6, 6, 6, 6, 6, 15, 81, 100, 43, 65, 81",2026-06-30 23:54:26,"Sitelinks, Reviews, Video, Video Carousel, People also ask, Related searches, Discussions and forums, AI overview",informational,Organic
distance from earth to sunbest wireless camera,91,91,90,7,0,https://www.icseecam.com/how-far-can-security-cameras-see%EF%BC%9F/,0,0,0,0,73500,100,2026-06-24 23:30:11,"Sitelinks, Reviews, Video, People also ask, Related searches, AI overview","commercial, informational",Organic
camera orbs,34,34,40,23,1.01,https://www.icseecam.com/what-are-orbs-on-security-cameras%EF%BC%9F/,0,0,0,0.03,103,"15, 15, 19, 34, 19, 19, 26, 15, 7, 0, 3, 7",2026-07-30 11:22:04,"Sitelinks, Video, Image, Video Carousel, People also ask, Popular products, Related searches, Discussions and forums, AI overview",informational,Organic
camera orbs,39,39,40,23,1.01,https://www.icseecam.com/what-are-orbs-on-security-cameras%EF%BC%9F/,0,0,0,0.03,103,"15, 15, 19, 34, 19, 19, 26, 15, 7, 0, 3, 7",2026-07-30 11:22:04,"Sitelinks, Video, Image, Video Carousel, People also ask, Popular products, Related searches, Discussions and forums, AI overview",informational,Organic
orb on camera,41,41,70,17,0,https://www.icseecam.com/what-are-orbs-on-security-cameras%EF%BC%9F/,0,0,0,0.01,108,"34, 42, 26, 26, 26, 26, 19, 26, 11, 26, 19, 19",2026-08-09 09:37:10,"Sitelinks, Video, Video Carousel, People also ask, Related searches, AI overview",informational,Organic
xf icsee io,30,30,50,52,0,https://www.icseecam.com/download/,0,0,0,0.02,107,"77, 77, 77, 55, 77, 33, 11, 44, 100, 44, 33, 33",2026-06-29 09:28:00,"Sitelinks, Reviews, Video, People also ask, Related searches, AI overview","commercial, informational",Organic
xf icsee io,42,42,50,52,0,https://www.icseecam.com/the-ultimate-guide-to-icsee-everything-you-need-to-know/,0,0,0,0.02,107,"77, 77, 77, 55, 77, 33, 11, 44, 100, 44, 33, 33",2026-06-29 09:28:00,"Sitelinks, Reviews, Video, People also ask, Related searches, AI overview","commercial, informational",Organic
xf icsee io,50,50,50,52,0,https://www.icseecam.com/the-ultimate-guide-to-icsee-everything-you-need-to-know/,0,0,0,0.02,107,"77, 77, 77, 55, 77, 33, 11, 44, 100, 44, 33, 33",2026-06-29 09:28:00,"Sitelinks, Reviews, Video, People also ask, Related searches, AI overview","commercial, informational",Organic
xf icsee io,59,59,50,52,0,https://www.icseecam.com/,0,0,0,0.02,107,"77, 77, 77, 55, 77, 33, 11, 44, 100, 44, 33, 33",2026-06-29 09:28:00,"Sitelinks, Reviews, Video, People also ask, Related searches, AI overview","commercial, informational",Organic
xf icsee io,65,65,50,52,0,https://www.icseecam.com/icsee/,0,0,0,0.02,107,"77, 77, 77, 55, 77, 33, 11, 44, 100, 44, 33, 33",2026-06-29 09:28:00,"Sitelinks, Reviews, Video, People also ask, Related searches, AI overview","commercial, informational",Organic
ip camera vs cctv camera,79,79,40,9,0.77,https://www.icseecam.com/cctv-vs-ip-camera/,0,0,0,0.21,107,"41, 41, 0, 29, 41, 11, 17, 23, 29, 17, 11, 23",2026-07-20 06:18:39,"Sitelinks, Reviews, Video, Video Carousel, People also ask, Related searches, Short videos, Discussions and forums, AI overview","commercial, informational",Organic
does ring delete old footage,51,51,40,20,0,https://www.icseecam.com/how-to-remove-ring-camera-history-on-ring-app/,0,0,0,0.33,108,"14, 0, 14, 14, 50, 100, 14, 21, 21, 28, 14, 14",2026-07-17 05:54:40,"Sitelinks, Reviews, Video, Video Carousel, People also ask, Related searches, AI overview",informational,Organic
icam365 camera,37,37,210,24,0.73,https://www.icseecam.com/icam365-ultimate-guide-2025/,0,0,0,0.99,189,"53, 35, 66, 100, 66, 53, 53, 66, 53, 35, 66, 53",2026-06-26 04:56:16,"Sitelinks, Reviews, Video, Video Carousel, People also ask, Related searches, AI overview",informational,Organic
icam365 camera,57,57,210,24,0.73,https://www.icseecam.com/icam365-app-download/,0,0,0,0.99,189,"53, 35, 66, 100, 66, 53, 53, 66, 53, 35, 66, 53",2026-06-26 04:56:16,"Sitelinks, Reviews, Video, Video Carousel, People also ask, Related searches, AI overview",informational,Organic
icam365 camera,63,63,210,24,0.73,https://www.icseecam.com/icam365-app-download/,0,0,0,0.99,189,"53, 35, 66, 100, 66, 53, 53, 66, 53, 35, 66, 53",2026-06-26 04:56:16,"Sitelinks, Reviews, Video, Video Carousel, People also ask, Related searches, AI overview",informational,Organic
wireless home security cameras without subscription,44,0,30,30,2.07,https://www.icseecam.com/best-home-security-camera-without-subscription/,0,0,0,1,189,"11, 11, 11, 11, 11, 17, 41, 11, 23, 11, 17, 11",2026-08-18 20:22:38,"Sitelinks, Video, Ads bottom, Video Carousel, People also ask, Popular products, Related searches, Discussions and forums, AI overview",commercial,Organic
wireless home security cameras without subscription,48,0,30,30,2.07,https://www.icseecam.com/best-home-security-camera-without-subscription/,0,0,0,1,189,"11, 11, 11, 11, 11, 17, 41, 11, 23, 11, 17, 11",2026-08-18 20:22:38,"Sitelinks, Video, Ads bottom, Video Carousel, People also ask, Popular products, Related searches, Discussions and forums, AI overview",commercial,Organic
blink v ring,36,36,90,24,1.01,https://www.icseecam.com/blink-vs-ring-camera-5-key-comparisons/,0,0,0,0.41,155,"19, 26, 42, 53, 42, 19, 26, 26, 42, 26, 26, 26",2026-06-25 05:27:43,"Image pack, Sitelinks, Video, Video Carousel, People also ask, Short videos, AI overview","commercial, informational",Organic
blink v ring,59,59,90,24,1.01,https://www.icseecam.com/de/blink-vs-ring-camera-5-key-comparisons/,0,0,0,0.41,155,"19, 26, 42, 53, 42, 19, 26, 26, 42, 26, 26, 26",2026-06-25 05:27:43,"Image pack, Sitelinks, Video, Video Carousel, People also ask, Short videos, AI overview","commercial, informational",Organic
wire free home security cameras,41,52,720,40,0,https://www.icseecam.com/best-wire-free-home-security-cameras-in-2026/,0,0,0,0.03,178,"0, 0, 2, 44, 2, 3, 2, 3, 100, 8, 0, 2",2026-08-18 09:08:01,"Sitelinks, Reviews, Video, Video Carousel, People also ask, Popular products, Related searches, AI overview",commercial,Organic
do all cameras need wifi to work,75,75,30,9,1.88,https://www.icseecam.com/do-security-cameras-need-wifi/,0,0,0,0.2,179,"40, 40, 40, 40, 40, 40, 40, 80, 100, 80, 40, 40",2026-07-21 10:52:55,"Sitelinks, Reviews, Video, Video Carousel, People also ask, Related searches, Short videos, Discussions and forums, AI overview",informational,Organic
how to delete ring videos,38,38,260,27,0,https://www.icseecam.com/how-to-remove-ring-camera-history-on-ring-app/,0,0,0,0.33,102,"81, 18, 100, 54, 54, 54, 66, 66, 66, 54, 43, 54",2026-06-28 06:59:22,"Sitelinks, Reviews, Video, People also ask, Related searches, Short videos, AI overview",informational,Organic
do ring doorbells record 24/7,38,38,140,24,5.01,https://www.icseecam.com/do-ring-cameras-record-24-7/,0,0,0,0.06,99000,"53, 53, 65, 65, 53, 100, 53, 53, 53, 53, 65, 26",2026-07-22 20:46:50,"Sitelinks, Reviews, Video, Video Carousel, People also ask, Related searches, AI overview",informational,Organic
dvr manufacturers,84,84,40,14,6.15,https://www.icseecam.com/top-10-cctv-manufacturers-in-usa/,0,0,0,0.21,185,"18, 18, 27, 36, 100, 36, 27, 18, 36, 27, 36, 36",2026-06-30 19:01:56,"Sitelinks, Reviews, Video, Ads bottom, People also ask, Related searches",commercial,Organic
ring doorbell 24 7 recording,50,50,90,23,2.74,https://www.icseecam.com/do-ring-cameras-record-24-7/,0,0,0,0.76,106,"81, 81, 100, 45, 63, 100, 63, 81, 100, 45, 45, 81",2026-07-07 15:14:09,"Sitelinks, Video, Video Carousel, People also ask, Related searches, AI overview","informational, navigational",Organic
how to set up ring camera without qr code,19,19,110,22,0,https://www.icseecam.com/reactivate-ring-doorbell-camera-without-pin-code/,0,0,0,0.33,82,"29, 52, 100, 100, 64, 64, 64, 82, 52, 41, 64, 82",2026-08-01 08:05:08,"Sitelinks, Reviews, Video, Video Carousel, People also ask, Related searches, AI overview",informational,Organic
best subscription free security cameras,44,44,210,27,1.06,https://www.icseecam.com/top-subscription-free-security-cameras/,0,0,0,0.94,200,"3, 8, 5, 0, 2, 6, 5, 3, 3, 100, 20, 30",2026-08-16 15:49:12,"Sitelinks, Video, Video Carousel, People also ask, Popular products, Related searches, Discussions and forums, AI overview",commercial,Organic
free home cameras,42,42,30,31,5.16,https://www.icseecam.com/top-subscription-free-security-cameras/,0,0,0,0.8,179,"11, 22, 22, 33, 33, 77, 44, 33, 44, 44, 44, 44",2026-07-19 16:27:04,"Sitelinks, Reviews, Video, Video Carousel, People also ask, Related searches, AI overview",commercial,Organic
how to reconnect wifi to ring camera,42,42,110,25,0.01,https://www.icseecam.com/how-to-reconnect-ring-camera-to-wifi/,0,0,0,0.05,142,"64, 11, 64, 52, 41, 52, 64, 82, 100, 100, 41, 41",2026-07-17 23:05:36,"Reviews, Video, Video Carousel, People also ask, Related searches, AI overview",informational,Organic
solar panels made in america,85,85,50,23,2.16,https://www.icseecam.com/top-10-solar-panel-manufacturers-in-the-usa-2025/,0,0,0,1,191,"7, 5, 15, 1, 15, 4, 4, 4, 0, 1, 1, 2",2026-07-08 06:59:01,"Sitelinks, Video, People also ask, Related searches, Discussions and forums, AI overview","commercial, informational",Organic
curisee camera app,34,34,50,24,0.65,https://www.icseecam.com/download/,0,0,0,0.11,134,"100, 55, 77, 100, 100, 77, 33, 44, 55, 22, 22, 22",2026-06-26 01:19:02,"Reviews, Video, Video Carousel, People also ask, Related searches, AI overview",informational,Organic
curisee camera app,40,40,50,24,0.65,https://www.icseecam.com/download/,0,0,0,0.11,134,"100, 55, 77, 100, 100, 77, 33, 44, 55, 22, 22, 22",2026-06-26 01:19:02,"Reviews, Video, Video Carousel, People also ask, Related searches, AI overview",informational,Organic
icam 365 app,40,40,90,29,0.25,https://www.icseecam.com/icam365-app-download/,0,0,0,0.1,144,"52, 33, 52, 42, 52, 42, 52, 33, 33, 42, 52, 42",2026-08-01 05:13:22,"Reviews, Video, Video Carousel, People also ask, Related searches, Things to know, AI overview",informational,Organic
icam 365 app,45,45,90,29,0.25,https://www.icseecam.com/icam365-ultimate-guide-2025/,0,0,0,0.1,144,"52, 33, 52, 42, 52, 42, 52, 33, 33, 42, 52, 42",2026-08-01 05:13:22,"Reviews, Video, Video Carousel, People also ask, Related searches, Things to know, AI overview",informational,Organic
icam 365 app,48,48,90,29,0.25,https://www.icseecam.com/hu/icam365-app-download/,0,0,0,0.1,144,"52, 33, 52, 42, 52, 42, 52, 33, 33, 42, 52, 42",2026-08-01 05:13:22,"Reviews, Video, Video Carousel, People also ask, Related searches, Things to know, AI overview",informational,Organic
icam 365 app,49,49,90,29,0.25,https://www.icseecam.com/zh-TW/icam365-app-download/,0,0,0,0.1,144,"52, 33, 52, 42, 52, 42, 52, 33, 33, 42, 52, 42",2026-08-01 05:13:22,"Reviews, Video, Video Carousel, People also ask, Related searches, Things to know, AI overview",informational,Organic
american security cameras,62,62,90,13,3.67,https://www.icseecam.com/top-10-cctv-manufacturers-in-usa/,0,0,0,0.72,189,"100, 63, 81, 81, 81, 81, 81, 63, 45, 63, 63, 100",2026-07-23 02:06:57,"Sitelinks, Reviews, Video, Image, People also ask, Popular products, Related searches, Discussions and forums, AI overview",commercial,Organic
camera data,82,82,70,17,0,https://www.icseecam.com/how-much-data-does-a-security-camera-use/,0,0,0,0.03,194,"55, 55, 77, 55, 77, 77, 77, 77, 77, 77, 77, 77",2026-07-04 23:54:34,"Image pack, Reviews, Video, Video Carousel, People also ask, Popular products, Related searches, AI overview",informational,Organic
camera data,84,84,70,17,0,https://www.icseecam.com/how-much-data-does-a-security-camera-use/,0,0,0,0.03,194,"55, 55, 77, 55, 77, 77, 77, 77, 77, 77, 77, 77",2026-07-04 23:54:34,"Image pack, Reviews, Video, Video Carousel, People also ask, Popular products, Related searches, AI overview",informational,Organic
icam365 reddit,35,35,40,30,0,https://www.icseecam.com/icam365-ultimate-guide-2025/,0,0,0,0.33,110,"0, 100, 41, 11, 11, 23, 0, 41, 0, 0, 11, 11",2026-07-17 21:47:57,"Reviews, Video, People also ask, Related searches","navigational, transactional",Organic
magnetic security cameras,34,34,90,16,1.2,https://www.icseecam.com/usas-best-magnetic-security-camera-manufacturers/,0,0,0,1,237,"19, 14, 23, 23, 33, 23, 66, 42, 23, 100, 52, 52",2026-07-07 12:15:14,"Sitelinks, Reviews, Video, Image, Video Carousel, People also ask, Popular products, Related searches",commercial,Organic
eseecloud for pc,34,34,320,14,0,https://www.icseecam.com/eseecloud-app-download/,0,0,0,0.01,169,"66, 43, 54, 100, 81, 81, 54, 43, 66, 54, 66, 66",2026-07-01 02:49:15,"Sitelinks, Reviews, Video, Video Carousel, People also ask, Popular products, Related searches, AI overview",informational,Organic
eseecloud for pc,46,46,320,14,0,https://www.icseecam.com/what-is-eseecloud/,0,0,0,0.01,169,"66, 43, 54, 100, 81, 81, 54, 43, 66, 54, 66, 66",2026-07-01 02:49:15,"Sitelinks, Reviews, Video, Video Carousel, People also ask, Popular products, Related searches, AI overview",informational,Organic
ring premium 24 7 recording,48,48,50,22,0,https://www.icseecam.com/do-ring-cameras-record-24-7/,0,0,0,0,193,"64, 64, 11, 11, 11, 100, 11, 11, 11, 11, 11, 0",2026-08-12 16:23:10,"Sitelinks, Video, Video Carousel, People also ask, Related searches, AI overview","informational, navigational",Organic
best no subscription security cameras,63,63,140,25,1.08,https://www.icseecam.com/best-home-security-camera-without-subscription/,0,0,0,1,103,"66, 66, 80, 42, 66, 42, 52, 52, 42, 80, 80, 80",2026-07-04 02:06:41,"Sitelinks, Reviews, Video, Video Carousel, People also ask, Popular products, Related searches, AI overview",commercial,Organic
hackercam,91,91,170,65,0,https://www.icseecam.com/how-to-hack-into-security-cameras%EF%BC%9F/,0,0,0,0.33,105,"81, 100, 100, 54, 35, 22, 0, 0, 0, 0, 0, 0",2026-06-28 16:04:24,"Sitelinks, Video, Related searches",informational,Organic
best 24/7 security cameras,84,84,40,33,3.51,https://www.icseecam.com/best-wire-free-home-security-cameras-in-2026/,0,0,0,1,18200000,"29, 64, 100, 0, 0, 41, 0, 11, 5, 11, 11, 11",2026-07-14 23:51:38,"Sitelinks, Reviews, Video, Video Carousel, Popular products, Related searches, AI overview",commercial,Organic
best solar camera system,53,53,70,16,0.97,https://www.icseecam.com/whats-the-best-solar-security-cameras/,0,0,0,1,146,"63, 36, 81, 100, 63, 100, 63, 45, 18, 18, 18, 36",2026-07-02 13:15:00,"Sitelinks, Reviews, Video, Video Carousel, People also ask, Popular products, Related searches, AI overview",commercial,Organic
american made solar panels,82,82,590,38,1.87,https://www.icseecam.com/top-10-solar-panel-manufacturers-in-the-usa-2025/,0,0,0,1,192,"62, 62, 45, 45, 45, 30, 36, 30, 30, 30, 36, 24",2026-08-06 03:09:39,"Sitelinks, Reviews, Video, People also ask, Popular products, Related searches, AI overview","commercial, informational",Organic
how to hook up ring camera,45,45,90,33,0.58,https://www.icseecam.com/how-to-set-up-ring-camera%EF%BC%9F/,0,0,0,0.09,154,"52, 52, 64, 64, 64, 64, 64, 64, 52, 52, 52, 52",2026-07-31 13:37:53,"Image pack, Video, Video Carousel, People also ask, Related searches, Discussions and forums, AI overview",informational,Organic
best cameras for home security without subscription,57,57,90,19,3.87,https://www.icseecam.com/best-home-security-camera-without-subscription/,0,0,0,1,107,"64, 100, 64, 64, 17, 11, 64, 82, 41, 41, 41, 41",2026-07-29 04:40:18,"Sitelinks, Reviews, Video, Video Carousel, People also ask, Popular products, Related searches, Discussions and forums, AI overview",commercial,Organic
best cameras for home security without subscription,59,59,90,19,3.87,https://www.icseecam.com/best-home-security-camera-without-subscription/,0,0,0,1,107,"64, 100, 64, 64, 17, 11, 64, 82, 41, 41, 41, 41",2026-07-29 04:40:18,"Sitelinks, Reviews, Video, Video Carousel, People also ask, Popular products, Related searches, Discussions and forums, AI overview",commercial,Organic
cctv camera vs ip camera,78,78,40,8,0.77,https://www.icseecam.com/cctv-vs-ip-camera/,0,0,0,0.21,116,"23, 33, 4, 23, 33, 9, 14, 19, 23, 14, 23, 19",2026-07-08 19:50:59,"Sitelinks, Reviews, Video, Video Carousel, People also ask, Related searches, Short videos, AI overview",informational,Organic
camaras ip ptz trafico,58,58,40,4,0,https://www.icseecam.com/es/ultimate-guide-to-ptz-cameras/,0,0,0,0.33,195,"45, 18, 18, 100, 100, 18, 18, 18, 18, 18, 18, 18",2026-07-12 16:53:16,"Sitelinks, Video, People also ask, Popular products, Related searches",commercial,Organic
do blink cameras record all the time,32,32,70,10,0,https://www.icseecam.com/do-blink-cameras-record-24-7/,0,0,0,0.02,59,"21, 28, 15, 15, 15, 21, 15, 12, 15, 21, 28, 43",2026-08-11 03:02:36,"Sitelinks, Video, Video Carousel, People also ask, Related searches, AI overview",informational,Organic
poe camera meaning,75,75,210,15,0.56,https://www.icseecam.com/what-is-a-poe-camera/,0,0,0,0.51,182,"100, 100, 100, 80, 100, 80, 65, 100, 53, 80, 80, 80",2026-08-05 08:00:29,"Image pack, Reviews, Video, Ads bottom, Video Carousel, People also ask, Related searches, Short videos, AI overview",informational,Organic
ring blinking blue,36,36,320,31,0,https://www.icseecam.com/what-does-solid-blue-light-on-ring-cameras-mean%EF%BC%9F/,0,0,0,0.33,153,"44, 44, 66, 54, 44, 54, 36, 44, 54, 44, 29, 23",2026-06-27 03:49:42,"Sitelinks, Video, Video Carousel, People also ask, Related searches, Short videos, AI overview",informational,Organic
security cameras for home no subscription,58,58,70,39,1.94,https://www.icseecam.com/best-home-security-camera-without-subscription/,0,0,0,1,209,"19, 19, 100, 9, 9, 0, 33, 14, 14, 19, 52, 52",2026-06-28 00:41:25,"Sitelinks, Video, Video Carousel, People also ask, Popular products, Related searches, AI overview",commercial,Organic
eseecloud apk,55,55,40,30,0,https://www.icseecam.com/eseecloud-app-download/,0,0,0,0.01,113,"11, 19, 15, 11, 19, 11, 15, 11, 19, 19, 7, 7",2026-06-29 15:43:14,"Reviews, Video, Related searches",informational,Organic
best residential solar panels 2025,60,60,90,50,5.25,https://www.icseecam.com/best-solar-panel-brands-in-2025-top-6-picks/,0,0,0,0.99,168,"100, 100, 100, 82, 82, 41, 52, 29, 29, 29, 17, 11",2026-08-09 05:56:20,"Sitelinks, Video, Video Carousel, People also ask, Related searches, AI overview",commercial,Organic
how long does a ring camera last,47,47,140,17,0,https://www.icseecam.com/how-long-does-ring-camera-battery-last/,0,0,0,0.19,81,"52, 42, 52, 23, 33, 42, 66, 100, 100, 100, 80, 52",2026-07-03 17:46:52,"Sitelinks, Reviews, Video, Video Carousel, People also ask, Related searches, AI overview",informational,Organic
solar security light and camera,76,76,90,18,0.56,https://www.icseecam.com/product-category/solar-security-camera/,0,0,0,1,201,"42, 52, 23, 66, 52, 52, 42, 33, 33, 33, 42, 33",2026-07-04 10:55:05,"Sitelinks, Video, Video Carousel, People also ask, Popular products, Related searches, Discussions and forums","commercial, informational",Organic
vivint camera company,42,42,30,63,18.24,https://www.icseecam.com/where-are-vivint-cameras-made-in-usa/,0,0,0,0.77,139,"7, 4, 3, 2, 2, 2, 2, 2, 2, 2, 2, 2",2026-07-28 05:31:38,"Local pack, Sitelinks, Reviews, Video, Video Carousel, People also ask, Related searches, AI overview",navigational,Organic
icyeza,86,86,40,21,0,https://icseecam.com/ny/product/icsee-s2-6mp-dual-lens-4g-wifi-bullet-security-camera/,0,0,0,0.33,18600,"11, 41, 52, 11, 11, 11, 11, 11, 11, 11, 11, 64",2026-06-29 09:51:24,"Reviews, Video, Image, Video Carousel, Related searches, AI overview",informational,Organic
camera with continuous recording,42,42,110,17,2.29,https://www.icseecam.com/top-continuous-recording-security-camera-brands/,0,0,0,1,182,"15, 100, 65, 28, 28, 34, 15, 21, 21, 43, 21, 15",2026-07-28 10:18:10,"Sitelinks, Reviews, Video, Image, Video Carousel, Popular products, Related searches, Discussions and forums, AI overview",informational,Organic
ring or blink which is better,46,46,30,23,1.46,https://www.icseecam.com/blink-vs-ring-camera-5-key-comparisons/,0,0,0,0.98,79,"18, 18, 100, 18, 18, 18, 18, 18, 18, 18, 18, 36",2026-07-07 07:21:25,"Sitelinks, Video, Ads bottom, People also ask, Related searches, AI overview",informational,Organic
ring or blink which is better,49,49,30,23,1.46,https://www.icseecam.com/blink-vs-ring-camera-5-key-comparisons/,0,0,0,0.98,79,"18, 18, 100, 18, 18, 18, 18, 18, 18, 18, 18, 36",2026-07-07 07:21:25,"Sitelinks, Video, Ads bottom, People also ask, Related searches, AI overview",informational,Organic
ring or blink which is better,65,65,30,23,1.46,https://www.icseecam.com/fr/blink-vs-ring-camera-5-key-comparisons/,0,0,0,0.98,79,"18, 18, 100, 18, 18, 18, 18, 18, 18, 18, 18, 36",2026-07-07 07:21:25,"Sitelinks, Video, Ads bottom, People also ask, Related searches, AI overview",informational,Organic
ring or blink which is better,72,72,30,23,1.46,https://www.icseecam.com/de/blink-vs-ring-camera-5-key-comparisons/,0,0,0,0.98,79,"18, 18, 100, 18, 18, 18, 18, 18, 18, 18, 18, 36",2026-07-07 07:21:25,"Sitelinks, Video, Ads bottom, People also ask, Related searches, AI overview",informational,Organic
security camera in chinese,19,19,90,26,0,https://www.icseecam.com/top-10-cctv-manufacturers-in-china/,0,0,0,0.23,0,"64, 29, 41, 41, 64, 82, 52, 41, 52, 64, 100, 52",2026-08-12 22:26:52,"Instant answer, Sitelinks, Video, People also ask, Related searches, AI overview",informational,Organic
nest ring camera,39,39,110,49,1.7,https://www.icseecam.com/nest-vs-ring-doorbell-camera/,0,0,0,1,184,"26, 26, 34, 34, 26, 34, 42, 42, 26, 100, 42, 42",2026-07-21 10:55:06,"Sitelinks, Reviews, Video, Image, Video Carousel, People also ask, Popular products, Related searches, AI overview",commercial,Organic
dust particles on night vision camera,47,47,90,11,0,https://www.icseecam.com/what-are-orbs-on-security-cameras%EF%BC%9F/,0,0,0,0.33,169,"11, 11, 11, 64, 64, 64, 64, 82, 52, 41, 41, 64",2026-07-12 19:45:01,"Sitelinks, Video, Video Carousel, People also ask, Related searches, AI overview",informational,Organic
top 5 security camera brands,59,59,30,66,0.94,https://www.icseecam.com/top-10-cctv-manufacturers-in-the-world/,0,0,0,1,120,"14, 14, 14, 14, 14, 14, 14, 14, 64, 21, 14, 14",2026-06-24 07:09:46,"Sitelinks, Reviews, Video, Image, Video Carousel, People also ask, Popular products, Related searches, Discussions and forums, AI overview",commercial,Organic
how to connect my ring camera to wifi,60,60,90,29,0.22,https://www.icseecam.com/how-to-reconnect-ring-camera-to-wifi/,0,0,0,0.05,151,"11, 11, 11, 64, 64, 64, 41, 82, 100, 64, 82, 64",2026-07-10 14:57:57,"Video, Video Carousel, People also ask, Related searches, AI overview",informational,Organic
best ptz cameras,59,59,30,15,1.47,https://www.icseecam.com/top-10-ptz-camera-brands-for-home-security-in-2025/,0,0,0,1,160,"7, 7, 15, 7, 11, 11, 7, 19, 7, 7, 7, 7",2026-07-22 15:16:07,"Sitelinks, Reviews, Video, Image, Video Carousel, People also ask, Popular products, Related searches, Discussions and forums, AI overview",commercial,Organic
icsse,14,14,50,14,0,https://www.icseecam.com/icsee/,0,0,0,0.01,135,"19, 0, 0, 100, 3, 7, 7, 65, 0, 0, 0, 3",2026-07-24 11:28:18,"Image pack, Sitelinks, Reviews, Video, Image, Related searches, Things to know",informational,Organic
icsse,16,16,50,14,0,https://www.icseecam.com/,0,0,0,0.01,135,"19, 0, 0, 100, 3, 7, 7, 65, 0, 0, 0, 3",2026-07-24 11:28:18,"Image pack, Sitelinks, Reviews, Video, Image, Related searches, Things to know",informational,Organic
icsse,61,61,50,14,0,https://www.icseecam.com/icsee/,0,0,0,0.01,135,"19, 0, 0, 100, 3, 7, 7, 65, 0, 0, 0, 3",2026-07-24 11:28:18,"Image pack, Sitelinks, Reviews, Video, Image, Related searches, Things to know",informational,Organic
ring camera blinking blue,32,32,480,29,0,https://www.icseecam.com/what-does-solid-blue-light-on-ring-cameras-mean%EF%BC%9F/,0,0,0,0.33,156,"29, 54, 54, 54, 54, 44, 54, 81, 100, 81, 54, 44",2026-06-27 04:59:06,"Sitelinks, Reviews, Video, Video Carousel, People also ask, Related searches, Short videos, AI overview",informational,Organic
eufy what country,65,65,40,23,0,https://www.icseecam.com/sv/where-is-eufy-night-vision-security-camera-manufactured-in-usa-%EF%BC%9F/,0,0,0,0.33,115,"14, 100, 28, 14, 14, 78, 14, 14, 14, 14, 14, 14",2026-08-17 04:19:55,"Sitelinks, Reviews, People also ask, Related searches, AI overview",informational,Organic
best window security camera without subscription,69,69,70,28,0.78,https://www.icseecam.com/best-home-security-camera-without-subscription/,0,0,0,1,111,"0, 0, 0, 0, 6, 6, 6, 6, 6, 100, 53, 34",2026-07-06 10:00:51,"Sitelinks, Reviews, Video, Video Carousel, People also ask, Popular products, Related searches, AI overview",commercial,Organic
wyze wikipedia,66,66,40,41,0,https://www.icseecam.com/where-is-wyze-security-camera-manufactured%EF%BC%9F/,0,0,0,0.33,105,"26, 26, 19, 15, 7, 7, 7, 7, 42, 7, 7, 7",2026-08-17 00:35:03,"Sitelinks, Video, People also ask, Related searches, AI overview",informational,Organic
v380 camera app download,63,63,50,54,0.3,https://www.icseecam.com/v380-pro-free-download/,0,0,0,0.42,135,"18, 18, 18, 100, 100, 18, 18, 18, 18, 18, 100, 100",2026-07-01 01:03:47,"Sitelinks, Reviews, Video, People also ask, Related searches, AI overview",informational,Organic
top solar panel producers,80,80,50,39,3.81,https://www.icseecam.com/top-10-solar-panels-manufacturers-in-the-world/,0,0,0,0.33,191,"29, 52, 52, 41, 29, 29, 23, 17, 23, 41, 29, 11",2026-08-12 05:16:40,"Sitelinks, Video, People also ask, Related searches, AI overview",commercial,Organic
ring light flashing blue,29,29,110,30,0,https://www.icseecam.com/what-does-solid-blue-light-on-ring-cameras-mean%EF%BC%9F/,0,0,0,0.33,152,"52, 33, 52, 52, 42, 52, 52, 66, 80, 80, 52, 42",2026-07-14 09:06:59,"Sitelinks, Video, Video Carousel, People also ask, Related searches, Short videos, AI overview",informational,Organic
ring vs. blink,26,26,70,23,1.8,https://www.icseecam.com/blink-vs-ring-camera-5-key-comparisons/,0,0,0,0.65,99,"1, 0, 2, 1, 0, 67, 1, 1, 0, 0, 0, 0",2026-07-12 16:34:18,"Sitelinks, Video, Ads bottom, Video Carousel, People also ask, Related searches, Short videos, Ads middle, AI overview","commercial, informational",Organic
ring vs. blink,41,41,70,23,1.8,https://www.icseecam.com/blink-vs-ring-camera-5-key-comparisons/,0,0,0,0.65,99,"1, 0, 2, 1, 0, 67, 1, 1, 0, 0, 0, 0",2026-07-12 16:34:18,"Sitelinks, Video, Ads bottom, Video Carousel, People also ask, Related searches, Short videos, Ads middle, AI overview","commercial, informational",Organic
can you delete footage on ring camera,50,50,210,24,0,https://www.icseecam.com/how-to-remove-ring-camera-history-on-ring-app/,0,0,0,0.33,107,"2, 81, 100, 44, 36, 36, 2, 2, 6, 9, 6, 2",2026-07-21 03:35:53,"Sitelinks, Reviews, Video, Video Carousel, People also ask, Related searches, Short videos, AI overview",informational,Organic
top solar panel brands 2025,76,76,70,38,0,https://www.icseecam.com/best-solar-panel-brands-in-2025-top-6-picks/,0,0,0,1,117,"11, 26, 34, 100, 80, 53, 11, 11, 7, 3, 7, 7",2026-07-30 03:44:54,"Sitelinks, Video, Image, Video Carousel, People also ask, Related searches, AI overview",commercial,Organic
