keyword,volume,kd,cpc,intent,best_pos,sites
security camera,823000,77,5.47,commercial,10,jer-tech.com
security cameras,74000,70,5.47,commercial,9,jer-tech.com
megapixel ip,12100,13,1.7,"commercial, informational",69,cctvfactory.com
surveillance cameras,12100,63,5.02,commercial,9,jer-tech.com
cameras in shops,9900,12,1.03,commercial,13,innotronik.com
security camera security camera,9900,66,5.47,commercial,8,jer-tech.com
bnc plug to bnc plug,6600,21,0.74,"commercial, informational",39,cctvfactory.com
network video recorder,6600,32,1.63,informational,53,cctvfactory.com
tuya smart device,6600,41,0.35,"commercial, informational",8,innotronik.com
surveillance camera,6600,71,5.02,commercial,8,jer-tech.com
no subscription security camera,5400,39,1.88,commercial,49,icseecam.com
solar cameras,4400,29,0.8,commercial,9,innotronik.com
blink vs ring,4400,29,1.54,commercial,44,icseecam.com
eseecloud,4400,39,1.35,informational,47,icseecam.com
best home security camera without subscription,4400,21,2.7,commercial,48,icseecam.com
alpr camera,3600,44,3.15,informational,62,cctvfactory.com
solar camera,3600,30,0.8,"commercial, informational",8,innotronik.com
onvif,3600,39,1.74,navigational,68,jer-tech.com
security cameras without subscription,3600,35,1.88,commercial,50,icseecam.com
security camera without subscription,3600,35,1.88,"commercial, informational",52,icseecam.com
ring vs blink,3600,33,1.52,commercial,45,icseecam.com
监控不是传感器,3600,19,0.0,informational,94,icseecam.com
remote monitoring camera technology innovations 2026,2900,27,0.0,"commercial, informational",27,https___bokysee.com|jer-tech.com
anpr plate,2900,22,2.38,informational,46,enster.com
camera inventory system cost small business implementation,2900,22,0.0,informational,93,jer-tech.com
secuirty cameras,2900,71,5.47,commercial,9,jer-tech.com
ubox camera,2900,41,1.0,"commercial, informational",44,icseecam.com
current trends in hidden camera technology 2026,2400,15,0.0,informational,44,https___bokysee.com
ai cameras,2400,44,2.56,informational,17,cctvfactory.com
plate reader,2400,49,5.61,informational,79,cctvfactory.com
license plate reader camera,2400,18,2.94,"commercial, informational",67,cctvfactory.com
h.265,2400,33,0.88,informational,86,enster.com
solar power supply,1900,36,2.28,informational,6,enster.com
room camera,1900,59,1.42,commercial,8,innotronik.com
eseecloud app,1900,28,0.89,"informational, navigational",36,icseecam.com
solar panel manufacturers,1900,61,4.3,commercial,81,icseecam.com
best security cameras without subscription,1900,31,2.04,commercial,52,icseecam.com
survilliance camera,1600,69,4.89,commercial,1,jer-tech.com
how to connect ring to wifi,1600,26,0.01,informational,50,icseecam.com
home security cameras without subscription,1600,36,4.06,commercial,62,icseecam.com
best home security cameras without subscription,1600,33,2.57,commercial,57,icseecam.com
25 ft hdmi cable,1300,25,0.38,commercial,8,cctvfactory.com
25 foot hdmi cable,1300,26,0.38,commercial,30,cctvfactory.com
rim exit device,1300,9,4.13,informational,83,cctvfactory.com
hvr,1300,19,7.06,informational,3,enster.com
local storage security camera,1300,24,1.99,commercial,6,innotronik.com
security camera companies,1300,67,16.44,commercial,48,icseecam.com|innotronik.com
onvif camera,1300,31,1.27,informational,51,jer-tech.com
arlo vs ring,1300,30,1.64,commercial,42,icseecam.com
ring camera setup,1300,34,3.58,informational,32,icseecam.com
how to play eseecloud video on pc,1300,20,0.0,informational,50,icseecam.com
icam365,1300,38,0.27,informational,46,icseecam.com
how to set up ring camera,1300,30,1.71,informational,42,icseecam.com
cct v4,1000,29,0.0,informational,61,cctvfactory.com
wide dynamic range,1000,22,0.0,informational,52,enster.com
ip camera system,880,30,3.39,"commercial, informational",3,https___bokysee.com
what is poe camera,880,17,0.87,informational,61,https___bokysee.com|icseecam.com
25ft hdmi cable,880,19,0.38,"commercial, informational",19,cctvfactory.com
ip camera nvr,880,21,1.9,"commercial, informational",48,cctvfactory.com
xmeye,880,57,1.73,informational,3,enster.com
iseecams,880,19,0.59,navigational,51,icseecam.com
v380pro,880,44,0.24,informational,46,icseecam.com
wifi panorama camera,880,26,0.48,"commercial, informational",38,icseecam.com
cctv cameras for schools,880,15,13.71,"commercial, informational",77,icseecam.com
network video recorder ip camera,720,23,2.02,"commercial, informational",26,cctvfactory.com
hdmi cables 25 ft,720,26,0.38,commercial,30,cctvfactory.com
alpr cameras,720,39,3.92,informational,42,cctvfactory.com
face recognition camera,720,24,2.61,"commercial, informational",7,enster.com
poe nvr,720,19,1.63,"commercial, informational",6,enster.com
anpr camera,720,23,4.02,"commercial, informational",39,enster.com
best surveillance camera,720,50,2.69,commercial,4,innotronik.com
cloud storage intelligent camera,720,19,1.36,"commercial, informational",13,innotronik.com
what is ahd,720,9,1.16,informational,37,icseecam.com|jer-tech.com
yoosee,720,42,0.26,informational,30,icseecam.com
how to reconnect ring camera to wifi,720,25,0.01,informational,31,icseecam.com
solar pv panel manufacturers,720,62,4.3,informational,86,icseecam.com
esee cloud,720,36,0.3,informational,50,icseecam.com
eseecloud login,720,20,1.88,transactional,37,icseecam.com
ezee cloud,720,44,3.87,"commercial, informational",64,icseecam.com
best home camera system without subscription,720,31,3.67,commercial,50,icseecam.com
best solar panel brands,720,35,3.92,commercial,63,icseecam.com
how to connect ring camera to wifi,720,28,0.05,informational,46,icseecam.com
non subscription security camera,720,32,1.41,commercial,37,icseecam.com
wire free home security cameras,720,40,0.0,commercial,41,icseecam.com
best cctv cameras for business,590,30,24.32,commercial,73,https___bokysee.com|icseecam.com|innotronik.com|jer-tech.com
licence plate camera reader,590,24,3.27,"commercial, informational",55,cctvfactory.com
unixcctv,590,24,2.07,navigational,44,cctvfactory.com
license plate capture cameras,590,27,3.92,commercial,63,cctvfactory.com
1/2.7,590,19,0.0,informational,54,cctvfactory.com
25 feet hdmi cable,590,28,0.38,commercial,28,cctvfactory.com
wireless camera with monitor,590,2,1.5,commercial,3,enster.com
miniature router,590,8,1.96,commercial,2,enster.com
what is a digital video recorder,590,14,0.33,informational,44,enster.com
what is a network video recorder,590,23,0.72,informational,30,enster.com
security cameras with local storage,590,28,2.15,commercial,6,innotronik.com
security camera local storage,590,33,2.15,"commercial, informational",1,innotronik.com
cloud camera,590,13,4.17,informational,33,innotronik.com
onvif cameras,590,23,1.27,"commercial, informational",53,jer-tech.com
onvif compatible cameras,590,33,1.36,commercial,69,jer-tech.com
icsee app,590,44,0.16,informational,31,icseecam.com
essecloud,590,36,1.23,informational,37,icseecam.com
best wireless security camera without subscription,590,27,1.67,commercial,54,icseecam.com
continuous recording security camera,590,30,3.32,"commercial, informational",27,icseecam.com
how to view eseecloud video on pc,590,16,0.0,informational,51,icseecam.com
who owns eufy,590,39,0.0,informational,32,icseecam.com
cost of photovoltaic shingles,590,38,3.03,"commercial, informational",71,icseecam.com
ring vs blink doorbell,590,31,0.5,commercial,43,icseecam.com
best security cameras for home without subscription,590,24,3.37,commercial,57,icseecam.com
see see camera,590,42,1.37,"commercial, informational",47,icseecam.com
cameras without subscription,590,28,1.46,"commercial, informational",56,icseecam.com
ring vs arlo,590,17,2.03,"commercial, informational",53,icseecam.com
how to set up a ring camera,590,29,1.07,informational,45,icseecam.com
american made solar panels,590,38,1.87,"commercial, informational",82,icseecam.com
security camera round facing,480,4,0.0,"commercial, informational",1,https___bokysee.com
best ip camera,480,19,1.86,commercial,30,https___bokysee.com
cat5 power over ethernet cable,480,18,0.84,commercial,29,cctvfactory.com
poe cable cat5e,480,11,0.84,commercial,27,cctvfactory.com
camera mounting bracket,480,8,0.61,commercial,44,cctvfactory.com
ahd dvr 8 camera kit,480,24,0.0,"commercial, informational",12,enster.com
ipvr-331,480,8,0.0,informational,93,enster.com
security camera with local storage,480,26,1.99,"commercial, informational",3,innotronik.com
cloud storage for security cameras,480,24,4.2,"commercial, informational",32,innotronik.com
tuyasmart device,480,45,0.37,"commercial, informational",1,innotronik.com
ring 24/7 recording,480,26,3.41,informational,43,icseecam.com
pv panels made in usa,480,42,2.16,"commercial, informational",87,icseecam.com
wire free home security camera,480,32,1.66,"commercial, informational",55,icseecam.com
yoosee camera,480,38,0.71,commercial,35,icseecam.com
long range surveillance camera,480,16,1.56,"commercial, informational",64,icseecam.com
long distance security camera,480,26,1.46,"commercial, informational",49,icseecam.com
solar panels made in usa,480,43,2.16,commercial,84,icseecam.com
best non subscription security camera,480,33,1.44,commercial,54,icseecam.com
do ring cameras record 24/7,480,28,7.1,informational,74,icseecam.com
subscription free security camera,480,32,1.16,"commercial, informational",68,icseecam.com
how to setup ring camera,480,36,1.37,informational,39,icseecam.com
icam365 app,480,31,0.44,informational,43,icseecam.com
dual lens security camera,480,19,1.32,"commercial, informational",46,icseecam.com
v380 pro camera,480,46,0.46,"commercial, informational",33,icseecam.com
icsee application,480,48,0.16,informational,49,icseecam.com
do ring cameras record 24 7,480,22,4.64,informational,43,icseecam.com
long range security camera,480,21,1.46,commercial,51,icseecam.com
best no subscription security camera,480,28,1.08,commercial,46,icseecam.com
us solar manufacturers,480,52,3.37,informational,74,icseecam.com
ring camera flashing blue,480,25,0.0,informational,23,icseecam.com
how long do ring batteries last,480,23,1.95,informational,54,icseecam.com
ring camera blinking blue,480,29,0.0,informational,32,icseecam.com
set up cctv camera,390,25,8.67,informational,4,https___bokysee.com
video surveillance brands,390,24,2.94,commercial,11,https___bokysee.com|innotronik.com|jer-tech.com
camera connections,390,16,0.69,informational,14,https___bokysee.com
what is onvif,390,36,0.15,informational,59,https___bokysee.com
#cctvcamera,390,51,2.67,informational,36,cctvfactory.com
wholesale security cameras,390,24,8.75,commercial,51,cctvfactory.com
6ft hdmi cable,390,15,0.45,commercial,26,cctvfactory.com
sdi camera,390,21,0.86,"commercial, informational",43,cctvfactory.com
cat5 poe cable,390,19,0.84,"commercial, informational",26,cctvfactory.com
hdmi cord 6ft,390,23,0.45,commercial,26,cctvfactory.com
license plate reader cameras,390,27,3.92,informational,57,cctvfactory.com
cable for cctv security camera,390,16,0.7,commercial,74,cctvfactory.com
dvr dvr,390,24,0.37,informational,1,enster.com
دوربین مداربسته,390,28,0.0,informational,55,enster.com
mini wifi router,390,29,1.33,commercial,4,enster.com
forster camera,390,20,0.0,"commercial, navigational",35,enster.com
xvr,390,21,1.98,informational,32,enster.com
anpr cameras,390,20,4.02,"commercial, informational",48,enster.com
abv-263 ipcam,390,7,0.0,informational,40,enster.com
tuya wifi battery solar camera,390,0,0.0,commercial,17,enster.com
apartment cameras,390,35,3.71,commercial,2,innotronik.com
security caneras,390,68,5.47,commercial,1,jer-tech.com
onviv,390,38,1.74,"informational, navigational",69,jer-tech.com
camera using battery and sim card,390,17,0.0,commercial,43,jer-tech.com
best cameras for ai traffic analysis 2026,390,19,0.0,"commercial, informational",86,jer-tech.com
camhipro,390,32,0.32,informational,10,icseecam.com
is there a doorbell camera that works without wifi,390,24,0.61,informational,58,icseecam.com
best home cameras without subscription,390,22,2.57,commercial,47,icseecam.com
long range video surveillance,390,23,1.56,commercial,75,icseecam.com
ring camera blue light,390,18,0.0,informational,25,icseecam.com
set up ring camera,390,32,1.19,informational,36,icseecam.com
ubia camera,390,23,1.42,commercial,48,icseecam.com
orbs on camera,390,27,1.01,informational,35,icseecam.com
solar panel connector types,390,14,0.49,informational,84,icseecam.com
ring vs blink camera,390,38,1.24,commercial,37,icseecam.com
v380 pro app,390,48,0.27,informational,51,icseecam.com
ring camera outdoor wireless setup,390,36,2.42,informational,50,icseecam.com
best home camera without subscription,390,23,2.57,commercial,58,icseecam.com
camera ip system,320,26,3.39,informational,1,https___bokysee.com
onvif meaning,320,35,0.54,informational,38,https___bokysee.com|jer-tech.com
highest mp on a camera,320,23,0.42,"commercial, informational",53,https___bokysee.com
best outdoor security cameras 2025,320,37,0.0,commercial,27,https___bokysee.com
5mp resolution,320,17,1.35,informational,25,https___bokysee.com
licence plate reader camera,320,19,3.27,informational,56,cctvfactory.com
camera sdi hd,320,9,0.86,commercial,34,cctvfactory.com
24v ac transformer,320,26,0.63,"commercial, informational",25,cctvfactory.com
camera bracket,320,8,0.49,informational,43,cctvfactory.com
fhd 30,320,29,0.0,informational,21,cctvfactory.com
6 foot hdmi cable,320,9,0.46,commercial,34,cctvfactory.com
cat5e poe cable,320,15,0.84,"commercial, informational",29,cctvfactory.com
xmee,320,4,0.0,informational,20,enster.com
smart indoor camera,320,31,1.8,informational,3,innotronik.com
good indoor camera,320,61,1.6,commercial,13,innotronik.com
wide angle security camera,320,25,1.38,commercial,12,innotronik.com
best security camera for apartment,320,49,4.58,commercial,15,innotronik.com
security cammeras,320,70,5.47,"commercial, informational",1,jer-tech.com
what is nvr security system,320,28,0.59,informational,92,jer-tech.com
meaning of ahd,320,21,1.5,informational,41,jer-tech.com
ahd camera,320,13,1.18,informational,9,jer-tech.com
security camaras,320,65,5.47,commercial,9,jer-tech.com
dual camera ip,320,6,0.32,commercial,10,icseecam.com|jer-tech.com
eseecloud for pc,320,14,0.0,informational,2,icseecam.com
v380pro camera,320,43,0.46,"commercial, informational",5,icseecam.com
connect ring to wifi,320,28,0.01,informational,41,icseecam.com
can you delete ring camera footage,320,27,0.0,informational,40,icseecam.com
american made security cameras,320,10,2.71,informational,63,icseecam.com
indoor security cameras without subscription,320,42,1.56,commercial,62,icseecam.com
ring camera vs blink,320,30,1.15,commercial,44,icseecam.com
ubia kamera,320,28,1.3,commercial,51,icseecam.com
cctv company,320,27,18.87,commercial,85,icseecam.com
solar panel manufacturer,320,63,3.9,commercial,89,icseecam.com
do security cameras have sound,320,13,0.76,informational,93,icseecam.com
u box camera,320,22,1.19,commercial,40,icseecam.com
icam35,320,23,0.25,informational,46,icseecam.com
does ring camera record 24 7,320,27,7.1,informational,41,icseecam.com
blink vs ring pros and cons,320,17,0.74,commercial,49,icseecam.com
esse cloud,320,36,1.23,informational,18,icseecam.com
ring versus nest doorbell,320,35,0.59,"commercial, informational",56,icseecam.com
best security cameras no subscription,320,18,2.04,commercial,52,icseecam.com
long distance surveillance camera,320,19,1.46,"commercial, informational",50,icseecam.com
ring blinking blue,320,31,0.0,informational,36,icseecam.com
installation camera ip,260,8,3.46,informational,6,enster.com|https___bokysee.com|jer-tech.com
ip camera fitting,260,38,4.38,informational,3,https___bokysee.com|jer-tech.com
ip camera installation,260,18,4.38,informational,7,enster.com|https___bokysee.com
best wired security camera systems,260,31,3.18,commercial,18,https___bokysee.com
5 megapixel resolution,260,16,2.29,informational,33,https___bokysee.com
surveillance camera brands,260,31,3.12,commercial,11,https___bokysee.com|innotronik.com|jer-tech.com
std camera,260,9,0.0,informational,13,cctvfactory.com
25 hdmi cable,260,24,0.5,commercial,19,cctvfactory.com
plate reader camera,260,12,2.72,informational,53,cctvfactory.com
24 to 12 volt converter,260,13,0.57,commercial,45,cctvfactory.com
bnc to rca plug,260,9,0.44,"commercial, informational",39,cctvfactory.com
cctv dpr,260,23,0.0,informational,46,cctvfactory.com
24v to 12v dc converter,260,4,0.82,"commercial, informational",44,cctvfactory.com
25ft hdmi cord,260,24,0.38,"commercial, informational",25,cctvfactory.com
bnc to bnc connector,260,13,0.72,commercial,31,cctvfactory.com
164cm tv,260,17,0.0,informational,33,cctvfactory.com
24vdc to 12vdc converter,260,5,0.77,commercial,39,cctvfactory.com
cctv camera dealers,260,31,0.0,commercial,20,cctvfactory.com
50 ft cat5 ethernet cable,260,26,0.35,commercial,58,cctvfactory.com
6 foot hdmi cord,260,22,0.47,commercial,20,cctvfactory.com
hdmi to hdmi cable 6ft,260,14,0.45,commercial,38,cctvfactory.com
where to buy spy camera,260,45,0.46,transactional,30,cctvfactory.com
wifi 4ch ip camera nvr kit,260,7,0.0,commercial,8,enster.com
cctv tester,260,16,0.41,commercial,9,enster.com
ip camera with pan tilt and zoom,260,23,1.75,commercial,46,enster.com
xmeye app,260,47,0.34,informational,9,enster.com
setup ip camera,260,22,3.46,informational,12,enster.com|jer-tech.com
128gb microsd card for ip surveillance camera edge storage 64gb,260,4,0.0,commercial,59,enster.com
local storage security cameras,260,23,1.99,commercial,10,innotronik.com
cameras for monitoring,260,71,0.41,commercial,12,innotronik.com
cameras for stores,260,21,0.97,"commercial, informational",14,innotronik.com
cctv blind spot solutions night vision motion detection analytics,260,0,0.0,"commercial, informational",15,jer-tech.com
high speed camera technology key players manufacturers,260,15,0.0,informational,38,icseecam.com|jer-tech.com
security camera integration,260,10,0.0,informational,92,jer-tech.com
wireless camera installation,260,33,6.8,informational,31,jer-tech.com
best home security camera without subscription wireless,260,15,2.19,commercial,50,icseecam.com
us solar panel manufacturers,260,49,3.42,informational,80,icseecam.com
ring recording,260,38,1.02,"commercial, navigational",35,icseecam.com
ubox camera app,260,41,0.27,informational,31,icseecam.com
eufy company,260,41,1.19,informational,45,icseecam.com
which is better ring or blink,260,21,0.91,"commercial, informational",45,icseecam.com
best nvr camera system,260,29,1.99,commercial,60,icseecam.com
us solar module manufacturers,260,50,3.42,informational,83,icseecam.com
hack the camera,260,47,0.0,informational,94,icseecam.com
solar panel manufacturers usa,260,58,3.42,commercial,83,icseecam.com
wiring security cameras,260,31,2.98,informational,58,icseecam.com
which is better blink or ring,260,27,1.03,informational,47,icseecam.com
blink doorbell vs ring,260,31,0.36,"commercial, informational",41,icseecam.com
japanese camera brand,260,15,0.0,informational,63,icseecam.com
does ring record 24 7,260,27,10.14,informational,42,icseecam.com
eseecloud app download,260,42,0.67,informational,42,icseecam.com
security cameras for home without subscription,260,30,2.95,commercial,56,icseecam.com
ring camera wifi,260,26,1.66,"informational, transactional",58,icseecam.com
solar panels manufacturers,260,36,4.3,commercial,84,icseecam.com
icam 365,260,34,0.34,informational,37,icseecam.com
is eufy a chinese company,260,33,0.0,informational,37,icseecam.com
solar panel security cameras,260,25,0.76,"commercial, informational",58,icseecam.com
solar connector types,260,15,0.41,"commercial, informational",90,icseecam.com
security cameras companies,260,72,15.84,commercial,84,icseecam.com
vivint hq,260,31,0.0,informational,81,icseecam.com
best subscription free security camera,260,37,0.98,commercial,60,icseecam.com
best solar camera,260,22,1.12,commercial,47,icseecam.com
is ring or blink better,260,20,1.63,informational,45,icseecam.com
usa made solar panels,260,35,2.16,"commercial, informational",81,icseecam.com
security camera wiring,260,15,2.98,informational,68,icseecam.com
american made surveillance cameras,260,7,2.71,informational,68,icseecam.com
how to delete ring videos,260,27,0.0,informational,38,icseecam.com
5 mpixel,210,15,0.79,informational,38,https___bokysee.com
5mp camera quality,210,17,0.0,"commercial, informational",29,https___bokysee.com
why is my camera inverted,210,23,0.0,informational,34,https___bokysee.com
wireless cctv camera vs wired,210,22,1.78,commercial,64,https___bokysee.com
wired or wireless security cameras,210,31,2.17,"commercial, informational",67,https___bokysee.com
5mp vs 4k,210,25,1.62,informational,21,https___bokysee.com
codigos de camaras,210,21,0.0,informational,21,enster.com|https___bokysee.com
resolution 5 megapixel,210,20,1.23,"commercial, informational",31,https___bokysee.com
tipos de camaras de seguridad,210,16,1.56,informational,60,https___bokysee.com
8mp resolution,210,11,0.0,informational,29,https___bokysee.com
good surveillance camera brands,210,50,3.03,commercial,19,https___bokysee.com|icseecam.com|innotronik.com|jer-tech.com
poe camera meaning,210,15,0.56,informational,60,https___bokysee.com|icseecam.com
las 10 mejores cámaras de vigilancia exterior,210,19,1.12,informational,12,https___bokysee.com
wire free doorbell,210,43,0.71,commercial,43,https___cctvcamerafactory.com
wire free doorbell camera,210,50,3.22,commercial,52,https___cctvcamerafactory.com
4 channel nvr,210,4,1.54,"commercial, informational",57,cctvfactory.com
unix cctv corp,210,30,5.51,navigational,33,cctvfactory.com
6 ft hdmi cable,210,16,0.46,commercial,31,cctvfactory.com
license plate camera reader,210,20,3.27,commercial,56,cctvfactory.com
quadruple power,210,3,0.0,informational,42,cctvfactory.com
25 foot hdmi cord,210,29,0.38,commercial,30,cctvfactory.com
hd sdi camera,210,6,0.77,commercial,31,cctvfactory.com
bnc connector crimp,210,4,0.69,"commercial, informational",35,cctvfactory.com
tag reader camera,210,20,3.33,informational,71,cctvfactory.com
camera sdi,210,16,0.86,informational,43,cctvfactory.com
hdmi cable 25 ft,210,16,0.38,commercial,22,cctvfactory.com
bnc t connector,210,5,0.9,"commercial, informational",53,cctvfactory.com
ip rated stereo camera,210,9,0.0,commercial,79,cctvfactory.com
bosch ds150i,210,7,1.47,informational,36,cctvfactory.com
ethernet cable for cctv camera,210,5,1.08,commercial,49,cctvfactory.com
hdmi to hdmi cable 25 feet,210,28,0.38,commercial,32,cctvfactory.com
ds150i,210,8,1.82,informational,37,cctvfactory.com
pan tilt zoom camera mount,210,7,0.78,commercial,58,enster.com
street view public street solar powered security camera with pole,210,22,0.0,informational,42,enster.com
nvms v3 download,210,11,0.0,informational,61,enster.com
do cctv cameras have audio,210,14,5.86,informational,68,enster.com
seaoptic underwater camera aquaculture,210,10,0.0,informational,51,enster.com
invisibility camera,210,25,0.34,commercial,15,enster.com
outdoor network switch,210,2,0.87,commercial,42,enster.com
wdr meaning,210,13,0.0,informational,13,enster.com
iot camera security,210,15,0.0,"commercial, informational",1,innotronik.com
1080p ahd underwater camera module wholesale price china,210,16,0.0,transactional,8,innotronik.com
easiest security camera to install,210,41,3.2,commercial,14,innotronik.com
best security camera brands,210,48,2.99,commercial,37,icseecam.com|innotronik.com
top rated indoor security cameras,210,51,1.6,commercial,17,innotronik.com
retail store camera security systems,210,33,27.57,commercial,33,innotronik.com
stores camera,210,71,0.97,commercial,26,innotronik.com
best security cameras for apartments,210,21,4.58,commercial,14,innotronik.com
surveillance camera companies,210,67,21.12,commercial,17,icseecam.com|innotronik.com
retail surveillance cameras,210,19,27.57,"commercial, informational",15,innotronik.com
secuiry camera,210,80,5.47,commercial,8,jer-tech.com
define ahd,210,10,1.5,informational,36,jer-tech.com
onvif protocol,210,30,0.65,navigational,60,jer-tech.com
ovif,210,33,1.74,"informational, navigational",65,jer-tech.com
analog video surveillance system,210,18,2.88,commercial,47,jer-tech.com
esee cloud for pc,210,13,0.0,informational,2,icseecam.com
top 10 solar panels in world,210,16,3.75,commercial,12,icseecam.com
best solar cameras,210,29,1.12,commercial,45,icseecam.com
long range cctv camera,210,15,1.46,commercial,25,icseecam.com
best nvr,210,27,2.78,commercial,61,icseecam.com
home security cameras that don't require a subscription,210,44,2.9,commercial,48,icseecam.com
magnetic security camera,210,24,1.2,commercial,42,icseecam.com
best non subscription security cameras,210,30,1.04,commercial,69,icseecam.com
free security cameras,210,42,5.63,commercial,50,icseecam.com
long range video surveillance camera,210,27,1.46,commercial,53,icseecam.com
blue light on ring camera,210,15,0.0,informational,31,icseecam.com
solar panels made in the usa,210,34,2.16,"commercial, informational",98,icseecam.com
best security camera system without subscription,210,28,4.06,commercial,63,icseecam.com
setting up ring camera,210,37,0.82,informational,39,icseecam.com
esee camera,210,19,0.59,commercial,37,icseecam.com
hami cam 設定,210,24,0.0,informational,45,icseecam.com
long distance cctv camera,210,8,1.56,commercial,51,icseecam.com
ring blue light flashing,210,33,0.0,informational,34,icseecam.com
who makes blink cameras,210,42,3.68,informational,81,icseecam.com
can ring cameras record 24 7,210,21,4.74,informational,41,icseecam.com
nest vs ring camera,210,27,1.99,commercial,46,icseecam.com
is blink or ring better,210,25,1.5,commercial,39,icseecam.com
ubox cameras,210,29,1.19,commercial,44,icseecam.com
solar manufacturers,210,56,7.63,informational,88,icseecam.com
blink versus ring,210,25,1.15,"commercial, informational",43,icseecam.com
u box app,210,38,0.84,informational,35,icseecam.com
blink vs ring cameras,210,33,1.39,"commercial, informational",38,icseecam.com
how to delete a location on ring,210,27,0.0,informational,42,icseecam.com
home camera systems no subscription,210,31,4.44,"commercial, informational",53,icseecam.com
essee cloud,210,18,1.23,informational,32,icseecam.com
solar module manufacturers,210,59,4.3,informational,85,icseecam.com
school security cameras,210,15,0.0,informational,68,icseecam.com
solar panel direct sunlight vs shaded,210,13,0.0,"commercial, informational",91,icseecam.com
ring continuous recording,210,25,2.33,"informational, transactional",37,icseecam.com
best camera without subscription,210,34,1.36,commercial,46,icseecam.com
ring camera light meaning,210,26,0.0,informational,21,icseecam.com
tuya smart camera,210,9,0.54,"commercial, informational",37,icseecam.com
icom365,210,38,0.0,informational,45,icseecam.com
icam365 camera,210,24,0.73,informational,37,icseecam.com
best subscription free security cameras,210,27,1.06,commercial,44,icseecam.com
can you delete footage on ring camera,210,24,0.0,informational,50,icseecam.com
15fps,170,8,0.0,informational,1,https___bokysee.com
what are poe cameras,170,14,0.91,informational,71,https___bokysee.com|icseecam.com
onvif ip camera,170,17,0.96,"commercial, informational",48,https___bokysee.com
8 megapixel resolution,170,14,0.0,informational,42,https___bokysee.com
wholesale security camera sales,170,22,0.0,transactional,33,cctvfactory.com|https___bokysee.com|icseecam.com|jer-tech.com
chinese camera,170,22,0.0,informational,9,https___bokysee.com|icseecam.com|innotronik.com|jer-tech.com
best ip cameras,170,29,1.67,commercial,41,https___bokysee.com
ptz camera outdoor,170,22,1.18,"commercial, informational",46,https___bokysee.com
wireless ptz camera,170,7,0.79,commercial,29,https___bokysee.com
how to fix inverted camera,170,29,0.0,informational,28,https___bokysee.com
best outdoor security camera 2025,170,69,0.0,commercial,7,https___bokysee.com|jer-tech.com
wireless ptz,170,15,0.96,commercial,23,https___bokysee.com
what is a poe security camera,170,15,0.82,informational,53,https___bokysee.com
wire free video doorbell,170,47,0.0,commercial,63,https___cctvcamerafactory.com
plasma 70 inch tv,170,22,0.0,informational,8,cctvfactory.com
cctv camera shop,170,60,10.32,commercial,14,cctvfactory.com
industrial cctv,170,26,14.16,commercial,59,cctvfactory.com
cctv camera store,170,70,10.32,commercial,13,cctvfactory.com
ctv camera,170,65,3.64,"commercial, informational",33,cctvfactory.com
hdmi cable 25,170,24,0.59,commercial,38,cctvfactory.com
25 foot hdmi,170,25,0.4,commercial,33,cctvfactory.com
wholesale security camera,170,26,6.12,commercial,52,cctvfactory.com|icseecam.com
hd ip camera,170,13,1.65,"commercial, informational",41,cctvfactory.com
camera ip nvr,170,18,1.9,"commercial, informational",9,cctvfactory.com
hdmi 25' cable,170,17,0.5,commercial,35,cctvfactory.com
6 ft hdmi cord,170,14,0.45,commercial,28,cctvfactory.com
network video recorders,170,24,1.95,informational,51,cctvfactory.com
hdmi 6 feet,170,12,0.58,"commercial, informational",28,cctvfactory.com
camera ip hd,170,21,1.65,"commercial, informational",14,cctvfactory.com
solar powered license plate reader,170,12,4.85,"commercial, informational",37,cctvfactory.com
25' hdmi cable,170,23,0.63,"commercial, informational",20,cctvfactory.com
license plate recognition camera price,170,18,2.71,transactional,35,cctvfactory.com
cctv camera near me,170,43,3.54,transactional,49,cctvfactory.com
bnc t,170,5,0.79,"commercial, informational",50,cctvfactory.com
hdmi cable 25ft,170,24,0.38,commercial,25,cctvfactory.com
network video recorder system,170,26,3.69,"commercial, informational",47,cctvfactory.com
bosch ds150i manual,170,1,0.0,informational,47,cctvfactory.com
camera fixe,170,3,0.98,commercial,1,enster.com
outdoor waterproof smart wifi camera mini ptz dome machine,170,0,0.0,"informational, transactional",1,enster.com
xmeye for pc,170,30,0.0,informational,4,enster.com
digital ccd camera,170,34,1.32,informational,1,enster.com
coax dvr,170,6,0.71,"commercial, informational",39,enster.com
onvif port,170,15,0.0,informational,39,enster.com
outdoor ethernet switch,170,4,0.87,commercial,32,enster.com
what is wide dynamic range camera,170,6,0.0,informational,37,enster.com
camera ip bullet,170,20,1.63,"commercial, informational",20,enster.com
imx415,170,10,2.01,informational,48,enster.com
hevc vs h265,170,20,0.0,"commercial, informational",44,enster.com
cctvda,170,66,0.0,informational,67,enster.com
what is digital video recorder,170,16,0.33,informational,50,enster.com
ptz camera ahd coaxial,170,4,0.0,"commercial, informational",29,enster.com
pan tilt zoom mount,170,15,0.78,commercial,47,enster.com
set up ip camera,170,16,3.46,informational,18,enster.com
surveillance camera cloud storage,170,35,4.03,commercial,16,innotronik.com
two way audio security camera,170,22,1.61,"commercial, informational",15,icseecam.com|innotronik.com
best indoor camera for home,170,18,1.99,commercial,32,innotronik.com
2 way audio security camera,170,7,1.6,"commercial, informational",17,innotronik.com
best camera for elderly monitoring without subscription,170,17,1.36,"commercial, informational",20,innotronik.com
camera with local storage,170,19,1.98,"commercial, informational",11,innotronik.com
nvr manufacturers,170,22,4.17,"commercial, informational",7,jer-tech.com
sercurity camera,170,77,5.47,"commercial, informational",1,jer-tech.com
what is analog camera,170,12,0.0,informational,41,jer-tech.com
4g video surveillance camera,170,17,1.3,commercial,43,jer-tech.com
survallance cameras,170,64,5.02,commercial,1,jer-tech.com
best ptz security camera brands,170,24,0.0,commercial,76,icseecam.com|jer-tech.com
surviliance camera,170,72,5.02,commercial,8,jer-tech.com
servelance camera,170,52,5.02,commercial,9,jer-tech.com
can surveillance cameras have audio,170,18,5.86,informational,65,icseecam.com
are ring cameras always recording,170,21,0.0,informational,42,icseecam.com
best window camera without subscription,170,23,0.61,commercial,59,icseecam.com
ip camera vs analog camera,170,26,0.53,commercial,76,icseecam.com
eseecloud cameras,170,36,1.04,commercial,42,icseecam.com
orbs on security camera,170,12,0.0,informational,22,icseecam.com
dahua wikipedia,170,45,0.0,"informational, transactional",73,icseecam.com
css camera,170,30,0.0,informational,86,icseecam.com
best ptz camera,170,7,0.93,commercial,58,icseecam.com
hack home cameras,170,19,0.0,informational,66,icseecam.com
how to reconnect ring camera,170,27,0.01,informational,46,icseecam.com
google nest vs ring doorbell,170,39,1.59,"commercial, informational",53,icseecam.com
icsee pc,170,36,0.0,informational,31,icseecam.com
sound detection camera,170,8,0.34,commercial,20,icseecam.com
ycc365 plus app,170,40,0.15,informational,38,icseecam.com
how to connect to ring camera,170,33,1.03,informational,43,icseecam.com
camera system without subscription,170,34,3.96,"commercial, informational",58,icseecam.com
do blink cameras record,170,22,0.0,informational,45,icseecam.com
setup ring camera,170,32,1.44,informational,29,icseecam.com
blue light on ring camera meaning,170,16,0.0,informational,25,icseecam.com
ring and nest,170,41,1.62,commercial,57,icseecam.com
poe camera definition,170,14,0.44,informational,70,icseecam.com
countries supported by adt security,170,40,0.0,informational,72,icseecam.com
how long does ring camera last,170,19,0.0,informational,40,icseecam.com
how much sunlight does outdoor solar security camera need,170,4,0.0,informational,16,icseecam.com
does ring record 24/7,170,24,10.14,informational,50,icseecam.com
how to tell if a ring camera is on,170,18,0.0,informational,50,icseecam.com
who owns wyze cameras,170,33,0.0,informational,57,icseecam.com
connect ring camera to new wifi,170,28,0.01,informational,61,icseecam.com
what is a ghost camera,170,16,0.0,informational,86,icseecam.com
nest camera vs ring camera,170,34,1.62,commercial,41,icseecam.com
telec certification,170,0,5.94,informational,64,icseecam.com
eesecloud,170,27,1.35,informational,46,icseecam.com
how to connect ring camera,170,31,1.49,informational,53,icseecam.com
what color is a ring camera when someone is watching,170,18,0.0,informational,28,icseecam.com
hackercam,170,65,0.0,informational,91,icseecam.com
frame rate 15,140,15,0.0,informational,1,https___bokysee.com
best ptz outdoor camera,140,10,1.21,commercial,46,https___bokysee.com|icseecam.com
wifi camera ptz outdoor,140,11,1.02,commercial,25,enster.com|https___bokysee.com
best battery powered surveillance camera,140,36,1.6,commercial,52,https___bokysee.com
cctv system installation,140,27,0.0,transactional,6,https___bokysee.com
cctv camera company,140,24,15.98,commercial,3,cctvfactory.com|https___bokysee.com|innotronik.com|jer-tech.com
cctv supply,140,18,3.77,navigational,21,cctvfactory.com|https___bokysee.com
what is onvif camera,140,25,0.22,informational,46,https___bokysee.com
surveillance camera distributors,140,15,17.05,commercial,30,https___bokysee.com
onvif protocol ip cameras,140,29,0.96,informational,51,https___bokysee.com|jer-tech.com
best surveillance camera brand,140,56,2.99,commercial,38,https___bokysee.com
top security camera brands,140,52,2.99,commercial,34,https___bokysee.com|icseecam.com|innotronik.com
outdoor cctv camera ptz wifi,140,6,0.0,commercial,8,https___bokysee.com
how to stop camera from inverting,140,23,0.0,informational,34,https___bokysee.com
cctv camera distributor,140,20,17.05,commercial,24,cctvfactory.com|https___bokysee.com
surveillance cameras meaning,140,34,2.14,informational,56,https___bokysee.com
most mp in a camera,140,34,0.41,informational,37,https___bokysee.com
brands of security cameras,140,57,2.94,"commercial, informational",41,https___bokysee.com|icseecam.com
ip cctv camera system,140,26,4.49,"commercial, informational",7,https___bokysee.com
what does mp mean for cameras,140,28,0.0,informational,42,https___bokysee.com
license plate reading camera,140,23,3.75,informational,58,cctvfactory.com
retail cctv,140,8,12.07,"commercial, informational",9,cctvfactory.com|innotronik.com
ethernet cable for camera,140,9,0.7,commercial,31,cctvfactory.com
corner mount camera,140,7,1.92,"commercial, informational",33,cctvfactory.com
64 channel nvr,140,3,2.53,"commercial, informational",17,cctvfactory.com
corner camera,140,5,1.57,informational,27,cctvfactory.com
hdmi 6ft cable,140,15,0.45,commercial,26,cctvfactory.com
cctv suppliers,140,18,3.18,commercial,42,cctvfactory.com
24 volt ac transformer,140,26,0.67,commercial,20,cctvfactory.com
high definition ip camera,140,11,1.17,commercial,26,cctvfactory.com
corner mount cameras,140,5,1.92,"commercial, informational",31,cctvfactory.com
unix cctv texas branch,140,27,0.0,navigational,14,cctvfactory.com
lock battery,140,7,0.44,informational,46,cctvfactory.com
25 ft hdmi,140,26,0.4,commercial,30,cctvfactory.com
25 ft hdmi cord,140,25,0.38,commercial,26,cctvfactory.com
hdmi cables 6ft,140,13,0.46,commercial,31,cctvfactory.com
24 to 12v converter,140,3,0.64,commercial,44,cctvfactory.com
imx307,140,9,0.0,informational,3,enster.com
12mm poe cam,140,23,0.0,"commercial, informational",21,enster.com
imx335,140,10,2.2,informational,39,enster.com
nt98321 linux dvr,140,6,0.0,informational,14,enster.com
what is wide dynamic range,140,3,0.0,informational,50,enster.com
outdoor ethernet switch poe,140,0,0.87,commercial,45,enster.com
h265 hevc,140,33,0.0,informational,86,enster.com
camera 6.0,140,19,0.0,commercial,5,enster.com
security cameras local storage,140,20,2.15,"commercial, informational",5,innotronik.com
best camera for apartment door,140,18,2.95,commercial,2,innotronik.com
surveillance camera manufacturers,140,22,5.23,informational,1,innotronik.com|jer-tech.com
security camera manufacturers,140,28,5.23,commercial,1,innotronik.com|jer-tech.com
security cameras for seniors,140,14,2.35,commercial,9,innotronik.com
china cctv,140,62,0.0,informational,5,innotronik.com
cloud security camera system,140,20,10.59,commercial,37,innotronik.com
top rated night vision security cameras,140,32,2.01,commercial,9,innotronik.com
best camera for indoors,140,39,1.59,commercial,19,innotronik.com
cloud managed security cameras,140,14,32.01,commercial,28,innotronik.com
indoor use cameras for home,140,41,2.35,commercial,27,innotronik.com
best outdoor security cameras made in usa,140,6,1.25,commercial,22,innotronik.com
security camera supplier,140,38,5.81,commercial,15,icseecam.com|innotronik.com
best security cameras for retail stores.,140,27,24.49,commercial,47,innotronik.com
caregility cameras,140,21,1.91,navigational,22,innotronik.com
best indoor cameras for home,140,25,1.99,commercial,30,innotronik.com
eltronik,140,12,1.43,informational,50,innotronik.com
best outdoor solar security cameras,140,27,1.16,commercial,44,innotronik.com
video surveillance for retail,140,24,27.57,"commercial, informational",1,innotronik.com|jer-tech.com
network video recorder manufacturers,140,20,4.17,"commercial, informational",9,jer-tech.com
security camera storage,140,20,3.42,informational,66,jer-tech.com
survalliance camera,140,76,5.02,commercial,1,jer-tech.com
camera china,140,38,0.0,commercial,11,icseecam.com|jer-tech.com
9mp,140,44,0.0,informational,36,jer-tech.com
two way audio video surveillance,140,7,1.61,commercial,45,icseecam.com|jer-tech.com
home security cameras with night vision,140,21,3.31,commercial,21,jer-tech.com
onvif compliant ip cameras,140,26,1.46,informational,42,jer-tech.com
securuty camera,140,79,5.3,"commercial, informational",9,jer-tech.com
what to look for in home security camera,140,33,1.38,commercial,67,jer-tech.com
do all cameras need wifi,140,9,1.35,"commercial, informational",82,icseecam.com
what is ubox app,140,34,0.0,informational,27,icseecam.com
magnetic cameras,140,18,0.5,commercial,35,icseecam.com
do wireless security cameras need wifi,140,11,1.3,informational,96,icseecam.com
reconnect ring camera to wifi,140,27,0.0,informational,32,icseecam.com
best wireless security cameras 2026,140,59,2.62,commercial,44,icseecam.com
how to delete location on ring,140,27,0.0,informational,36,icseecam.com
anysee app,140,16,0.0,informational,43,icseecam.com
security cameras with sound recording,140,16,2.18,commercial,90,icseecam.com
icam365 for pc,140,25,0.0,commercial,30,icseecam.com
is recording audio on security camera illegal,140,11,0.0,informational,94,icseecam.com
good security camera brands,140,54,2.99,commercial,13,icseecam.com
what does the blue light on a ring camera mean,140,12,0.0,informational,24,icseecam.com
cameras with solar panels,140,23,0.66,"commercial, informational",53,icseecam.com
delete ring videos,140,22,0.0,informational,29,icseecam.com
ubox bird feeder camera,140,23,0.37,informational,41,icseecam.com
ring vs blink cameras,140,34,0.87,commercial,43,icseecam.com
who owns arlo cameras,140,40,0.0,informational,71,icseecam.com
connecting ring camera to wifi,140,24,0.01,informational,57,icseecam.com
best continuous recording security camera,140,33,2.71,commercial,41,icseecam.com
v380pro app,140,37,0.27,informational,52,icseecam.com
best solar panel brands 2025,140,27,0.0,commercial,61,icseecam.com
best solar camera outdoor,140,36,1.06,commercial,51,icseecam.com
does ring camera work without wifi,140,14,0.0,informational,42,icseecam.com
connecting ring to wifi,140,23,0.01,informational,56,icseecam.com
top solar module,140,35,2.46,commercial,74,icseecam.com
ubox security camera,140,27,2.01,commercial,34,icseecam.com
does the ring camera record all the time,140,23,0.0,informational,42,icseecam.com
ring camera 24 7 recording,140,28,3.27,"informational, navigational",41,icseecam.com
blink or ring which is better,140,23,1.88,"commercial, informational",47,icseecam.com
eseecloud app for pc,140,12,0.0,informational,46,icseecam.com
ring connection,140,42,0.53,informational,41,icseecam.com
nest camera vs ring,140,21,1.63,commercial,45,icseecam.com
ring camera recording,140,32,1.64,informational,54,icseecam.com
ring camera flashes blue,140,23,0.0,informational,34,icseecam.com
nest and ring doorbell,140,35,1.59,informational,55,icseecam.com
photovoltaic shingle,140,45,3.03,"commercial, informational",83,icseecam.com
yoosee camera app,140,35,0.16,informational,19,icseecam.com
how to setup a ring camera,140,35,1.07,informational,40,icseecam.com
如何駭入監視器,140,25,0.0,informational,64,icseecam.com
ycc365plus,140,32,0.29,informational,32,icseecam.com
top solar panel brands,140,44,2.98,commercial,67,icseecam.com
ice camera,140,27,0.0,"commercial, informational",65,icseecam.com
blink vs ring subscription,140,32,0.0,"commercial, informational",42,icseecam.com
does ring doorbell record 24 7,140,24,5.01,informational,43,icseecam.com
security camera world,140,31,4.45,navigational,51,icseecam.com
how to reactivate ring camera,140,24,0.05,informational,31,icseecam.com
does the blue light on camera mean someone is watching,140,17,0.0,informational,36,icseecam.com
how to delete ring footage,140,21,0.0,informational,43,icseecam.com
arlo camera won't charge,140,18,0.28,informational,54,icseecam.com
solar module manufacturers usa,140,54,3.61,informational,84,icseecam.com
major solar panel manufacturers,140,32,9.97,informational,74,icseecam.com
long range cctv,140,22,1.46,commercial,63,icseecam.com
i cam 365,140,32,2.17,informational,42,icseecam.com
do wireless cameras need wifi,140,19,2.01,informational,89,icseecam.com
who makes ring cameras,140,72,0.0,informational,86,icseecam.com
long range cameras,140,17,1.37,"commercial, informational",58,icseecam.com
does blink record 24/7,140,13,6.09,informational,55,icseecam.com
does blink camera record 24/7,140,17,3.7,informational,28,icseecam.com
how to delete a ring camera,140,32,0.0,informational,34,icseecam.com
how to connect ring cameras to new wifi,140,23,0.01,informational,59,icseecam.com
us cellular security cameras,140,15,2.74,informational,43,icseecam.com
esee cloud camera,140,29,1.04,commercial,40,icseecam.com
what does the blue light mean on a ring camera,140,19,0.0,informational,24,icseecam.com
solar panel makers in usa,140,51,3.61,commercial,82,icseecam.com
why is my ring camera blinking blue,140,25,0.0,informational,22,icseecam.com
do ring doorbells record 24/7,140,24,5.01,informational,38,icseecam.com
best no subscription security cameras,140,25,1.08,commercial,63,icseecam.com
how long does a ring camera last,140,17,0.0,informational,47,icseecam.com
top surveillance camera brands,110,19,2.99,commercial,9,https___bokysee.com|innotronik.com|jer-tech.com
8mp camera quality,110,7,0.0,informational,25,https___bokysee.com
how to configure camera security,110,22,4.2,informational,42,https___bokysee.com
types of cctv systems,110,27,0.93,informational,41,https___bokysee.com
types of cctv security cameras,110,27,0.93,informational,69,https___bokysee.com
top 10 camera security systems,110,71,2.11,commercial,45,https___bokysee.com
chinese security cameras,110,24,1.86,informational,1,https___bokysee.com|jer-tech.com
what is an onvif camera,110,18,0.42,informational,85,https___bokysee.com
wireless pan tilt zoom camera,110,14,0.96,commercial,45,https___bokysee.com
distribution video security,110,2,0.0,informational,71,https___bokysee.com
mp vs k,110,24,0.0,commercial,16,https___bokysee.com
supplier cctv,110,40,3.18,commercial,1,cctvfactory.com|https___bokysee.com|jer-tech.com
camera that connects to phone without wifi,110,25,1.25,"commercial, informational",31,https___bokysee.com
best ptz security camera,110,15,1.16,commercial,51,https___bokysee.com|icseecam.com
onvif security camera,110,14,1.85,informational,42,https___bokysee.com
top 10 surveillance cameras,110,59,1.99,commercial,29,https___bokysee.com
cctv connected to phone without wifi,110,13,0.0,commercial,18,https___bokysee.com
ip camera onvif,110,23,0.96,commercial,30,enster.com|https___bokysee.com
video surveillance camera manufacturers,110,27,3.84,commercial,5,https___bokysee.com|icseecam.com|innotronik.com|jer-tech.com
is 5 mp camera good,110,17,0.0,informational,26,https___bokysee.com
las mejores camaras de seguridad para casa,110,27,1.98,informational,29,https___bokysee.com
cctv dealers,110,7,12.9,commercial,10,https___bokysee.com
video surveillance kit,110,16,4.26,commercial,1,https___bokysee.com
8 megapixel,110,11,2.15,informational,36,https___bokysee.com
camaras de seguridad para casa solares,110,22,0.82,commercial,16,https___bokysee.com
onvif cctv,110,32,1.55,"commercial, informational",8,https___bokysee.com
factory camera,110,22,0.26,informational,3,cctvfactory.com|https___cctvcamerafactory.com
6 foot hdmi,110,14,0.58,commercial,31,cctvfactory.com
hdmi cable 6ft,110,19,0.45,commercial,26,cctvfactory.com
hdmi cable 6 feet,110,10,0.45,commercial,27,cctvfactory.com
poe cat5 cable,110,21,0.88,commercial,30,cctvfactory.com
commercial video surveillance katy,110,3,0.0,commercial,59,cctvfactory.com
25ft hdmi,110,9,0.38,commercial,29,cctvfactory.com
license plate capture camera,110,18,3.65,"commercial, informational",60,cctvfactory.com
retail cctv systems,110,20,0.0,"commercial, informational",16,cctvfactory.com|innotronik.com
cctv lens,110,8,1.11,informational,42,cctvfactory.com
12v 500ma charger,110,24,0.4,commercial,37,cctvfactory.com
ac 24 volt transformer,110,25,0.63,commercial,22,cctvfactory.com
ccv camera,110,36,2.6,"commercial, informational",31,cctvfactory.com
ctv cameras,110,40,4.96,"commercial, informational",39,cctvfactory.com
number plate recognition camera price,110,19,2.71,transactional,36,cctvfactory.com
latch battery,110,3,0.0,transactional,42,cctvfactory.com
camera ip hd 1080p,110,9,0.0,"informational, transactional",22,cctvfactory.com
eternal living drone with hd camera,110,22,0.3,informational,58,cctvfactory.com
camera 3g wireless spy,110,8,0.0,commercial,8,enster.com
motorized camera,110,15,0.8,informational,1,enster.com
construction site cameras wireless,110,20,13.24,commercial,25,enster.com
xmeye camera,110,48,1.63,informational,14,enster.com
ahd dvr kit for home,110,10,0.0,commercial,8,enster.com
camhipro for pc,110,15,0.0,informational,16,enster.com
wide dynamic range meaning,110,10,0.0,informational,56,enster.com
what is network video recorder,110,17,0.93,informational,41,enster.com
ip port 554,110,9,0.0,informational,43,enster.com
cmos camera dc 12v 200ma,110,4,0.0,commercial,28,enster.com
4 channel dvr,110,4,1.29,"commercial, informational",8,enster.com
hevc h265,110,36,0.0,informational,85,enster.com
onvif wifi camera,110,7,0.56,commercial,25,enster.com
does cctv camera have audio,110,12,5.86,informational,62,enster.com
network video recording,110,17,1.95,informational,23,enster.com
poseidon ocean systems underwater camera aquaculture,110,7,0.0,informational,89,enster.com
smart home security cameras privacy features,110,0,0.0,commercial,4,innotronik.com
chinese surveillance cameras,110,53,1.86,informational,1,innotronik.com
camera for kids room,110,23,0.0,commercial,6,innotronik.com
best night vision cameras,110,12,1.83,commercial,1,innotronik.com
mobile video surveillance manufacturer,110,16,0.0,informational,65,innotronik.com
multi lens camera,110,5,2.41,"commercial, informational",35,innotronik.com
cameras with free cloud storage,110,30,1.13,"commercial, informational",39,innotronik.com
best camera for apartment,110,25,3.92,commercial,15,innotronik.com
wireless security cameras with local storage,110,23,2.15,commercial,10,innotronik.com
oem ai cameras,110,1,0.0,"commercial, informational",38,innotronik.com
cloud based cctv camera,110,16,14.04,commercial,27,innotronik.com
best apartment surveillance camera,110,31,4.38,commercial,12,innotronik.com
best live bedroom ip camera online,110,32,0.0,commercial,45,innotronik.com
best apartment security camera,110,42,4.38,commercial,15,innotronik.com
best security cameras for retail stores,110,25,25.23,commercial,42,innotronik.com
wireless camera with two way audio,110,6,1.78,commercial,16,innotronik.com
best camera for elderly monitoring,110,11,2.46,commercial,18,innotronik.com
commercial solar powered security camera,110,20,0.0,commercial,32,innotronik.com
how long do camera batteries last,110,17,0.0,informational,78,innotronik.com
wireless camera with 2 way audio,110,10,1.78,commercial,17,innotronik.com
retail store surveillance cameras,110,17,26.25,commercial,20,innotronik.com
onvif profile s,110,40,0.0,"informational, navigational",44,jer-tech.com
securty camera,110,74,5.3,commercial,1,jer-tech.com
best night time cctv camera,110,33,2.38,commercial,19,jer-tech.com
what is an ahd camera,110,3,0.0,informational,14,jer-tech.com
what is ahd camera,110,7,0.0,informational,8,icseecam.com|jer-tech.com
wireless security camera installation,110,39,5.82,informational,36,jer-tech.com
ip camera setup,110,20,2.18,informational,31,jer-tech.com
survellance cameras,110,66,5.02,commercial,1,jer-tech.com
best security camera system features,110,50,0.0,commercial,19,jer-tech.com
night time cctv,110,28,0.0,"commercial, informational",12,jer-tech.com
best wireless home security cameras 2025,110,54,0.0,commercial,25,jer-tech.com
made in usa security cameras,110,13,2.71,informational,75,icseecam.com|jer-tech.com
secure ip camera system,110,60,4.49,commercial,52,jer-tech.com
aecurity cameras,110,65,5.47,commercial,9,jer-tech.com
best night time surveillance camera,110,28,2.38,commercial,25,jer-tech.com
how to delete ring camera,110,26,0.0,informational,37,icseecam.com
best solar panel brand,110,37,3.92,commercial,61,icseecam.com
solar connectors types,110,15,0.65,informational,84,icseecam.com
sound surveillance,110,20,1.31,navigational,87,icseecam.com
solar panel shingles cost,110,41,4.18,"commercial, informational",77,icseecam.com
limpieza de paneles solares,110,5,2.38,informational,69,icseecam.com
blue light on ring indoor camera,110,14,0.0,informational,35,icseecam.com
ring outdoor cam plus 24/7 recording,110,34,0.0,navigational,49,icseecam.com
does ring camera record without wifi,110,3,0.0,informational,35,icseecam.com
best wifi security camera without subscription,110,29,1.15,commercial,74,icseecam.com
surveillance camera suppliers,110,27,5.23,commercial,78,icseecam.com
solar cell producers,110,51,2.61,informational,76,icseecam.com
2 way audio surveillance camera,110,11,1.61,"commercial, informational",55,icseecam.com
best farm security cameras without wifi,110,11,1.44,commercial,31,icseecam.com
icsee pro,110,38,0.13,informational,23,icseecam.com
eesee cloud,110,32,1.68,informational,41,icseecam.com
school security camera systems,110,10,0.0,"commercial, informational",63,icseecam.com
top solar panel manufacturers,110,39,3.15,commercial,74,icseecam.com
ring camera continuous recording,110,21,4.4,informational,46,icseecam.com
moving orbs on security camera,110,14,0.0,informational,36,icseecam.com
dust particles on camera,110,11,0.0,informational,24,icseecam.com
ring or nest,110,40,2.45,"commercial, informational",49,icseecam.com
blink vs. ring,110,33,1.69,commercial,43,icseecam.com
difference between blink and ring,110,28,0.58,"commercial, informational",43,icseecam.com
solar panels manufactured in usa,110,31,3.61,informational,90,icseecam.com
nest vs blink,110,16,0.83,commercial,27,icseecam.com
blue light on ring doorbell,110,29,0.0,informational,29,icseecam.com
blink vs ring outdoor camera,110,32,0.55,commercial,33,icseecam.com
dual lens wifi ip camera,110,0,0.0,"commercial, informational",50,icseecam.com
hack an ip camera,110,26,0.0,informational,52,icseecam.com
does ring work without internet,110,27,0.0,informational,40,icseecam.com
where is eufy based,110,23,0.0,informational,27,icseecam.com
hack a camera,110,49,0.0,informational,89,icseecam.com
how far can security cameras see,110,8,0.0,informational,93,icseecam.com
biggest solar panel producers,110,33,9.76,informational,73,icseecam.com
security camera system companies,110,64,18.42,commercial,84,icseecam.com
american camera companies,110,10,0.0,informational,64,icseecam.com
can security cameras have audio,110,16,5.86,informational,98,icseecam.com
top solar panel manufacturers 2026,110,19,0.0,"commercial, informational",87,icseecam.com
arlo vs ring camera,110,19,1.46,commercial,47,icseecam.com
does a ring camera record all the time,110,20,0.0,informational,42,icseecam.com
eseecloud for windows,110,13,0.0,informational,30,icseecam.com
blink vs nest,110,15,1.44,commercial,30,icseecam.com
does ring camera record,110,28,0.0,"informational, navigational",56,icseecam.com
5g cameras,110,24,1.45,"commercial, informational",29,icseecam.com
how to connect wifi to ring camera,110,23,0.01,informational,55,icseecam.com
blink ring,110,37,1.56,informational,55,icseecam.com
best solar panel manufacturer,110,31,6.05,commercial,57,icseecam.com
are ring and blink the same,110,24,0.0,informational,56,icseecam.com
how long does camera footage last,110,17,0.0,informational,87,icseecam.com
orbs on video monitor,110,15,0.0,informational,18,icseecam.com
blink bs ring,110,17,1.69,commercial,41,icseecam.com
wired free security camera,110,0,0.0,commercial,53,icseecam.com
eseecloud website,110,19,3.93,informational,33,icseecam.com
talking security camera,110,26,1.71,commercial,52,icseecam.com
recommended cctv for home,110,70,2.6,commercial,58,icseecam.com
who owns wyze cam,110,36,0.0,informational,62,icseecam.com
best long range security camera,110,26,1.4,commercial,70,icseecam.com
ubox bird feeder,110,24,0.5,informational,36,icseecam.com
how to set up ring camera without qr code,110,22,0.0,informational,19,icseecam.com
how to reconnect wifi to ring camera,110,25,0.01,informational,42,icseecam.com
camera with continuous recording,110,17,2.29,informational,42,icseecam.com
nest ring camera,110,49,1.7,commercial,39,icseecam.com
ring light flashing blue,110,30,0.0,informational,29,icseecam.com
best outdoor pan tilt zoom camera,90,15,1.0,commercial,82,https___bokysee.com
poe vs wifi camera,90,10,0.81,commercial,16,https___bokysee.com|jer-tech.com
4 megapixel,90,23,0.0,informational,40,https___bokysee.com
ahd camera 5mp for,90,2,0.0,commercial,15,https___bokysee.com|jer-tech.com
marcas de camaras de seguridad,90,0,2.31,informational,8,https___bokysee.com|icseecam.com|jer-tech.com
wholesale cctv camera,90,42,0.0,commercial,15,cctvfactory.com|https___bokysee.com
how many mp is a good camera,90,25,0.18,informational,46,https___bokysee.com
surveillance footage meaning,90,20,0.0,informational,20,https___bokysee.com
camera onvif ip,90,24,1.12,commercial,47,https___bokysee.com
video surveillance manufacturers,90,23,5.23,informational,1,https___bokysee.com|icseecam.com|innotronik.com|jer-tech.com
wireless ip camera ptz,90,13,0.0,commercial,10,enster.com|https___bokysee.com
solar powered security camera for construction site,90,3,20.7,commercial,63,https___bokysee.com
best ptz,90,19,0.93,commercial,43,https___bokysee.com
logistics real-time video surveillance,90,0,0.0,informational,89,https___bokysee.com
sistema de camaras,90,20,5.96,commercial,5,https___bokysee.com
china security cameras,90,40,0.0,informational,12,https___bokysee.com|icseecam.com|jer-tech.com
what is surveillance camera,90,28,0.0,informational,55,https___bokysee.com
how do video surveillance cameras work,90,21,0.66,informational,80,https___bokysee.com
how to start a cam business,90,39,0.0,informational,51,https___bokysee.com
outdoor ptz surveillance cameras,90,21,1.27,commercial,48,https___bokysee.com
dual lens,90,11,2.39,"commercial, informational",24,https___bokysee.com|icseecam.com|jer-tech.com
8 megapixel camera quality,90,20,0.0,informational,32,https___bokysee.com
best ip camera system,90,44,3.61,commercial,47,https___bokysee.com
what does poe mean in security cameras,90,13,0.38,informational,53,https___bokysee.com
cctv camera ptz outdoor,90,24,1.27,"commercial, informational",41,https___bokysee.com
wifi vs poe camera,90,12,0.81,commercial,14,https___bokysee.com|innotronik.com|jer-tech.com
camera ip onvif,90,22,1.12,"commercial, informational",42,https___bokysee.com|jer-tech.com
phone with no camera or internet,90,18,0.92,"commercial, informational",60,https___bokysee.com
video surveillance suppliers,90,44,3.84,commercial,81,https___bokysee.com
analog high definition,90,3,0.48,informational,31,cctvfactory.com|https___bokysee.com|jer-tech.com
cctv camera manufacturers,90,23,3.28,informational,3,https___bokysee.com|innotronik.com
4 megapixel resolution,90,21,0.0,informational,28,https___bokysee.com
ptz ip wireless camera,90,16,0.0,"commercial, informational",25,https___bokysee.com
good ip camera,90,57,1.86,"commercial, informational",46,https___bokysee.com
surveillance camera meaning,90,35,2.14,informational,54,https___bokysee.com
video surveillance distributor,90,26,17.05,commercial,24,https___bokysee.com
cctv in usa,90,42,3.64,"commercial, informational",34,https___bokysee.com|icseecam.com
onvif camera list,90,31,0.92,informational,51,https___bokysee.com
wireless ptz ip camera,90,7,0.0,commercial,10,enster.com|https___bokysee.com
is tuya app safe,90,22,0.0,informational,24,https___bokysee.com|innotronik.com
cmc tech,90,45,0.0,informational,1,cctvfactory.com
ai smart camera,90,21,1.71,informational,6,cctvfactory.com
cctv lens assemblies,90,6,1.11,"commercial, informational",64,cctvfactory.com
24vdc transformer,90,19,0.86,commercial,37,cctvfactory.com
nvr ip camera,90,16,2.02,"commercial, informational",39,cctvfactory.com
linux network video recorder,90,4,3.09,commercial,22,cctvfactory.com
32 channel network video recorder,90,0,2.44,commercial,34,cctvfactory.com
vcsi,90,12,0.0,informational,72,cctvfactory.com
black pole with solar panel and camera,90,22,0.0,informational,40,cctvfactory.com
cat 5e poe,90,5,0.88,informational,20,cctvfactory.com
panasonic hd sdi,90,11,0.0,transactional,48,cctvfactory.com
cameras hd sdi,90,5,0.86,commercial,34,cctvfactory.com
cmctv,90,10,0.0,transactional,66,cctvfactory.com
does cat5e support poe,90,4,0.0,informational,56,cctvfactory.com
60 inch plasma screen,90,21,0.24,commercial,27,cctvfactory.com
25 hdmi,90,24,0.5,commercial,33,cctvfactory.com
100 foot cat5e ethernet cable,90,8,0.6,commercial,50,cctvfactory.com
ip camera dvr,90,20,1.04,"commercial, informational",30,cctvfactory.com
480tvl,90,10,0.0,informational,28,cctvfactory.com
bnc to vga converter,90,16,0.4,commercial,38,cctvfactory.com
24v to 12v power converter,90,2,0.64,commercial,26,cctvfactory.com
nvr ip cameras,90,21,1.9,commercial,41,cctvfactory.com
40va 24v transformer,90,22,0.58,commercial,24,cctvfactory.com
12 volt dc distribution panel,90,2,0.47,commercial,21,cctvfactory.com
license plate readers for sale,90,33,2.08,transactional,45,cctvfactory.com
ip camera network video recorder,90,29,2.02,commercial,19,cctvfactory.com|enster.com
sdi cameras,90,13,0.85,commercial,39,cctvfactory.com
hdmi 25 ft,90,15,0.49,commercial,29,cctvfactory.com
25 ft cable,90,23,0.0,commercial,22,cctvfactory.com
60 inch plasma screen tv,90,25,0.24,"commercial, informational",14,cctvfactory.com
cat5 poe,90,14,1.03,informational,18,cctvfactory.com
ntsc camera,90,9,0.9,informational,29,cctvfactory.com
bnc rca,90,12,0.44,commercial,41,cctvfactory.com
hdmi cable 6 ft,90,14,0.45,commercial,29,cctvfactory.com
home cct,90,53,0.0,informational,51,cctvfactory.com
cctv network video recorder,90,9,1.92,"commercial, informational",34,cctvfactory.com
hd-sdi camera,90,6,0.86,commercial,30,cctvfactory.com
panoramic cctv,90,21,1.82,"commercial, informational",1,enster.com
embeded dvr,90,2,3.47,informational,1,enster.com
4ch ip camera nvr kit cctv system 5mp,90,0,0.0,commercial,7,enster.com
varifocal camera,90,19,2.25,"commercial, informational",37,enster.com
pir 1080p camera 940nm,90,8,0.79,commercial,14,enster.com
h 265 hevc,90,44,0.0,informational,89,enster.com
camaras de seguridad ocultas,90,23,0.19,commercial,2,enster.com
ip camera kit nvr,90,10,0.0,commercial,19,enster.com
cardap,90,17,0.0,informational,43,enster.com
8 camera kit nvr free,90,10,0.0,commercial,28,enster.com
camera with sim card,90,23,0.85,commercial,4,enster.com
xmeye cameras,90,37,1.63,commercial,15,enster.com
nvr hdmi vga کاربرد,90,0,0.0,informational,23,enster.com
wireless nvr kit home,90,16,0.0,commercial,21,enster.com
sony imx415,90,9,2.26,"commercial, informational",45,enster.com
xmeye pc,90,49,0.0,"informational, transactional",8,enster.com
nano sim card for security camera,90,18,0.57,commercial,25,enster.com
xmeye dvr embedded linux busybox,90,37,0.0,informational,31,enster.com
hd nvr kit,90,25,1.09,"commercial, informational",28,enster.com
high fps imx335,90,7,0.0,informational,55,enster.com
32 port switch,90,13,1.62,"commercial, informational",3,enster.com
xmeye login,90,44,0.0,"navigational, transactional",24,enster.com
180 degree cameras,90,20,1.65,"commercial, informational",45,enster.com
ethernet switch outdoor,90,7,0.87,commercial,40,enster.com
mini router wifi,90,23,1.28,commercial,6,enster.com
cameras in healthcare facilities,90,17,0.0,informational,70,enster.com
xmeye barcode,90,26,0.0,informational,23,enster.com
xmeye pro for pc,90,54,0.0,"informational, transactional",23,enster.com
home security camera local storage,90,18,2.86,"commercial, informational",5,innotronik.com
indoor camera night vision,90,37,1.54,commercial,4,innotronik.com
store cameras,90,7,0.97,commercial,8,innotronik.com
cctv companies,90,38,15.39,commercial,1,innotronik.com
security cameras with two way audio,90,11,2.9,"commercial, informational",12,innotronik.com
how long does a camera battery last,90,9,0.0,informational,72,icseecam.com|innotronik.com
mobile surveillance camera manufacturer,90,19,0.0,"commercial, informational",12,icseecam.com|innotronik.com
retail surveillance camera,90,13,26.25,commercial,15,innotronik.com
security cameras brands,90,45,3.12,commercial,17,innotronik.com
security camera with cloud storage,90,27,4.03,commercial,12,innotronik.com
best security cameras with night vision,90,11,2.01,commercial,22,innotronik.com
indoor smart camera,90,28,2.58,"commercial, informational",9,innotronik.com
best nanny cam for elderly parents,90,11,1.15,commercial,73,innotronik.com
iot cameras,90,23,1.85,informational,1,innotronik.com
camera for elderly,90,16,1.69,commercial,14,innotronik.com
solar construction camera,90,4,14.72,commercial,15,innotronik.com
local storage cameras,90,16,1.98,informational,10,innotronik.com
best camera for indoor,90,34,1.59,commercial,14,innotronik.com
video monitoring system for elderly in the home,90,9,1.61,informational,14,innotronik.com
best solar powered camera,90,14,0.91,commercial,31,innotronik.com
in home cameras for elderly,90,15,1.96,"commercial, informational",10,innotronik.com
best indoor camera for elderly,90,22,1.35,commercial,21,innotronik.com
retail camera,90,11,2.34,commercial,9,innotronik.com
elderly monitoring camera,90,12,1.58,"commercial, informational",6,innotronik.com
best cloud based security cameras,90,17,4.36,commercial,57,innotronik.com
ip cameras for home security,90,67,2.58,commercial,1,jer-tech.com
what does ahd mean,90,14,0.0,informational,8,jer-tech.com
home surveillance cameras with night vision,90,20,3.43,commercial,21,jer-tech.com
camara ptz panel solar,90,14,0.0,"commercial, informational",33,jer-tech.com
survelliance camera,90,61,5.02,commercial,8,jer-tech.com
best night vision cameras security,90,34,2.25,commercial,28,jer-tech.com
night vision camera for home,90,15,3.42,commercial,16,jer-tech.com
camera companies in usa,90,17,4.66,informational,40,icseecam.com|jer-tech.com
best home security camera system 2025,90,50,0.0,commercial,22,jer-tech.com
security camras,90,63,5.3,commercial,1,jer-tech.com
cctv at night,90,12,0.0,informational,29,jer-tech.com
oem camera production,90,3,0.0,informational,59,icseecam.com|jer-tech.com
camera de seguranca,90,33,2.14,commercial,9,jer-tech.com
nvr camera set eu,90,17,0.0,commercial,37,jer-tech.com
securitycamera,90,85,5.47,commercial,1,jer-tech.com
open ip cam,90,66,0.0,informational,4,jer-tech.com
local storage security,90,36,0.0,informational,49,jer-tech.com
24/7 business camera solutions carlisle,90,4,0.0,informational,16,jer-tech.com
ip dual lens camera,90,8,0.0,commercial,14,icseecam.com|jer-tech.com
24 7 surveillance,90,5,15.48,"commercial, informational",18,jer-tech.com
nvr suppliers,90,18,10.31,"commercial, informational",19,jer-tech.com
security camear,90,72,5.47,commercial,1,jer-tech.com
como conectar cámara,90,23,0.0,informational,29,jer-tech.com
what is ahd video,90,7,0.0,informational,34,icseecam.com|jer-tech.com
cleaning security camera lens,90,20,0.79,informational,48,jer-tech.com
what does poe camera mean,90,13,0.55,informational,67,icseecam.com|jer-tech.com
security camra,90,62,5.47,"commercial, informational",1,jer-tech.com
security cameras.,90,63,0.0,commercial,9,jer-tech.com
setting up ip camera,90,18,2.18,informational,39,jer-tech.com
cameras made in usa,90,6,1.08,informational,57,icseecam.com|jer-tech.com
what are ahd cameras,90,6,0.0,informational,12,icseecam.com|jer-tech.com
sistemas de videovigilancia,90,7,0.0,informational,32,jer-tech.com
vacation home monitoring system,90,12,5.36,commercial,49,jer-tech.com
security camera lens cleaner,90,10,0.79,"commercial, informational",43,jer-tech.com
ip surveillance solutions,90,19,0.0,informational,64,jer-tech.com
what is a ahd camera,90,3,0.0,informational,13,jer-tech.com
eseecloud pc,90,21,0.0,informational,3,icseecam.com
what's better blink or ring,90,28,2.37,informational,62,icseecam.com
do security cameras record sound,90,15,0.0,informational,94,icseecam.com
arlo or ring,90,31,1.58,"commercial, informational",45,icseecam.com
wire-free smart security camera,90,38,0.0,commercial,51,icseecam.com
ring camera connect to wifi,90,27,0.29,informational,45,icseecam.com
how to make blink camera record all the time,90,20,0.0,informational,43,icseecam.com
us solar panel makers,90,46,3.61,informational,81,icseecam.com
what does it mean when ring camera flashes blue,90,17,0.0,informational,21,icseecam.com
how to reconnect ring cameras to new wifi,90,25,0.01,informational,38,icseecam.com
how far can a cctv camera see,90,7,0.0,informational,72,icseecam.com
ring vs arlo cameras,90,26,0.94,commercial,42,icseecam.com
what is better ring or blink,90,23,1.39,informational,46,icseecam.com
is arlo better than ring,90,19,2.05,"commercial, informational",69,icseecam.com
ring camera 24/7 recording,90,24,3.45,"informational, navigational",83,icseecam.com
security camera data plans,90,30,1.52,"commercial, informational",62,icseecam.com
does ring doorbell work without wifi,90,14,0.0,informational,47,icseecam.com
can ring camera record 24/7,90,20,5.28,informational,63,icseecam.com
who owns wyze camera,90,26,0.0,informational,53,icseecam.com
blue light on ring cam,90,15,0.0,informational,30,icseecam.com
us cellular security camera,90,15,2.67,informational,39,icseecam.com
surveillance cameras made in usa,90,8,2.45,informational,58,icseecam.com
orbs on night vision camera,90,11,0.0,informational,31,icseecam.com
how to connect a ring camera to wifi,90,21,0.01,informational,43,icseecam.com
hack into security cameras,90,23,0.0,informational,79,icseecam.com
house cameras without subscription,90,39,2.42,"commercial, informational",47,icseecam.com
which ring camera records 24/7,90,29,3.21,informational,35,icseecam.com
orbs caught on ring cameras,90,22,0.0,informational,49,icseecam.com
ring camera setup instructions,90,34,1.33,informational,35,icseecam.com
longest range wireless security camera,90,19,1.36,"commercial, informational",45,icseecam.com
security camera made in usa,90,13,2.71,informational,54,icseecam.com
most secure baby monitor,90,35,0.0,commercial,55,icseecam.com
where is eufy made,90,28,0.0,informational,20,icseecam.com
home security camera brands,90,57,3.2,commercial,62,icseecam.com
nest or ring,90,39,2.45,commercial,49,icseecam.com
iseecam,90,26,2.28,navigational,11,icseecam.com
hacked ip cameras,90,57,0.0,informational,80,icseecam.com
blink vs ring reddit,90,29,0.0,navigational,39,icseecam.com
ring camera vs nest,90,19,1.54,commercial,51,icseecam.com
why is my ring camera flashing blue when charging,90,20,0.0,informational,38,icseecam.com
google nest versus ring,90,31,1.92,commercial,53,icseecam.com
do blink cameras record 24/7,90,9,3.7,informational,51,icseecam.com
how do you set up a ring camera,90,27,1.46,informational,48,icseecam.com
best home security camera no subscription,90,31,3.32,commercial,65,icseecam.com
gped camera app,90,31,0.41,informational,37,icseecam.com
ic see,90,51,0.17,informational,37,icseecam.com
ring camera flashing blue while charging,90,20,0.0,informational,37,icseecam.com
camera wiring,90,22,0.85,informational,52,icseecam.com
ycc365 plus application,90,30,0.15,informational,24,icseecam.com
night vision camera orbs,90,12,0.0,informational,26,icseecam.com
camera 10x icsee,90,28,0.0,commercial,21,icseecam.com
how to cctv camera hack,90,0,0.0,informational,81,icseecam.com
do surveillance cameras record audio,90,17,0.0,informational,15,icseecam.com
best long range outdoor security camera,90,33,1.46,commercial,65,icseecam.com
how to activate ring camera,90,27,0.0,informational,36,icseecam.com
how many blink cameras can i have,90,15,0.0,informational,51,icseecam.com
hack a cctv,90,14,0.0,informational,66,icseecam.com
barn cameras no wifi,90,13,0.67,"commercial, informational",41,icseecam.com
solar panel roof shingles cost,90,41,2.64,commercial,81,icseecam.com
how do i connect my ring to wifi,90,25,0.01,informational,56,icseecam.com
ubox camera customer service,90,3,0.0,informational,33,icseecam.com
home security cameras without subscriptions,90,28,2.58,commercial,62,icseecam.com
top 10 solar panel manufacturers in usa,90,39,3.31,commercial,87,icseecam.com
how far back does ring save videos,90,28,0.0,informational,48,icseecam.com
what is eseecloud,90,13,0.0,informational,15,icseecam.com
who makes eufy,90,35,0.0,informational,25,icseecam.com
best wired camera security system,90,24,3.44,commercial,76,icseecam.com
hack camera ip,90,29,0.0,informational,58,icseecam.com
ring camera turn off blue light,90,14,0.0,informational,42,icseecam.com
can you delete footage from a ring camera,90,21,0.0,informational,36,icseecam.com
las camaras de seguridad funcionan sin internet,90,6,0.0,informational,61,icseecam.com
cameras for home without subscription,90,37,2.71,"commercial, informational",57,icseecam.com
ring camera blue light meaning,90,14,0.0,informational,21,icseecam.com
connect ring camera to wifi,90,26,0.01,informational,48,icseecam.com
is ring and blink the same,90,23,0.0,"commercial, informational",52,icseecam.com
security cameras without a subscription,90,39,1.72,commercial,44,icseecam.com
how to delete camera from ring app,90,28,0.0,informational,49,icseecam.com
do cameras work without wifi,90,15,0.0,informational,64,icseecam.com
ptz outdoor camera,90,22,0.92,"commercial, informational",54,icseecam.com
turret camera vs dome,90,12,0.94,"commercial, informational",58,icseecam.com
security camera systems for schools,90,12,7.65,"commercial, informational",78,icseecam.com
do cameras need wifi,90,11,2.58,informational,71,icseecam.com
what does blue light mean on ring camera,90,15,0.0,informational,24,icseecam.com
cellular based security cameras,90,26,2.58,"commercial, informational",40,icseecam.com
ring camera vs blink camera,90,23,0.97,commercial,42,icseecam.com
icam365 login,90,12,0.0,transactional,29,icseecam.com
what is better blink or ring,90,26,1.79,informational,64,icseecam.com
security cameras without subscriptions,90,39,2.17,"commercial, informational",45,icseecam.com
best camera system without subscription,90,40,3.1,commercial,69,icseecam.com
ring doorbell light flashing blue,90,28,0.0,informational,34,icseecam.com
free camera system,90,43,6.35,commercial,68,icseecam.com
solar cell manufacturer,90,50,2.61,informational,79,icseecam.com
deleting ring footage,90,25,0.0,informational,47,icseecam.com
eufy headquarters,90,38,0.0,informational,42,icseecam.com
blue light on camera meaning,90,12,0.0,informational,62,icseecam.com
are blink and ring the same,90,19,0.0,informational,51,icseecam.com
arlo versus ring,90,23,1.64,commercial,46,icseecam.com
manufacturer of solar panels,90,56,4.3,informational,89,icseecam.com
eseecloud application,90,22,0.81,informational,40,icseecam.com
icsee apk,90,32,0.0,informational,29,icseecam.com
esee cameras,90,29,0.59,commercial,37,icseecam.com
no subscription cameras,90,34,1.89,commercial,48,icseecam.com
nest vs ring cameras,90,18,1.54,commercial,48,icseecam.com
ring doorbell solid blue light,90,21,0.0,informational,35,icseecam.com
best brand solar panels,90,41,3.92,commercial,58,icseecam.com
free home security cameras,90,50,5.3,informational,62,icseecam.com
sigurnosne kamere,90,3,0.0,informational,57,icseecam.com
distance from earth to sunbest wireless camera,90,7,0.0,"commercial, informational",91,icseecam.com
blink v ring,90,24,1.01,"commercial, informational",36,icseecam.com
ring doorbell 24 7 recording,90,23,2.74,"informational, navigational",50,icseecam.com
icam 365 app,90,29,0.25,informational,40,icseecam.com
american security cameras,90,13,3.67,commercial,62,icseecam.com
magnetic security cameras,90,16,1.2,commercial,34,icseecam.com
how to hook up ring camera,90,33,0.58,informational,45,icseecam.com
best cameras for home security without subscription,90,19,3.87,commercial,57,icseecam.com
best residential solar panels 2025,90,50,5.25,commercial,60,icseecam.com
solar security light and camera,90,18,0.56,"commercial, informational",76,icseecam.com
security camera in chinese,90,26,0.0,informational,19,icseecam.com
dust particles on night vision camera,90,11,0.0,informational,47,icseecam.com
how to connect my ring camera to wifi,90,29,0.22,informational,60,icseecam.com
ip cctv,70,24,4.95,informational,1,https___bokysee.com
camaras de seguridad 4k,70,14,0.62,commercial,23,https___bokysee.com
chinese cameras,70,33,0.0,"commercial, informational",8,https___bokysee.com|innotronik.com|jer-tech.com
cctv supplier,70,48,3.18,commercial,18,https___bokysee.com|innotronik.com|jer-tech.com
best outdoor ptz security camera,70,24,0.56,commercial,65,https___bokysee.com
how much data does a wireless security camera use,70,11,0.0,informational,14,https___bokysee.com|icseecam.com|jer-tech.com
why do cameras flip images,70,26,0.0,informational,44,https___bokysee.com
how good is an 8mp camera,70,9,0.0,informational,19,https___bokysee.com
5 megapixel camera resolution,70,13,0.0,informational,34,https___bokysee.com
cctv camera brands,70,20,0.0,"commercial, informational",1,https___bokysee.com|innotronik.com
video surveillance distributors,70,44,17.05,commercial,29,https___bokysee.com
ip cctv system,70,26,0.0,commercial,2,https___bokysee.com
ahd camera means,70,3,0.0,informational,28,https___bokysee.com|icseecam.com
cctv camera ahd,70,2,5.02,commercial,13,https___bokysee.com
best 4g security camera,70,28,1.26,commercial,27,https___bokysee.com|jer-tech.com
what is poe camera system,70,14,1.45,informational,74,https___bokysee.com
ip camera description,70,54,0.52,informational,81,https___bokysee.com
pros and cons of wireless outdoor security cameras,70,20,0.0,informational,83,https___bokysee.com
poe camera vs wifi camera,70,18,0.81,commercial,17,https___bokysee.com|innotronik.com|jer-tech.com
is a 5mp camera good,70,10,0.0,informational,26,https___bokysee.com
cctv brands,70,7,0.0,informational,1,https___bokysee.com|innotronik.com
best ip surveillance system,70,50,3.61,commercial,38,https___bokysee.com
full colour night vision,70,23,0.48,informational,48,https___bokysee.com
ahd outdoor security,70,3,0.0,commercial,26,https___bokysee.com
wireless ptz outdoor camera,70,18,1.2,commercial,11,enster.com|https___bokysee.com
security camera system news 2026 why trending,70,0,0.0,informational,86,https___bokysee.com
is 8mp camera good,70,9,0.0,informational,27,https___bokysee.com
marcas de camaras,70,20,0.0,"commercial, informational",17,https___bokysee.com
is 8 megapixel camera good,70,11,0.0,informational,26,https___bokysee.com
how good is a 8mp camera,70,10,0.0,informational,17,https___bokysee.com
what is isc west,70,23,0.0,informational,77,https___bokysee.com
how good is 8mp camera,70,11,0.0,informational,26,https___bokysee.com
cctv security camera supplier,70,53,3.28,commercial,27,https___bokysee.com
chinese camera brands,70,17,0.0,"commercial, informational",4,https___bokysee.com|icseecam.com|innotronik.com
best solar powered outdoor security camera,70,27,1.08,commercial,1,https___bokysee.com|icseecam.com
analog vs ip security cameras,70,21,0.53,commercial,51,https___bokysee.com|icseecam.com
security camera wholesale,70,12,6.12,commercial,27,cctvfactory.com|https___bokysee.com|icseecam.com
ahd cctv camera,70,2,1.5,commercial,25,https___bokysee.com
best professional cctv systems,70,42,4.57,commercial,22,https___bokysee.com|icseecam.com|innotronik.com|jer-tech.com
cctv supplies,70,7,3.77,commercial,27,cctvfactory.com|https___bokysee.com
best ptz camera outdoor,70,17,1.0,commercial,43,https___bokysee.com|icseecam.com
best solar security camera 2025,70,16,0.0,commercial,33,https___bokysee.com
cameras that connect to phone without wifi,70,24,1.25,informational,40,https___bokysee.com
cctv camera supplier,70,40,3.28,commercial,1,cctvfactory.com|jer-tech.com
nt98321 embedded linux dvr,70,0,0.0,informational,4,cctvfactory.com|enster.com
24vac 40va transformer,70,23,0.72,transactional,25,cctvfactory.com
cat 5 cable 100 ft,70,22,0.53,commercial,49,cctvfactory.com
camera dvr spy,70,5,0.51,commercial,28,cctvfactory.com
smart ai cameras,70,24,2.04,"commercial, informational",6,cctvfactory.com
affordable plate readers,70,15,0.0,"commercial, informational",34,cctvfactory.com
rim device,70,1,2.98,informational,49,cctvfactory.com
poe cat5,70,14,1.03,informational,41,cctvfactory.com
unix cctv northridge branch,70,30,0.0,navigational,29,cctvfactory.com
height strip camera,70,3,4.88,commercial,71,cctvfactory.com
surveillance kit with 5mp,70,0,0.0,commercial,18,cctvfactory.com
bnc to bnc,70,6,1.38,commercial,44,cctvfactory.com
license plate reader for sale,70,26,2.07,transactional,41,cctvfactory.com
ds150i manual,70,0,0.0,informational,36,cctvfactory.com
cat 5 poe,70,23,0.88,informational,40,cctvfactory.com
hikvision nvr 4 channel,70,13,0.46,informational,27,cctvfactory.com
24vac to 24vdc converter,70,6,0.91,commercial,40,cctvfactory.com
cctv warehouse,70,1,3.83,navigational,55,cctvfactory.com
alprs camera,70,27,2.37,informational,69,cctvfactory.com
cctv distributors,70,14,5.45,commercial,44,cctvfactory.com
24v 40 va transformer,70,13,0.62,commercial,23,cctvfactory.com
bnc twist on,70,4,0.56,informational,41,cctvfactory.com
dwc vstb04bi,70,6,1.22,informational,49,cctvfactory.com
outdoor access control,70,1,0.0,informational,41,cctvfactory.com
bnc-2120,70,10,0.0,commercial,58,cctvfactory.com
nt98321 embedded linux,70,1,0.0,informational,15,cctvfactory.com
waterproof hd ip camera model oc432,70,5,0.0,"commercial, informational",23,cctvfactory.com
dvr spy camera,70,6,0.63,commercial,19,cctvfactory.com
cctvcctv,70,63,4.28,informational,25,cctvfactory.com
bnc twist connector,70,2,0.56,"commercial, informational",43,cctvfactory.com
camera hd sdi output,70,18,0.54,commercial,49,cctvfactory.com
ai-powered cameras,70,54,4.35,"commercial, informational",14,cctvfactory.com
camera hd sdi,70,3,0.86,"commercial, informational",33,cctvfactory.com
64 channel network video recorder,70,5,3.02,commercial,23,cctvfactory.com
bnc connector to vga,70,1,0.27,commercial,25,cctvfactory.com
16 channel dvr with hard drive,70,6,1.69,"commercial, informational",28,cctvfactory.com
superhad,70,61,1.95,"informational, transactional",10,cctvfactory.com
store cctv,70,34,3.37,commercial,23,cctvfactory.com
dvr lock box,70,1,0.64,"informational, transactional",44,cctvfactory.com
4k network video recorder,70,3,1.9,commercial,25,cctvfactory.com
what are the black poles with solar panels and cameras,70,19,0.0,informational,43,cctvfactory.com
bnc vga connector,70,5,0.27,commercial,33,cctvfactory.com
1 ch channel,70,23,0.0,informational,72,cctvfactory.com
best license plate reader camera,70,10,4.64,commercial,59,cctvfactory.com
100 foot cat5e network cable,70,22,0.6,commercial,26,cctvfactory.com
cctv co,70,59,15.39,informational,33,cctvfactory.com
bnc crimp,70,13,0.69,informational,39,cctvfactory.com
what is a rim exit device,70,2,2.33,informational,89,cctvfactory.com
bnc to vga adapter,70,15,0.4,"informational, transactional",25,cctvfactory.com
wholesale surveillance cameras,70,12,7.39,commercial,47,cctvfactory.com|icseecam.com
lockable dvr box,70,2,0.64,commercial,34,cctvfactory.com
lpr camera for home,70,7,2.25,"commercial, informational",61,cctvfactory.com
6' hdmi cable,70,26,0.78,commercial,31,cctvfactory.com
cmc technologies,70,12,0.0,"informational, navigational",39,cctvfactory.com
2160/8,70,15,0.36,informational,62,cctvfactory.com
cctv recorder,70,26,1.38,"commercial, informational",1,enster.com
download videolink,70,19,0.93,informational,3,enster.com
dvr hd,70,15,0.91,informational,1,enster.com
camara cctv,70,50,1.79,informational,1,enster.com
xmeye dvr busybox linux,70,18,0.0,informational,6,enster.com
camera poe ptz,70,14,1.18,"commercial, informational",9,enster.com
gsm remote camera,70,2,0.0,commercial,29,enster.com
camaras de seguridad kits nvr,70,16,0.0,transactional,9,enster.com
camaras de seguridad con alarma sonora,70,19,1.86,"commercial, informational",17,enster.com
remote dvr,70,19,0.0,"commercial, informational",21,enster.com
what is wdr on dash cam,70,2,0.11,informational,55,enster.com
sony imx335,70,12,0.0,"commercial, informational",35,enster.com
32 port ethernet switch,70,18,1.39,informational,2,enster.com
ip camera systems for schools,70,11,0.0,commercial,61,enster.com|icseecam.com
4g solar security camera with ptz,70,7,0.0,commercial,21,enster.com
is335,70,10,0.77,informational,54,enster.com
cctv camera kit,70,17,4.51,informational,10,enster.com
instv-664,70,14,0.0,commercial,23,enster.com
camera xmeye,70,38,1.53,commercial,11,enster.com
4k hevc encoder card with onvif for nvr integration,70,2,0.0,commercial,31,enster.com
hdmi to dvr,70,19,0.15,commercial,7,enster.com
embedded dvr,70,2,3.47,"commercial, informational",4,enster.com
varifocal security camera,70,10,4.82,commercial,30,enster.com
inster zoom,70,14,0.0,informational,46,enster.com
cctv camera varifocal lens,70,11,1.0,commercial,31,enster.com
poe injector ac220v dc48v,70,18,0.0,commercial,56,enster.com
camera onvif wifi,70,8,0.8,"commercial, informational",14,enster.com
cctv varifocal 5 100mm camera lens,70,2,0.0,commercial,35,enster.com
inside wireless,70,12,0.0,navigational,33,enster.com
kit wireless camera,70,22,3.42,commercial,13,enster.com
32 port network switch,70,10,1.39,"commercial, informational",2,enster.com
wireless cctv camera kit,70,32,3.42,commercial,7,enster.com
hdmi dvr,70,13,0.24,commercial,3,enster.com
solar camera with sim card,70,23,0.62,commercial,35,enster.com
best camera for toddler room,70,14,0.0,commercial,3,innotronik.com
best security camera with local storage,70,24,1.74,commercial,8,innotronik.com
camera with cloud storage,70,13,2.23,commercial,7,innotronik.com
best local storage security camera,70,21,1.31,commercial,5,innotronik.com
camera iot,70,27,1.98,informational,2,innotronik.com
china lvds camera factories,70,0,0.0,informational,8,innotronik.com|jer-tech.com
construction site solar camera,70,1,0.0,commercial,20,innotronik.com
best cloud storage for security cameras,70,29,3.13,commercial,51,innotronik.com
commercial ptz camera,70,25,3.54,commercial,15,innotronik.com
security cameras for apartment buildings,70,26,14.01,commercial,4,innotronik.com
best in home camera for monitoring,70,42,4.44,commercial,23,innotronik.com
best indoor camera wifi,70,39,0.82,commercial,17,innotronik.com
what is the best solar powered security camera,70,31,1.1,commercial,25,innotronik.com
cloud storage for security camera,70,20,4.2,commercial,23,innotronik.com
solar camares,70,23,0.8,commercial,2,innotronik.com
cctv for retail shop,70,13,0.0,"commercial, informational",27,innotronik.com
wireless security camera with local storage,70,14,1.99,commercial,16,innotronik.com
home security camera with local storage,70,27,2.86,commercial,7,innotronik.com
camera to monitor elderly without wifi,70,11,1.11,informational,12,innotronik.com
surveillance cameras companies,70,63,23.97,commercial,40,innotronik.com
iot security cameras,70,16,0.0,"commercial, informational",1,innotronik.com
invotronics,70,13,0.0,informational,96,innotronik.com
camera storage security and privacy,70,16,0.0,informational,15,innotronik.com|jer-tech.com
solar camra,70,26,0.8,commercial,8,innotronik.com
retail store camera systems,70,26,27.44,commercial,27,innotronik.com
best indoor wifi camera,70,36,0.96,commercial,22,innotronik.com
iot security camera,70,16,0.0,"commercial, informational",1,innotronik.com
solar construction site camera,70,2,20.34,"commercial, informational",13,innotronik.com
security cameras retail,70,25,26.25,commercial,15,innotronik.com
elderly surveillance camera,70,24,2.35,commercial,16,innotronik.com
good indoor cameras,70,52,1.6,commercial,16,innotronik.com
camera for elderly monitoring,70,13,1.77,"commercial, informational",11,innotronik.com
in home camera for elderly,70,16,1.96,informational,16,innotronik.com
security cameras with storage,70,33,3.42,commercial,12,innotronik.com
security cameras with cloud storage,70,23,4.2,commercial,33,innotronik.com
best security cameras brands,70,44,3.03,commercial,37,innotronik.com
mobile surveillance cameras stockton ca,70,10,0.0,"commercial, informational",1,innotronik.com
secutiy cameras,70,67,5.47,commercial,1,jer-tech.com
camera storage redundancy for safety,70,2,0.0,informational,92,jer-tech.com
cam data,70,22,0.0,informational,45,jer-tech.com
night vision cameras for home security,70,29,3.31,commercial,14,jer-tech.com
analog dvr,70,19,1.06,"commercial, informational",12,jer-tech.com
how much data does a security camera use,70,10,0.0,informational,14,icseecam.com|jer-tech.com
what to look for in a home security camera system,70,50,0.0,"commercial, informational",54,jer-tech.com
survelance cameras,70,56,5.02,commercial,2,jer-tech.com
survalience camera,70,74,4.89,commercial,1,jer-tech.com
survailence camera,70,78,4.89,"commercial, informational",1,jer-tech.com
installing video surveillance,70,20,0.0,informational,1,jer-tech.com
define analog camera,70,5,0.0,informational,62,jer-tech.com
protect cctv camera,70,10,3.01,informational,58,jer-tech.com
onvif compliant,70,43,1.33,informational,55,jer-tech.com
what is optical zoom and digital zoom,70,23,0.0,informational,78,jer-tech.com
best poe camera systems,70,28,2.69,commercial,34,jer-tech.com
cómo instalar una cámara de seguridad wifi,70,22,0.0,"informational, transactional",36,jer-tech.com
ovnif,70,36,1.41,"commercial, navigational",66,jer-tech.com
onvir,70,39,1.41,"informational, navigational",63,jer-tech.com
the best security cameras for business,70,25,27.74,commercial,31,jer-tech.com
camera security wholesale,70,52,0.0,commercial,19,icseecam.com|jer-tech.com
onvif rtsp ip camera definition,70,11,0.0,informational,64,jer-tech.com
american security camera companies,70,20,6.28,"commercial, informational",39,jer-tech.com
icsee login,70,30,0.0,"informational, transactional",6,icseecam.com
where are ring cameras made,70,31,0.0,informational,7,icseecam.com
why is my ring blinking blue,70,26,0.0,informational,31,icseecam.com
ring 24 7 recording cost,70,30,0.62,"informational, transactional",54,icseecam.com
cctv cameras usa,70,61,3.67,commercial,64,icseecam.com
güneş enerji kamera,70,14,0.0,commercial,54,icseecam.com
ring vs nest cameras,70,31,1.63,commercial,50,icseecam.com
cctv vs ip,70,2,0.77,"commercial, informational",51,icseecam.com
home camera brands,70,51,3.64,commercial,52,icseecam.com
cameras for schools,70,14,7.11,"commercial, informational",74,icseecam.com
arlo and ring,70,19,0.94,informational,51,icseecam.com
who owns eufy camera,70,43,0.0,informational,47,icseecam.com
doorbell camera no wifi,70,24,1.76,commercial,40,icseecam.com
kwidisk,70,10,0.0,navigational,49,icseecam.com
best no subscription home security,70,39,6.41,commercial,54,icseecam.com
security cameras for classrooms,70,18,9.19,commercial,79,icseecam.com
us made security cameras,70,13,1.91,informational,72,icseecam.com
do ring doorbells work without wifi,70,13,0.0,informational,45,icseecam.com
blink camera vs nest,70,16,0.55,commercial,25,icseecam.com
ring camera no wifi,70,19,1.64,"commercial, informational",59,icseecam.com
what does the blue light on the ring camera mean,70,13,0.0,informational,23,icseecam.com
how to set up ring cameras,70,23,1.37,informational,31,icseecam.com
does blink camera record all the time,70,14,0.0,informational,36,icseecam.com
how to set up my ring camera,70,27,1.25,informational,44,icseecam.com
app yoosee,70,37,0.12,"informational, transactional",36,icseecam.com
top 10 solar panels manufacturers in the world,70,27,4.04,informational,86,icseecam.com
ubox solar camera,70,0,0.52,"commercial, informational",9,icseecam.com
eseecloud customer service telephone number,70,0,0.0,"informational, transactional",34,icseecam.com
camera systems without subscription,70,37,3.53,commercial,57,icseecam.com
largest manufacturer of solar panels,70,52,9.97,informational,88,icseecam.com
ring cam turn off blue light,70,18,0.0,informational,32,icseecam.com
ring or nest camera,70,19,1.41,commercial,57,icseecam.com
i see camera,70,40,1.07,commercial,10,icseecam.com
security camera ghost,70,91,0.0,informational,25,icseecam.com
ring versus blink doorbell,70,28,0.39,commercial,43,icseecam.com
güneş enerjili kameralar,70,14,0.0,informational,46,icseecam.com
ip camera or cctv,70,7,0.77,informational,84,icseecam.com
how to delete videos on ring camera,70,20,0.0,informational,35,icseecam.com
arlo 24 7 recording,70,17,1.45,informational,25,icseecam.com
solar panel producers in china,70,45,2.89,"commercial, informational",97,icseecam.com
can ring record 24 7,70,23,0.0,informational,44,icseecam.com
can shared users delete ring videos,70,20,0.0,informational,32,icseecam.com
ip camera vs cctv,70,11,0.87,"commercial, informational",78,icseecam.com
5g wireless security camera,70,21,1.96,"commercial, informational",29,icseecam.com
livestock cameras no wifi,70,7,0.72,commercial,40,icseecam.com
blue light on camera,70,13,0.0,informational,54,icseecam.com
hacking a security camera,70,27,0.0,informational,90,icseecam.com
best security camera for 24 hour recording outdoor,70,24,3.31,commercial,67,icseecam.com
us manufacturers of solar panels,70,51,3.61,informational,86,icseecam.com
ring camera set up mode,70,30,1.77,"informational, navigational",34,icseecam.com
blink 24/7 recording,70,14,2.73,informational,71,icseecam.com
best solar outdoor security cameras,70,35,1.02,commercial,78,icseecam.com
ring camera blue light on and off,70,8,0.0,informational,31,icseecam.com
how to remove ring camera from app,70,24,0.0,informational,41,icseecam.com
solar panels brands,70,39,3.56,commercial,69,icseecam.com
home security cameras with sound,70,19,3.56,commercial,76,icseecam.com
cctv usa,70,63,3.9,informational,64,icseecam.com
who owns arlo camera,70,36,0.0,informational,62,icseecam.com
top pv module manufacturers,70,26,3.15,"commercial, informational",63,icseecam.com
is blink the same as ring,70,27,0.0,informational,54,icseecam.com
dash cam manufacturers,70,22,3.44,"commercial, informational",66,icseecam.com
arlo recording,70,23,1.32,informational,40,icseecam.com
history of cctv camera,70,32,0.67,informational,89,icseecam.com
solar cell manufacturers,70,53,2.61,informational,80,icseecam.com
does ring cam record 24/7,70,26,7.1,informational,58,icseecam.com
what does the blue light mean on ring camera,70,13,0.0,informational,31,icseecam.com
ubox app for android,70,47,0.57,navigational,39,icseecam.com
how long does ring outdoor cam plus battery last,70,25,0.0,informational,52,icseecam.com
letscee camera app,70,29,0.4,informational,34,icseecam.com
is a ring camera always recording,70,30,0.0,informational,42,icseecam.com
who makes eufy cameras,70,32,0.0,informational,46,icseecam.com
top ten solar panels,70,32,2.2,commercial,55,icseecam.com
eeseecloud,70,0,1.23,informational,37,icseecam.com
ley 59 camera icsee,70,20,0.0,navigational,28,icseecam.com
best in home camera without subscription,70,25,2.93,commercial,65,icseecam.com
camera yoosee,70,28,0.0,commercial,44,icseecam.com
surveillance camera company,70,70,21.12,commercial,77,icseecam.com
nest camera vs blink,70,15,0.55,commercial,26,icseecam.com
commercial dome camera,70,10,0.0,commercial,64,icseecam.com
cctv vs ip camera,70,3,0.87,commercial,67,icseecam.com
can you delete ring videos,70,22,0.0,informational,27,icseecam.com
why won't my ring camera connect to wifi,70,26,0.01,informational,70,icseecam.com
how to turn ring camera on,70,35,0.0,informational,47,icseecam.com
how to delete ring history,70,26,0.0,informational,14,icseecam.com
ring and arlo,70,15,0.94,commercial,48,icseecam.com
esee camera app,70,41,0.53,informational,30,icseecam.com
tier 1 solar panels list 2025,70,21,0.0,informational,59,icseecam.com
commercial security cameras brands,70,22,9.25,commercial,68,icseecam.com
yosse,70,42,0.0,informational,42,icseecam.com
best security camera companies,70,64,12.35,commercial,56,icseecam.com
top rated solar panel manufacturers,70,28,5.52,"commercial, informational",97,icseecam.com
icom 365,70,38,0.0,informational,38,icseecam.com
does ring camera still record without wifi,70,8,0.0,informational,35,icseecam.com
mc4 connector types,70,15,0.0,informational,80,icseecam.com
telec certificate,70,0,4.04,informational,61,icseecam.com
ring connect to wifi,70,23,0.0,informational,50,icseecam.com
how to make blink camera record longer,70,14,0.0,informational,34,icseecam.com
who makes the best solar panel,70,43,3.28,commercial,80,icseecam.com
long range outdoor cctv camera,70,23,1.67,commercial,47,icseecam.com
ghost images caught on camera,70,35,0.0,informational,54,icseecam.com
ring doorbell delete video,70,23,0.0,informational,47,icseecam.com
what does a blue light on a ring camera mean,70,13,0.0,informational,25,icseecam.com
eseecloud customer service,70,12,0.0,informational,25,icseecam.com
us cellular camera,70,15,1.94,commercial,40,icseecam.com
icsee camera application,70,47,0.16,informational,44,icseecam.com
ahd camera meaning,70,0,0.0,informational,85,icseecam.com
24 7 recording,70,18,3.01,informational,60,icseecam.com
is blink or ring doorbell better,70,31,0.67,informational,45,icseecam.com
ring 24 hour recording,70,30,1.82,informational,41,icseecam.com
seeing camera app subscription-free,70,31,0.0,informational,47,icseecam.com
long range camera surveillance,70,18,1.56,"commercial, informational",64,icseecam.com
nest or ring camera,70,29,1.41,commercial,50,icseecam.com
are solar-powered security cameras worth it,70,23,0.0,informational,87,icseecam.com
solar powered outdoor ip camera,70,19,0.94,"commercial, informational",55,icseecam.com
how to connect ring to internet,70,28,0.01,informational,64,icseecam.com
esee cloud app,70,41,0.81,informational,40,icseecam.com
blink continuous recording,70,22,2.49,informational,31,icseecam.com
blink camera live view continuous,70,15,0.0,informational,37,icseecam.com
best solar panel producers,70,43,6.05,commercial,75,icseecam.com
blue light ring camera,70,12,0.0,informational,28,icseecam.com
american camera brands,70,24,0.0,informational,44,icseecam.com
solar products manufacturers in china,70,44,3.13,informational,73,icseecam.com
home camera battery power,70,33,0.0,commercial,52,icseecam.com
noise detecting camera,70,19,0.81,informational,36,icseecam.com
how to reactivate a ring camera,70,28,0.02,informational,25,icseecam.com
cctv in america,70,53,3.64,informational,62,icseecam.com
how long does ring stick up cam battery last,70,18,0.0,informational,52,icseecam.com
is blink and ring the same,70,27,0.0,"commercial, informational",56,icseecam.com
blink vs ring doorbell camera,70,27,0.73,"commercial, informational",41,icseecam.com
wifi ring camera,70,31,1.6,informational,54,icseecam.com
ring camera flash,70,20,0.44,transactional,20,icseecam.com
cctv united states,70,34,3.64,informational,62,icseecam.com
where are axis cameras made,70,27,0.0,informational,68,icseecam.com
ghost photos caught on camera,70,31,0.0,informational,92,icseecam.com
icam365 setup,70,20,1.94,informational,28,icseecam.com
blink camera vs ring camera,70,30,0.42,commercial,45,icseecam.com
what does a blue light mean on a ring camera,70,15,0.0,informational,25,icseecam.com
what does it mean when a ring camera turns blue,70,13,0.0,informational,40,icseecam.com
does ring have 24 7 recording,70,23,5.09,informational,43,icseecam.com
icam365 manual,70,8,0.0,informational,27,icseecam.com
i see home camera,70,29,2.63,commercial,43,icseecam.com
ring camera blinking blue light,70,23,0.0,informational,27,icseecam.com
what is a poe camera system,70,13,1.27,informational,84,icseecam.com
us camera companies,70,28,4.66,informational,74,icseecam.com
what do ghosts look like on camera,70,35,0.0,informational,68,icseecam.com
orb on camera,70,17,0.0,informational,41,icseecam.com
camera data,70,17,0.0,informational,82,icseecam.com
best solar camera system,70,16,0.97,commercial,53,icseecam.com
do blink cameras record all the time,70,10,0.0,informational,32,icseecam.com
security cameras for home no subscription,70,39,1.94,commercial,58,icseecam.com
best window security camera without subscription,70,28,0.78,commercial,69,icseecam.com
ring vs. blink,70,23,1.8,"commercial, informational",26,icseecam.com
top solar panel brands 2025,70,38,0.0,commercial,76,icseecam.com
surveillance camera definition,50,30,0.0,informational,35,https___bokysee.com
camaras con panel solar,50,20,0.21,commercial,17,https___bokysee.com
logistics video surveillance,50,3,0.0,informational,93,https___bokysee.com
cctv wholesale,50,24,3.03,commercial,16,https___bokysee.com
define security camera,50,31,0.0,informational,51,https___bokysee.com
security cameras not made in china,50,8,1.19,informational,43,https___bokysee.com|icseecam.com|innotronik.com|jer-tech.com
ahd cctv camera internal,50,1,0.0,"commercial, informational",24,https___bokysee.com
cctv camera industry news today,50,9,0.0,informational,62,https___bokysee.com
why wont my camera flip,50,22,0.0,informational,25,https___bokysee.com
surveillance camera means,50,28,2.14,informational,59,https___bokysee.com
empresas de videovigilancia,50,3,0.0,commercial,75,https___bokysee.com|icseecam.com
camaras ip wifi exterior ptz,50,11,0.0,commercial,24,enster.com|https___bokysee.com
security camera definition,50,21,0.0,informational,52,https___bokysee.com
compañias de camaras de seguridad,50,3,14.34,commercial,1,https___bokysee.com|innotronik.com|jer-tech.com
camaras de seguridad con paneles solares,50,18,0.23,commercial,12,https___bokysee.com
nvr camera system setup,50,33,2.2,informational,4,https___bokysee.com|jer-tech.com
kit de camaras de seguridad,50,16,1.61,commercial,25,https___bokysee.com
ahd digital video camera,50,10,0.0,informational,28,https___bokysee.com
isc wes,50,13,2.88,informational,73,https___bokysee.com
what is 4mp resolution,50,13,0.09,informational,31,https___bokysee.com
cctv camera models,50,53,0.0,"commercial, informational",45,https___bokysee.com
poe vs wifi,50,11,1.15,commercial,19,https___bokysee.com|jer-tech.com
define surveillance camera,50,34,0.0,informational,45,https___bokysee.com
wifi ptz cameras,50,8,1.06,"commercial, informational",18,enster.com|https___bokysee.com
wireless ptz cameras,50,4,0.96,"commercial, informational",35,https___bokysee.com
12 mp resolution,50,14,1.82,informational,20,https___bokysee.com
how to get rid of inverted camera,50,21,0.0,informational,46,https___bokysee.com
best ip cam,50,44,1.86,commercial,46,https___bokysee.com
solar powered construction site cameras,50,7,0.0,commercial,16,https___bokysee.com|innotronik.com
onvif network camera,50,27,0.0,commercial,52,https___bokysee.com|jer-tech.com
security cameras with battery backup,50,22,1.41,"commercial, informational",46,https___bokysee.com
8mp vs 4k,50,7,1.66,informational,29,https___bokysee.com
tipos de camaras de seguridad para casas,50,14,2.97,informational,59,https___bokysee.com
definition of security camera,50,28,0.0,informational,61,https___bokysee.com
ahd camera digital video camera,50,6,0.0,"commercial, informational",29,https___bokysee.com
how to stop inverted camera,50,30,0.0,informational,30,https___bokysee.com
is a 8 megapixel camera good,50,6,0.0,"commercial, informational",27,https___bokysee.com
global security cameras,50,26,5.54,commercial,25,https___bokysee.com|jer-tech.com
solar power for cctv cameras,50,14,0.96,"commercial, informational",84,https___bokysee.com
whats poe camera,50,14,0.0,informational,53,https___bokysee.com
ip camera dome sony 12mm,50,2,0.0,commercial,4,cctvfactory.com|enster.com
25' hdmi cord,50,22,0.63,"commercial, informational",31,cctvfactory.com
cctv 2,50,23,0.0,informational,23,cctvfactory.com
cctv cctv camera,50,46,2.67,commercial,26,cctvfactory.com
tp-med4m28,50,8,3.23,"commercial, informational",40,cctvfactory.com
industrial network video recorder tampa,50,0,0.0,commercial,85,cctvfactory.com
cc security camera,50,0,3.9,commercial,35,cctvfactory.com
cctv connectors,50,5,0.35,"informational, transactional",49,cctvfactory.com
hikvision nvr recorder,50,27,0.0,informational,21,cctvfactory.com
40 va transformer 24v,50,13,0.97,"commercial, informational",24,cctvfactory.com
fire rated rim exit device,50,0,3.6,"commercial, informational",51,cctvfactory.com
16 channel dvr camera system,50,4,2.76,commercial,33,cctvfactory.com
hikvision 4k ip camera ir,50,9,0.0,informational,16,cctvfactory.com
cctv store,50,46,3.37,commercial,9,cctvfactory.com
24 v to 12 v converter,50,22,0.48,commercial,35,cctvfactory.com
mobile license plate reader for sale,50,19,0.0,transactional,56,cctvfactory.com
bnc bnc,50,34,1.38,informational,43,cctvfactory.com
security camera license plate reader,50,18,3.93,commercial,68,cctvfactory.com
ip camera nvr system with,50,17,0.0,commercial,51,cctvfactory.com
ndaa compliant nvr,50,2,3.54,informational,61,cctvfactory.com
40va 24vac transformer,50,4,0.72,"commercial, informational",12,cctvfactory.com
4ch nvr hikvision,50,7,1.14,commercial,19,cctvfactory.com
outdoor industrial cctv systems,50,27,0.0,commercial,71,cctvfactory.com
2.4 ghz wireless receiver,50,16,0.0,"informational, transactional",13,cctvfactory.com
hdmi 25,50,11,0.45,commercial,28,cctvfactory.com
smart ai camera,50,21,2.04,informational,12,cctvfactory.com
nvr poe 2mp 4ch,50,8,0.0,commercial,12,cctvfactory.com
nvr hikvision 4 channel,50,18,0.56,"commercial, informational",19,cctvfactory.com
recorder cctv 4mp nvr,50,8,0.0,commercial,19,cctvfactory.com
jack power cctv,50,2,0.0,"commercial, informational",53,cctvfactory.com
stand alone controller,50,4,0.57,commercial,62,cctvfactory.com
gv video,50,14,0.0,informational,15,cctvfactory.com
cms v40bk,50,16,0.0,informational,39,cctvfactory.com
hdmi 25 ft cable,50,24,0.38,commercial,27,cctvfactory.com
bnc cctv cable,50,4,0.64,commercial,40,cctvfactory.com
cctv ip ptz camera zoom 20x 2mp,50,16,0.0,commercial,39,cctvfactory.com
kramer fc-4044,50,2,0.0,informational,54,cctvfactory.com
license plate reader cost,50,16,2.69,"commercial, informational",54,cctvfactory.com
12mm lens for cctv camera,50,2,0.0,commercial,48,cctvfactory.com
camera with sdi output,50,9,0.54,commercial,43,cctvfactory.com
bosch ds1501,50,11,1.36,"informational, transactional",30,cctvfactory.com
alpr for sale,50,26,1.73,informational,18,cctvfactory.com
poe cat 5e,50,16,0.88,informational,40,cctvfactory.com
lcd television wall mounts,50,42,0.0,commercial,50,cctvfactory.com
license plate scanner for sale,50,24,2.08,transactional,44,cctvfactory.com
24 ac transformer,50,18,0.67,"commercial, informational",31,cctvfactory.com
16ch 8mp poe nvr,50,0,0.0,commercial,8,cctvfactory.com
bnc connect,50,16,0.75,"commercial, informational",55,cctvfactory.com
24v to 12 volt converter,50,2,0.51,commercial,39,cctvfactory.com
hikvision 8ch nvr poe,50,0,0.0,"commercial, informational",6,cctvfactory.com
black cameras with solar panels,50,16,1.15,informational,3,cctvfactory.com
license reader camera,50,14,3.43,"commercial, informational",57,cctvfactory.com
bnc t adapter,50,3,0.94,"informational, transactional",38,cctvfactory.com
cctv camera retailers,50,5,0.0,commercial,32,cctvfactory.com
alpr license plate reader,50,52,2.8,informational,80,cctvfactory.com
24 volt 40 va transformer,50,21,0.65,commercial,23,cctvfactory.com
quad cameras,50,8,1.3,commercial,54,cctvfactory.com
12v500ma charger,50,0,0.44,"commercial, informational",33,cctvfactory.com
camera ip dvr,50,0,1.04,"commercial, informational",17,cctvfactory.com
security camera that can read license plates,50,14,2.1,commercial,79,cctvfactory.com
alpr watch,50,0,0.0,informational,61,cctvfactory.com
industrial cctv systems,50,29,28.86,"commercial, informational",67,cctvfactory.com
hi3520 firmware,50,9,0.0,informational,4,enster.com
ai57031,50,19,0.0,informational,9,enster.com
ptz 4x zoom 1080p bullet,50,4,0.0,commercial,4,enster.com
dvr xmeye,50,32,0.0,informational,1,enster.com
xmeye vms,50,50,0.0,informational,5,enster.com
nvr cctv kit,50,28,0.0,commercial,18,enster.com
hd ip camera auto focus,50,0,0.0,commercial,23,enster.com
ptz camera outdoor wireless,50,25,1.2,"commercial, informational",17,enster.com
cctv camera kit nvr monitor,50,28,0.0,commercial,16,enster.com
loss prevention cameras,50,7,17.4,informational,45,enster.com
nvr kit poe cctv system,50,31,0.0,commercial,16,enster.com
8mp ip camera 36x zoom,50,3,0.0,"commercial, informational",15,enster.com
دوربین مداربسته آنالوگ,50,0,0.0,informational,38,enster.com
camera 4ch dvr kits,50,0,0.0,commercial,8,enster.com
cctv with built in microphone,50,10,0.0,"commercial, informational",6,enster.com
sd xmeye ip camera,50,22,0.0,commercial,23,enster.com
advanced cctv kit,50,8,0.0,commercial,18,enster.com
is hevc h265,50,33,0.0,informational,80,enster.com
4 g solar ıp kamera,50,13,0.0,commercial,7,enster.com
wifi wireless camera nvr kit,50,19,0.0,commercial,14,enster.com
sea-tek as aquaculture camera,50,0,0.0,informational,34,enster.com
camaras con sim card y panel solar,50,21,0.0,commercial,8,enster.com
wireless construction cameras,50,17,22.7,commercial,23,enster.com
dvr 8 input,50,16,0.0,commercial,15,enster.com
wdr camera definition,50,4,0.0,informational,22,enster.com
gsm solar camera outdoor,50,17,0.0,commercial,27,enster.com
wireless security cameras for construction sites,50,10,31.62,commercial,58,enster.com
viseum imc number of panoramic cameras,50,7,0.0,informational,34,enster.com
off site security camera monitoring,50,23,20.78,"commercial, informational",66,enster.com
varifocal cctv,50,3,1.0,commercial,36,enster.com
varifocal lens cctv,50,11,1.0,informational,32,enster.com
novatek ip camera,50,5,0.0,informational,1,enster.com
4g solar cameras,50,8,0.79,commercial,28,enster.com
dome camera suppliers,50,23,0.0,commercial,23,enster.com|icseecam.com
ip camera outdoor bullets,50,11,0.0,commercial,28,enster.com
uid camera,50,7,0.0,informational,17,enster.com
camara domo,50,4,0.0,"commercial, informational",28,enster.com
camera poe 12w,50,20,0.0,commercial,38,enster.com
camera solar 4g,50,12,0.43,informational,28,enster.com
onvif ptz controller joystick,50,0,0.0,commercial,31,enster.com
cctv system kits,50,23,0.0,commercial,17,enster.com
is hevc the same as h.265,50,27,0.0,informational,56,enster.com
xmeye set,50,8,0.0,informational,13,enster.com
camera sim battery card,50,17,0.0,commercial,9,enster.com
hevc is h265,50,35,0.0,informational,17,enster.com
solar power kit for cctv,50,9,0.0,"commercial, informational",33,enster.com
varifocal cctv camera,50,7,0.0,commercial,18,enster.com
4mp camera onvif ip ptz,50,7,0.0,commercial,12,enster.com
xmye,50,50,1.38,informational,3,enster.com
construction camera wireless,50,14,17.18,commercial,33,enster.com
dome onvif xmeye,50,21,0.0,commercial,13,enster.com
32 port poe switch,50,5,0.99,"commercial, informational",28,enster.com
xiongmai dvr,50,1,0.0,informational,14,enster.com
camera kit internal ip,50,5,0.0,"commercial, informational",73,enster.com
invisible night vision video camera,50,27,0.0,commercial,21,enster.com
srxf3 8180 ers,50,0,0.0,informational,42,enster.com
netip para camaras de seguridad,50,15,0.0,commercial,46,enster.com|jer-tech.com
varifocal lens security camera,50,18,1.0,commercial,34,enster.com
onvif 40x zoom,50,4,0.0,commercial,36,enster.com
camera invisible 940nm ir,50,5,0.0,commercial,13,enster.com
dvr hdmi,50,6,0.2,commercial,1,enster.com
varifocal camera poe,50,6,0.0,commercial,17,enster.com
imx568,50,5,2.34,informational,25,enster.com
healthcare smart cameras,50,18,0.0,"commercial, informational",41,enster.com|innotronik.com
poe ptz starlight,50,5,0.0,commercial,18,enster.com
nvr 4 camera kit outdoor,50,4,0.0,commercial,19,enster.com
fisheye ip camera outdoor 180,50,3,0.0,commercial,25,enster.com
ip camera 1080p nvr kit,50,20,0.0,commercial,15,enster.com
cam full ip66,50,10,0.0,"commercial, informational",21,enster.com
nvr with poe switch,50,3,1.06,commercial,3,enster.com
camera solar 4g ip,50,21,0.2,commercial,17,enster.com
camera network installation,50,35,0.0,informational,25,enster.com
camera modules xmeye,50,18,0.0,commercial,7,enster.com
camera nvr set,50,16,0.0,commercial,33,enster.com
small router wifi,50,32,1.3,commercial,4,enster.com
solar outdoor camera 4g,50,21,0.0,commercial,25,enster.com
ip 5ghz camera,50,14,0.0,commercial,26,enster.com
camera 32pcs poe,50,7,0.0,commercial,8,enster.com
iot security cameras services,50,14,0.0,informational,9,innotronik.com
best free cloud storage security camera,50,20,0.0,commercial,47,innotronik.com
us based security camera companies,50,42,7.13,commercial,20,icseecam.com|innotronik.com
intelligent home camera support,50,35,0.0,"commercial, informational",20,innotronik.com
security cameras industry,50,44,14.16,"commercial, informational",47,icseecam.com|innotronik.com|jer-tech.com
iot security cameras solutions,50,14,0.0,informational,13,innotronik.com
cameras for elderly parents,50,12,1.8,"commercial, informational",13,innotronik.com
cameras iot solutions,50,4,0.0,"commercial, informational",68,innotronik.com
security cameras for apartment,50,25,5.0,commercial,2,innotronik.com
best cloud video surveillance,50,37,0.0,commercial,36,innotronik.com
local storage home security camera,50,24,1.97,"commercial, informational",13,innotronik.com
indoor use home camera system,50,32,3.67,commercial,44,innotronik.com
best 2 way audio security camera,50,3,1.68,"commercial, informational",12,icseecam.com|innotronik.com
cloud storage for ip camera,50,27,6.86,commercial,24,innotronik.com
security cameras iot solutions,50,11,0.0,informational,40,innotronik.com
best security camera cloud storage,50,35,3.96,commercial,28,innotronik.com
best outdoor solar powered security cameras,50,32,1.3,commercial,42,innotronik.com
security camera manufacturer,50,25,5.23,commercial,1,icseecam.com|innotronik.com|jer-tech.com
business ai cameras with motion detection,50,23,0.0,commercial,49,innotronik.com
security camera for elderly,50,12,2.35,commercial,7,innotronik.com
iot cameras solutions,50,2,0.0,informational,8,innotronik.com
camera with multiple lenses,50,27,0.0,"commercial, informational",1,innotronik.com
security cameras iot services,50,8,0.0,informational,14,innotronik.com
cameras iot services,50,10,0.0,informational,26,innotronik.com
best indoor camera security system,50,41,2.84,commercial,35,innotronik.com
international cctv monitoring provider,50,25,0.0,commercial,4,innotronik.com
best outdoor solar cameras,50,31,1.05,commercial,27,innotronik.com
best cloud security camera,50,16,4.36,commercial,29,innotronik.com
retail cameras,50,9,1.73,commercial,9,innotronik.com
steren cameras,50,16,0.73,commercial,3,innotronik.com
cctv services companies,50,14,0.0,commercial,6,innotronik.com
elderly camera monitors,50,11,1.58,"commercial, informational",11,innotronik.com
iot based smart camera,50,4,0.0,commercial,29,innotronik.com
managed iot cameras services,50,0,0.0,informational,32,innotronik.com
best retail security cameras,50,22,24.49,commercial,36,innotronik.com
best indoor cameras for elderly,50,14,1.35,commercial,16,innotronik.com
best poe security cameras 2026,50,20,0.0,commercial,7,jer-tech.com
china ipcam,50,16,0.0,commercial,14,icseecam.com|jer-tech.com
cctv in night,50,17,0.0,informational,34,jer-tech.com
security camera lifespan,50,15,0.0,informational,36,icseecam.com|jer-tech.com
ai video surveillance latest news 2026,50,2,0.0,informational,95,jer-tech.com
onfiv,50,29,1.41,"commercial, navigational",66,jer-tech.com
meaning of ahd camera,50,2,0.0,informational,20,icseecam.com|jer-tech.com
ip vs analog camera,50,15,0.53,commercial,65,icseecam.com|jer-tech.com
analog security camera market,50,17,0.0,"commercial, informational",44,jer-tech.com
install analog cameras,50,14,0.0,informational,8,jer-tech.com
best home security camera systems 2025,50,50,0.0,commercial,19,jer-tech.com
sequrity camera,50,68,5.47,commercial,1,jer-tech.com
omvif,50,31,1.41,"informational, navigational",69,jer-tech.com
guangzhou juan intelligent tech,50,21,4.27,informational,41,jer-tech.com
csecurity camera,50,60,5.3,commercial,2,jer-tech.com
ahd camera cctv,50,6,0.0,commercial,12,jer-tech.com
how do you install wireless security cameras,50,33,3.56,informational,40,jer-tech.com
best professional security cameras,50,24,3.58,commercial,44,jer-tech.com
human surveillance technology 2025,50,54,0.0,informational,78,jer-tech.com
cuales son las mejores camaras de seguridad para casa,50,16,1.43,informational,35,jer-tech.com
building camera system,50,29,11.65,commercial,47,jer-tech.com
analog camera repair,50,17,1.5,commercial,4,jer-tech.com
how to choose a security camera,50,50,3.02,informational,47,jer-tech.com
home security camera buying guide,50,42,0.0,informational,39,jer-tech.com
survelliance cameras,50,69,4.89,commercial,9,jer-tech.com
how to install wireless cameras,50,31,4.46,informational,58,jer-tech.com
security cameta,50,63,5.47,commercial,9,jer-tech.com
surveilance cameras,50,55,5.02,"commercial, informational",9,jer-tech.com
school security camera,50,13,0.0,"commercial, informational",77,icseecam.com
blink or ring camera,50,21,0.95,"commercial, informational",41,icseecam.com
how to make ring camera record 24/7,50,20,0.0,informational,35,icseecam.com
icsee 4k surveillance cameras,50,30,0.0,transactional,28,icseecam.com
does us cellular have security cameras,50,14,0.0,informational,53,icseecam.com
if a ring camera is blue what does that mean,50,12,0.0,informational,28,icseecam.com
icseeapp,50,52,0.16,informational,20,icseecam.com
isee app,50,39,0.13,informational,34,icseecam.com
does turning off wifi stop ring cameras,50,13,0.0,informational,35,icseecam.com
what's better ring or blink,50,27,1.24,informational,65,icseecam.com
white moving spots in video,50,10,0.0,informational,30,icseecam.com
does ring home basic record video,50,21,0.0,informational,49,icseecam.com
how to connect my ring camera to a new wifi,50,23,0.0,informational,57,icseecam.com
top 10 pv panels,50,34,4.21,commercial,69,icseecam.com
security camera subscription comparison,50,36,3.01,commercial,48,icseecam.com
what does the blue light on my ring camera mean,50,12,0.0,informational,9,icseecam.com
top solar module manufacturers,50,21,3.81,commercial,75,icseecam.com
remove a camera from ring app,50,19,0.0,informational,75,icseecam.com
best home security cameras no subscription,50,24,3.32,commercial,57,icseecam.com
what is the best security camera without a subscription,50,17,1.51,commercial,61,icseecam.com
cctv vs ip surveillance,50,8,0.87,commercial,67,icseecam.com
best solar panel brands 2025 2026,50,24,0.0,commercial,61,icseecam.com
icam365 app android,50,27,0.27,informational,32,icseecam.com
cheapest camera subscription,50,31,3.36,informational,50,icseecam.com
eseecloud camera app,50,18,0.42,informational,35,icseecam.com
is it recording,50,12,0.0,informational,72,icseecam.com
nest v ring,50,36,2.03,commercial,54,icseecam.com
esee cloud login,50,17,1.88,transactional,31,icseecam.com
does ring need wifi to work,50,19,0.0,informational,39,icseecam.com
solar panel made in usa,50,39,1.87,"commercial, informational",86,icseecam.com
how to set up wifi on ring camera,50,24,0.0,informational,54,icseecam.com
what does blue light on ring mean,50,19,0.0,informational,26,icseecam.com
orbs on cameras,50,15,1.01,informational,29,icseecam.com
is blink or ring camera better,50,22,1.89,commercial,38,icseecam.com
icsee pro mod apk,50,14,0.0,informational,37,icseecam.com
best cctv security camera,50,53,2.73,commercial,53,icseecam.com
does deleting ring videos delete on all devices,50,13,0.0,informational,33,icseecam.com
does turning off the wifi turn off the ring camera,50,16,0.0,informational,48,icseecam.com
nest or ring doorbell,50,36,0.4,commercial,55,icseecam.com
analog vs ip camera,50,18,0.4,commercial,79,icseecam.com
door camera no wifi needed,50,21,1.66,commercial,56,icseecam.com
how to setup wifi on ring camera,50,19,0.0,informational,43,icseecam.com
does a ring camera record 24/7,50,22,0.0,informational,67,icseecam.com
top solar panel manufacturer,50,42,3.15,commercial,72,icseecam.com
wyze wiki,50,32,0.0,informational,59,icseecam.com
camara v380 pro,50,35,0.22,"commercial, informational",29,icseecam.com
esee security camera,50,28,1.31,commercial,66,icseecam.com
best wifi baby camera,50,34,0.0,commercial,46,icseecam.com
how to see deleted ring videos,50,23,0.0,informational,42,icseecam.com
us cellular home security camera,50,28,0.0,informational,67,icseecam.com
does a ring camera need wifi to work,50,15,0.0,informational,49,icseecam.com
do surveillance cameras record sound,50,13,0.0,informational,75,icseecam.com
best non-subscription security cameras,50,37,1.27,commercial,69,icseecam.com
window security camera no subscription,50,34,1.16,commercial,45,icseecam.com
icsee manual pdf,50,15,0.0,informational,14,icseecam.com
indian cc camera,50,36,2.38,"commercial, informational",43,icseecam.com
how to know if a ring camera is on,50,17,0.0,informational,48,icseecam.com
what does the blue light on ring camera mean,50,14,0.0,informational,27,icseecam.com
security cameras wire free,50,23,2.07,commercial,53,icseecam.com
how to make ring camera record 24 7,50,19,0.0,informational,30,icseecam.com
xf/icsee.io,50,53,0.0,informational,20,icseecam.com
which ring cameras record 24 7,50,19,3.21,"informational, navigational",9,icseecam.com
anti fog spray for security camera,50,13,0.0,commercial,57,icseecam.com
arlo camera recording,50,22,0.72,informational,28,icseecam.com
5ghz wifi camera,50,20,0.85,commercial,27,icseecam.com
i cee,50,22,0.0,informational,75,icseecam.com
what home security cameras don't require a subscription,50,40,2.49,informational,50,icseecam.com
ring doorbell 24/7 recording,50,21,2.74,informational,35,icseecam.com
5g surveillance camera,50,25,1.57,"commercial, informational",28,icseecam.com
best solar panel manufacturers 2026,50,33,0.0,"commercial, informational",60,icseecam.com
eseecloud pc download,50,20,0.0,informational,33,icseecam.com
ipcam korea,50,20,0.0,informational,45,icseecam.com
camera yoosee ip,50,5,0.0,commercial,41,icseecam.com
ring vs blink outdoor camera,50,28,0.99,commercial,58,icseecam.com
i see app,50,50,0.13,informational,18,icseecam.com
v380 pro free download,50,35,0.0,informational,56,icseecam.com
ghosting in camera,50,9,0.0,informational,73,icseecam.com
how to delete ring camera from app,50,28,0.0,informational,49,icseecam.com
hiseeu camera app for pc,50,17,0.0,"informational, transactional",79,icseecam.com
what does it mean when the ring camera is blue,50,0,0.0,informational,25,icseecam.com
brand cameras,50,56,1.55,commercial,51,icseecam.com
how to setup ring camera to new wifi,50,21,0.0,informational,50,icseecam.com
ring camera blue flashing light,50,24,0.0,informational,38,icseecam.com
camera ip 1080p 28,50,3,0.0,commercial,49,icseecam.com
wifi camera 5ghz compatible,50,23,0.28,informational,34,icseecam.com
when the ring camera is blue what does that mean,50,12,0.0,informational,26,icseecam.com
eufy ownership,50,26,0.0,informational,20,icseecam.com
ycc365 plus app download,50,28,0.0,informational,30,icseecam.com
no wifi doorbell camera,50,27,0.91,"commercial, informational",40,icseecam.com
what size sd card for security camera,50,15,0.4,informational,72,icseecam.com
ring is blinking blue,50,29,0.0,informational,35,icseecam.com
ring camera is offline but wifi is working,50,24,0.0,navigational,37,icseecam.com
solar farm security camera,50,7,3.67,commercial,78,icseecam.com
ip cctv camera solar powered,50,24,0.0,commercial,45,icseecam.com
how to remove a location from ring app,50,19,0.0,informational,33,icseecam.com
how long does the average security camera store footage,50,12,0.0,informational,92,icseecam.com
what are orbs on camera,50,22,0.0,informational,51,icseecam.com
ubox app camera,50,29,0.68,informational,27,icseecam.com
how to hack cameras,50,10,0.0,informational,71,icseecam.com
does turning off wifi disable ring cameras,50,8,0.0,informational,39,icseecam.com
secure solar camera,50,29,0.94,commercial,49,icseecam.com
best ptz camera tampa,50,3,0.0,commercial,82,icseecam.com
cctv camera dual lens,50,7,0.0,commercial,45,icseecam.com
how to remove a ring device from dashboard,50,19,0.0,informational,43,icseecam.com
מצלמות אבטחה,50,9,0.0,informational,74,icseecam.com
4g v380 camera,50,30,0.0,"commercial, informational",43,icseecam.com
do security cameras use a lot of wifi,50,11,0.0,informational,80,icseecam.com
is eufy chinese,50,25,0.0,informational,10,icseecam.com
what causes ghost images on security cameras,50,9,0.0,informational,37,icseecam.com
best diy home security camera system without subscription,50,22,3.98,commercial,54,icseecam.com
solar panel suppliers in china,50,19,2.89,informational,89,icseecam.com
camera 5mp ip wifi icsee,50,17,0.0,commercial,37,icseecam.com
wiring for security cameras,50,20,3.03,informational,62,icseecam.com
where are axis cameras manufactured,50,34,0.0,informational,23,icseecam.com
esse cloud app,50,18,0.81,informational,42,icseecam.com
home security cameras made in usa,50,7,2.39,informational,63,icseecam.com
best solar panels brands,50,48,3.18,commercial,70,icseecam.com
eufy是什么牌子,50,11,0.0,informational,75,icseecam.com
is lorex a chinese company,50,37,0.0,informational,90,icseecam.com
does blink camera record,50,18,0.0,informational,47,icseecam.com
icsee ptz zoom ip camera,50,22,0.0,"commercial, informational",32,icseecam.com
solar panels american made,50,45,2.16,"commercial, informational",80,icseecam.com
are ring cameras connected to wifi,50,15,0.0,informational,49,icseecam.com
usa camera brands,50,27,0.0,informational,68,icseecam.com
is eufy owned by anker,50,26,0.0,informational,32,icseecam.com
best ptz cam,50,13,0.93,commercial,52,icseecam.com
best enterprise security companies offering cellular trail camera systems,50,22,0.0,commercial,37,icseecam.com
ring camera blue light staying on,50,15,0.0,informational,30,icseecam.com
ring versus google nest doorbell,50,26,0.83,commercial,64,icseecam.com
arlo solar powered cameras,50,17,0.65,transactional,35,icseecam.com
ycc365 plus free download,50,30,0.0,informational,35,icseecam.com
are ring outdoor cameras waterproof,50,15,0.0,informational,43,icseecam.com
esee camera sd card,50,22,0.27,informational,36,icseecam.com
ubox app for pc,50,27,0.0,informational,50,icseecam.com
hack ip camera,50,34,0.0,informational,83,icseecam.com
blink vs nest camera,50,20,0.0,"commercial, informational",56,icseecam.com
no qr code on ring doorbell,50,21,0.0,informational,32,icseecam.com
reiniciar cámara,50,17,0.0,informational,42,icseecam.com
security cameras that don t need a subscription,50,32,1.42,commercial,67,icseecam.com
ring vs. nest,50,34,2.03,commercial,48,icseecam.com
eufy company origin,50,22,0.0,informational,37,icseecam.com
does ring camera record continuously,50,26,0.0,informational,49,icseecam.com
ubox app download,50,39,0.0,commercial,39,icseecam.com
ring camera vs google nest,50,24,1.95,commercial,60,icseecam.com
how do i set up my ring camera,50,33,1.13,informational,42,icseecam.com
best surveillance camera without subscription,50,32,1.58,commercial,64,icseecam.com
does ring camera need internet,50,13,0.0,informational,37,icseecam.com
xf icsee io,50,52,0.0,"commercial, informational",30,icseecam.com
solar panels made in america,50,23,2.16,"commercial, informational",85,icseecam.com
curisee camera app,50,24,0.65,informational,34,icseecam.com
ring premium 24 7 recording,50,22,0.0,"informational, navigational",48,icseecam.com
icsse,50,14,0.0,informational,14,icseecam.com
v380 camera app download,50,54,0.3,informational,63,icseecam.com
top solar panel producers,50,39,3.81,commercial,80,icseecam.com
human body detection camera,40,1,0.0,"commercial, informational",8,cctvfactory.com|https___bokysee.com|innotronik.com
how to flip ring camera view upside down,40,19,0.0,informational,20,https___bokysee.com
cc camera dealers,40,45,5.24,commercial,15,cctvfactory.com|https___bokysee.com
camera 8 megapixels,40,6,1.47,"commercial, informational",38,https___bokysee.com
camera 5mp resolution,40,11,0.0,informational,37,https___bokysee.com
onvif hd security kits,40,24,0.0,commercial,20,https___bokysee.com|jer-tech.com
ip camera distributor,40,23,0.0,commercial,28,https___bokysee.com
compañia de camaras de seguridad,40,0,13.23,commercial,15,https___bokysee.com|icseecam.com|jer-tech.com
curisee smart ptz solar camera,40,15,1.07,informational,18,https___bokysee.com|icseecam.com
best video security measures for vod platforms 2025 or 2026,40,19,0.0,commercial,88,https___bokysee.com
cámara poe colorful,40,14,0.0,commercial,21,https___bokysee.com
system cctv ip,40,28,0.0,commercial,5,https___bokysee.com
4k vs 12mp security camera,40,6,2.12,"commercial, informational",7,https___bokysee.com
ahd security camera,40,0,0.0,commercial,33,https___bokysee.com
5 megapixels,40,11,0.0,informational,34,https___bokysee.com
security cameras that connect to phone,40,21,3.05,"commercial, informational",51,https___bokysee.com
top rated solar security cameras,40,33,1.19,commercial,32,https___bokysee.com
camara para exterior con panel solar,40,20,0.0,"informational, transactional",14,https___bokysee.com|icseecam.com
ai cctv solutions with cloud analytics,40,42,0.0,informational,71,https___bokysee.com
video call cctv,40,23,0.0,informational,16,https___bokysee.com
security camera industry,40,39,14.78,commercial,42,https___bokysee.com|jer-tech.com
cámara de doble lente,40,22,0.0,"commercial, informational",19,https___bokysee.com
que son las camaras de vision artificial,40,4,0.0,informational,73,https___bokysee.com
camera surveillance meaning,40,21,2.03,informational,55,https___bokysee.com
brands of surveillance cameras,40,29,0.0,"commercial, informational",14,https___bokysee.com|innotronik.com
best ip security cameras,40,42,2.17,commercial,1,https___bokysee.com|jer-tech.com
ip camera manufacturers,40,13,4.15,"commercial, informational",1,https___bokysee.com|innotronik.com
camaras de vigilancia ptz 10m,40,21,0.0,commercial,34,https___bokysee.com
how to disconnect continuity camera,40,22,0.0,informational,62,https___bokysee.com
best poe cameras 2025,40,18,1.53,commercial,17,https___bokysee.com
cctv camera wholesale,40,45,0.0,commercial,11,cctvfactory.com|https___bokysee.com
mejores camaras de seguridad para casa,40,22,2.01,informational,28,https___bokysee.com
people detection artificial intelligence,40,7,0.0,informational,55,https___bokysee.com
security camera brands list,40,31,1.86,commercial,10,https___bokysee.com|innotronik.com
cctv camera manufacturer,40,13,2.7,commercial,4,cctvfactory.com|https___bokysee.com|innotronik.com
outdoor surveillance camera with ptz,40,26,0.0,commercial,44,https___bokysee.com
cell phone no internet or camera,40,17,0.81,"commercial, informational",53,https___bokysee.com
onvif camera ip,40,27,0.96,informational,52,https___bokysee.com
how much data does a wireless camera use,40,2,0.0,informational,18,https___bokysee.com|icseecam.com|jer-tech.com
best cctv camera brand,40,15,5.28,commercial,5,https___bokysee.com|innotronik.com|jer-tech.com
china cctv camera,40,27,0.0,commercial,1,https___bokysee.com|icseecam.com|innotronik.com|jer-tech.com
cámaras con paneles solares,40,22,0.23,"commercial, informational",16,https___bokysee.com
4ch onvif ip surveillance dome,40,10,0.0,commercial,25,https___bokysee.com
cctv surveillance industry news today,40,12,0.0,informational,63,https___bokysee.com
mini ptz camera outdoor,40,22,0.36,commercial,46,https___bokysee.com
solar security camera for farm,40,13,0.0,"commercial, informational",38,https___bokysee.com
color cctv camera night vision,40,9,2.6,commercial,55,https___bokysee.com
why is my camera not flipping,40,21,0.0,informational,18,https___bokysee.com
dvr manufacturers,40,14,6.15,commercial,24,https___bokysee.com|icseecam.com|jer-tech.com
camaras ip ptz trafico,40,4,0.0,commercial,33,https___bokysee.com|icseecam.com
manufacturing smart cameras,40,15,0.0,informational,66,https___cctvcamerafactory.com|icseecam.com|innotronik.com
hikvision 8ch poe nvr,40,6,1.03,commercial,5,cctvfactory.com
2mp 20x speed dome camera,40,4,0.0,commercial,21,cctvfactory.com
lcd 201,40,2,0.0,commercial,58,cctvfactory.com
cvi camera,40,4,4.77,informational,25,cctvfactory.com
hikvision 4 channel nvr,40,12,0.56,transactional,20,cctvfactory.com
nearity v410,40,1,0.0,informational,41,cctvfactory.com
standalone controller,40,4,0.57,commercial,65,cctvfactory.com
bnc-2121,40,7,0.0,"informational, transactional",51,cctvfactory.com
camera lens 16mm ir cctv,40,22,0.0,commercial,57,cctvfactory.com
24ac transformer,40,9,0.67,commercial,30,cctvfactory.com
camera ethernet cable,40,5,0.7,informational,34,cctvfactory.com
gv id,40,43,0.0,navigational,45,cctvfactory.com
corner security camera,40,5,2.08,"commercial, informational",24,cctvfactory.com
25 foot hdmi cables,40,25,0.38,commercial,18,cctvfactory.com
lan cable for camera,40,9,0.0,"commercial, informational",39,cctvfactory.com
cctv shop,40,31,18.41,commercial,9,cctvfactory.com
license plate capture camera system 1080p hd lpr camera tampa,40,9,0.0,commercial,35,cctvfactory.com
camera license plate reader,40,18,2.64,"commercial, informational",68,cctvfactory.com
and speed dome 30x 2mp,40,0,0.99,commercial,12,cctvfactory.com
2mp ahd camera zooming cctv,40,0,0.0,"commercial, informational",32,cctvfactory.com
definition camera bracket,40,10,0.0,informational,34,cctvfactory.com
bnc connectors for cctv,40,3,0.38,commercial,42,cctvfactory.com
the lcd tv wall mount,40,41,0.0,commercial,44,cctvfactory.com
ip camera and hd camera,40,11,0.0,"commercial, informational",61,cctvfactory.com
nvr 4.0,40,10,2.87,informational,18,cctvfactory.com
hd cvi,40,7,1.71,informational,29,cctvfactory.com
lpr camera price tampa,40,17,0.0,transactional,98,cctvfactory.com
lens cs mount 4mm,40,2,0.0,commercial,13,cctvfactory.com
lcd tv wall mount bracket,40,21,0.0,commercial,48,cctvfactory.com
professional cctv systems,40,51,7.92,"commercial, navigational",47,cctvfactory.com
camera kit 4mp 8 ch,40,0,0.0,commercial,46,cctvfactory.com
license plate reader price,40,18,2.01,transactional,46,cctvfactory.com
intelligent cameras,40,44,1.76,informational,6,cctvfactory.com
centralized cctv,40,11,0.0,informational,49,cctvfactory.com
cctv camera 2mp pal ahd,40,10,0.0,commercial,12,cctvfactory.com
hikvision 8 ch nvr price,40,12,0.0,commercial,34,cctvfactory.com
how much does 42 inch tv weigh,40,19,0.0,informational,68,cctvfactory.com
bnc t-connector,40,4,0.9,informational,41,cctvfactory.com
capture advance tech support,40,0,0.0,informational,58,cctvfactory.com
lpr camera supplier,40,10,0.0,"commercial, informational",82,cctvfactory.com
nvr with ai detection,40,7,0.0,commercial,12,cctvfactory.com
lcd tv with wall mount,40,30,0.34,commercial,37,cctvfactory.com
4 ports nvr,40,12,0.0,commercial,65,cctvfactory.com
wireless license plate reader camera,40,16,3.06,commercial,54,cctvfactory.com
cm system camera,40,7,0.0,"commercial, informational",33,cctvfactory.com
ccd security camera,40,13,1.38,informational,34,cctvfactory.com
ndaa compliant ptz cameras,40,4,0.0,"commercial, informational",74,cctvfactory.com
6mp camera,40,2,0.0,"commercial, informational",7,cctvfactory.com
website cctv camera,40,60,0.0,"commercial, informational",43,cctvfactory.com
quad-camera system,40,16,4.47,commercial,66,cctvfactory.com
solar security camera gulfton,40,13,0.0,commercial,94,cctvfactory.com
ccd cctv camera,40,8,1.38,transactional,15,cctvfactory.com
4 channel poe nvr,40,2,1.13,commercial,36,cctvfactory.com
ip dome camera auto focus,40,0,0.0,commercial,10,cctvfactory.com|enster.com
befaco vcmc,40,10,0.0,"informational, transactional",66,cctvfactory.com
x1232,40,1,0.0,informational,32,cctvfactory.com
sony xm camera,40,21,0.0,"commercial, informational",90,cctvfactory.com
hdmi cable 6 foot,40,12,0.45,commercial,31,cctvfactory.com
ip cameras with nvr,40,20,1.9,"commercial, informational",38,cctvfactory.com
hdmi 6 ft cable,40,13,0.48,commercial,32,cctvfactory.com
kit nvr 8 camera dome,40,2,0.0,commercial,24,cctvfactory.com
cctv dvr 16 channel,40,4,2.07,commercial,47,cctvfactory.com
cctv l bracket,40,14,0.0,informational,17,cctvfactory.com
lpr system cost,40,14,5.33,"commercial, informational",73,cctvfactory.com
nvr poe 8 channel,40,1,1.91,commercial,16,cctvfactory.com
svsi,40,2,0.0,informational,89,cctvfactory.com
power connector cctv,40,7,0.0,"commercial, informational",32,cctvfactory.com
ds150i bosch,40,7,1.47,informational,31,cctvfactory.com
sdi output cameras,40,10,0.47,"commercial, informational",48,cctvfactory.com
ptz 1200mm cctv camera,40,0,0.0,"commercial, informational",72,cctvfactory.com
pole light bracket,40,1,1.22,"informational, transactional",40,cctvfactory.com
x57vr,40,22,0.0,informational,43,cctvfactory.com
m cctv,40,16,2.54,informational,26,cctvfactory.com
nbd8004r fw,40,0,0.0,informational,1,enster.com
switch 32,40,21,0.0,"commercial, informational",1,enster.com
crosshair camera,40,7,0.0,informational,1,enster.com
outdoor video camera 4g sim,40,27,0.0,commercial,19,enster.com
camera an ninh,40,48,0.0,informational,32,enster.com
camera varifocal cctv,40,10,0.0,commercial,21,enster.com
3g mini camera sim card,40,13,0.0,commercial,25,enster.com
nvr ip camera kit,40,14,0.0,commercial,25,enster.com
network video recorder installation,40,12,5.37,informational,23,enster.com
kit video surveillance system 4ch ahd,40,14,0.0,commercial,9,enster.com
cámara 4g sim batería,40,16,0.0,commercial,8,enster.com
1080 poe nvr cctv kit,40,7,0.0,commercial,36,enster.com
camera nvr kit wifi,40,15,0.0,transactional,14,enster.com
camera outdoor wifi nvr kit,40,25,1.7,commercial,20,enster.com
varifocal camera price,40,8,0.0,transactional,15,enster.com
oceanpro as aquaculture underwater camera,40,16,0.0,informational,30,enster.com
instv 618,40,9,0.0,informational,71,enster.com
ip camera nvr kit,40,3,0.0,commercial,23,enster.com
camera ptz wifi ip66,40,3,0.0,commercial,18,enster.com
kit ip camera poe nvr,40,26,0.0,commercial,43,enster.com
camara ip domo xmeye,40,40,0.0,"commercial, informational",1,enster.com
nvr poe,40,14,1.59,commercial,2,enster.com
camara exterior domo,40,19,0.0,informational,18,enster.com
camara ip por pilas,40,13,0.0,commercial,12,enster.com
wireless nvr kit hd wifi,40,24,0.0,commercial,16,enster.com
cctv lte solar,40,15,0.0,commercial,26,enster.com
camera exterieur 4g solaire,40,12,0.0,commercial,23,enster.com
fisheye 180 camera wifi,40,16,0.0,"commercial, informational",22,enster.com
camera 4g wifi onvif,40,10,0.0,commercial,15,enster.com
shenzhen bilian camera,40,12,0.0,informational,23,enster.com
xvr-2500,40,0,0.0,commercial,42,enster.com
nvr wifi kit,40,8,0.0,commercial,13,enster.com
cctv camera ajaster,40,3,0.0,commercial,40,enster.com
video surveillance kit ip 264,40,2,0.0,commercial,26,enster.com
camara domo en pared,40,13,0.0,"informational, transactional",21,enster.com
wireless camera for construction site,40,23,13.24,commercial,27,enster.com
cctv kit nvr,40,33,0.0,commercial,16,enster.com
nvr with 5mp camera kit,40,13,0.0,commercial,7,enster.com
vidolink,40,7,8.24,navigational,25,enster.com
cámara con sim,40,22,0.0,"commercial, informational",16,enster.com
sony imx335 set,40,8,0.0,commercial,10,enster.com
camera ip kit nvr,40,4,1.9,commercial,23,enster.com
sea farm innovations aps underwater camera aquaculture,40,4,0.0,informational,84,enster.com
cctv camera sony pcb board,40,8,0.0,commercial,7,enster.com
security system sim card,40,1,3.97,commercial,42,enster.com
cámara con tarjeta sim 4g,40,18,0.0,"commercial, informational",7,enster.com
camera board onvif,40,12,0.0,commercial,50,enster.com
xyeme,40,50,10.92,informational,7,enster.com
camera ip 4mp 180,40,10,0.0,commercial,28,enster.com
camera ip wireless onvif,40,8,0.0,commercial,24,enster.com
videolink download,40,26,0.78,informational,7,enster.com
camera solar with sim card,40,20,1.01,commercial,25,enster.com|jer-tech.com
camera bullet varifocal,40,2,0.0,commercial,13,enster.com
cctv camera street rotary zoom,40,5,0.0,"commercial, informational",42,enster.com
wireless onvif ip camera,40,7,0.0,"commercial, informational",32,enster.com
kit video surveillance nvr 4 channel,40,0,0.0,commercial,21,enster.com
nvr kit ip security camera,40,9,0.0,commercial,20,enster.com
dwdr,40,10,0.0,informational,41,enster.com
wireless ip cameras nvr kit,40,11,0.0,commercial,13,enster.com
network digital hybrid video recorder tampa,40,0,0.0,"commercial, informational",28,enster.com
solar security camera baytown,40,18,0.0,commercial,44,enster.com
anpr camera meaning,40,13,0.0,informational,67,enster.com
xm eye,40,52,1.38,informational,3,enster.com
wireless camera dvr kit b,40,18,0.0,commercial,11,enster.com
wifi nvr kit,40,18,0.0,"commercial, informational",22,enster.com
module camera imx 663,40,16,0.0,informational,98,enster.com
cam onvif 2mp outdoor,40,4,0.0,commercial,31,enster.com
nvr kits spain,40,4,0.0,"commercial, informational",30,enster.com
ip onvif camera wifi outdoor,40,6,0.0,commercial,28,enster.com
ahd dvr system 16 cameras,40,0,0.0,commercial,28,enster.com
wireless construction security,40,7,0.0,commercial,11,enster.com
surveillance poe camera kit,40,24,4.89,commercial,24,enster.com
4g solar ip camera app,40,11,0.0,informational,5,enster.com
ip cameras installation,40,18,4.38,informational,11,enster.com|jer-tech.com
8 channel dvr for security cameras,40,4,1.62,commercial,47,enster.com
sensor globe aquaculture underwater camera,40,8,0.0,informational,60,enster.com
4g camera with sim card,40,12,0.0,commercial,13,enster.com
nvr kit wifi,40,11,0.0,"commercial, informational",2,enster.com
nvr kit 4mp poe ip,40,0,0.0,commercial,21,enster.com
dvr 8 channel,40,8,0.69,commercial,5,enster.com
turret ip camera,40,11,1.88,"commercial, informational",41,enster.com
nvr sata,40,1,0.0,commercial,3,enster.com
wireless nvr kit,40,14,0.86,"commercial, informational",28,enster.com
5mp ip camera xmeye,40,14,0.0,commercial,7,enster.com
ip camera hd zoom focus,40,11,0.0,commercial,21,enster.com
nvr ip record video,40,9,0.0,"commercial, informational",19,enster.com
xmeye app download,40,45,0.0,informational,8,enster.com
hd sdi video recorder,40,7,0.59,"commercial, informational",58,enster.com
kit nvr wifi,40,8,0.0,transactional,15,enster.com
camera p2p h 265 5mp,40,16,0.0,commercial,16,enster.com
keyboard controller speed dome cctv,40,0,0.0,commercial,25,enster.com
camaras anpr,40,8,4.02,commercial,19,enster.com
4g sim solar cctv,40,0,0.0,"commercial, informational",22,enster.com
xmeye.net,40,79,0.0,"informational, navigational",12,enster.com
speed dome wireless ip camera,40,0,0.0,commercial,4,enster.com
xmeye camera set,40,25,0.0,transactional,14,enster.com
module camera wifi with wire,40,18,0.0,commercial,19,enster.com
turret camera manufacturer,40,5,0.0,"commercial, informational",54,enster.com|icseecam.com
solar security camera la porte,40,16,0.0,"commercial, informational",55,enster.com
solar powered security camera with sim card,40,24,1.16,"commercial, informational",34,enster.com
cámaras de seguridad con sim card,40,18,0.22,commercial,28,enster.com
instv 384,40,0,0.0,commercial,35,enster.com
camera ip 1080p p2p ptz,40,15,0.0,informational,9,enster.com
camera ip night vision,40,19,1.64,"commercial, informational",26,enster.com
camera de vigilancia 12mp,40,7,0.0,commercial,11,enster.com
is hevc the same as h 265,40,17,0.0,informational,45,enster.com
4g ip camera outdoor solar,40,19,0.0,commercial,19,enster.com
ip 3x camera zoom,40,22,0.0,commercial,34,enster.com
cctv dvr 8 channel,40,5,1.64,commercial,8,enster.com
cámara wifi 5mb,40,21,0.0,commercial,18,enster.com
edge computing camera,40,11,0.0,informational,49,enster.com
home security cameras local storage,40,16,2.91,"commercial, informational",3,innotronik.com
best camera for nursing home room,40,9,0.55,commercial,2,innotronik.com
cameras with local storage,40,23,2.5,"commercial, informational",3,innotronik.com
indoor camera for elderly,40,10,0.84,"commercial, informational",1,innotronik.com
smart camera iot,40,12,0.0,commercial,16,innotronik.com
wireless security camera local storage,40,20,1.99,"commercial, informational",13,innotronik.com
cloud based camera storage,40,26,4.04,"commercial, informational",21,innotronik.com
communication between the camera and lens is faulty,40,14,0.0,informational,38,innotronik.com
security cameras at apartment complexes,40,26,11.24,"commercial, informational",57,innotronik.com
solar camera inc. company,40,18,0.0,navigational,6,icseecam.com|innotronik.com|jer-tech.com
cctv cameras by country,40,27,0.0,informational,7,innotronik.com
security cameras for elderly,40,13,4.25,commercial,14,innotronik.com
security cameras for apartment doors,40,14,2.54,informational,53,innotronik.com
camera with storage,40,15,1.54,commercial,18,innotronik.com
iot camera system,40,23,0.0,"commercial, informational",12,innotronik.com
traffic camera sensor,40,12,0.0,informational,48,innotronik.com
best solar construction camera,40,13,0.0,commercial,16,icseecam.com|innotronik.com
solar surveillance camera tower manufacturer,40,0,0.0,commercial,8,innotronik.com
iot surveillance camera,40,14,0.0,informational,30,innotronik.com
top surveillance companies,40,34,14.25,commercial,26,icseecam.com|innotronik.com
camera system with cloud storage,40,9,14.96,commercial,18,innotronik.com
in home cameras for seniors,40,8,3.74,commercial,10,innotronik.com
ip camera cloud smart,40,31,0.0,commercial,26,innotronik.com
zorg camera,40,4,0.0,navigational,39,innotronik.com
cctv camera for retail shop,40,26,41.96,"commercial, informational",31,innotronik.com
cctv camera manufacturers india,40,0,0.0,informational,41,icseecam.com|innotronik.com
network cameras with cloud storage support,40,18,0.0,commercial,27,innotronik.com
best ai security cameras for retail stores,40,19,0.0,commercial,19,innotronik.com
solar photovoltaic cells,40,57,0.0,informational,1,innotronik.com
best security camera with night vision,40,15,2.01,commercial,17,innotronik.com
camera storage solutions price vs features,40,6,0.0,commercial,30,innotronik.com
best solar cameras for farms,40,10,1.2,"commercial, informational",20,innotronik.com
home video monitoring systems for elderly,40,13,1.61,commercial,15,innotronik.com
best cloud cctv,40,31,0.0,commercial,20,innotronik.com
camera monitoring system for elderly,40,9,4.36,"commercial, informational",8,innotronik.com
best solar power camera,40,27,0.91,"commercial, informational",25,innotronik.com
best inside camera,40,40,1.67,commercial,18,innotronik.com
home security cameras with local storage,40,19,2.86,commercial,8,innotronik.com
senior monitoring camera,40,12,1.79,"commercial, informational",17,innotronik.com
camera for monitoring elderly,40,16,1.58,commercial,7,innotronik.com
us security camera companies,40,22,5.27,informational,33,icseecam.com|innotronik.com|jer-tech.com
cloud storage smart camera,40,18,1.69,informational,13,innotronik.com
security camera companys,40,65,0.0,commercial,19,icseecam.com|innotronik.com
iot cctv camera,40,17,0.0,"commercial, informational",13,innotronik.com
best wireless camera for elderly monitoring,40,6,0.82,commercial,13,innotronik.com
cctv camera companies,40,15,15.98,informational,2,innotronik.com
best cloud surveillance camera,40,10,4.36,commercial,27,innotronik.com
smart camera indoor,40,32,2.37,commercial,7,innotronik.com
best ptz cameras for commercial security,40,0,0.0,commercial,21,innotronik.com
top video surveillance companies,40,50,7.03,"commercial, informational",26,icseecam.com|innotronik.com|jer-tech.com
best monitor for elderly care,40,9,2.34,commercial,37,innotronik.com
best cloud-based video surveillance,40,0,0.0,commercial,51,innotronik.com
indoor cameras with advanced ai features.,40,31,0.0,commercial,13,innotronik.com
detronik,40,0,0.0,informational,87,innotronik.com
ptz ip camera care home,40,4,0.0,commercial,8,innotronik.com
onvif profile,40,31,0.0,"informational, navigational",45,jer-tech.com
wifi camera installation,40,29,2.88,informational,42,jer-tech.com
agfaphoto analog camera,40,3,0.0,commercial,7,jer-tech.com
nvr supplier,40,20,0.0,commercial,20,jer-tech.com
best wireless cctv camera system,40,34,3.83,commercial,37,jer-tech.com
nvr systems for factories,40,17,0.0,"commercial, informational",50,jer-tech.com
nvr manufacturer,40,18,10.31,"commercial, informational",8,jer-tech.com
ahd que es,40,0,1.43,informational,2,icseecam.com|jer-tech.com
best 4g security camera outdoor,40,27,1.35,commercial,56,jer-tech.com
best home poe camera system,40,28,1.43,commercial,53,jer-tech.com
security camera reviews 2025,40,67,1.42,commercial,17,jer-tech.com
high tech surveillance system,40,3,0.0,commercial,52,jer-tech.com
how do security programs protect webcams and microphones,40,14,0.0,informational,85,jer-tech.com
what to look for in security camera,40,40,0.5,commercial,70,jer-tech.com
usa camera company,40,28,0.0,informational,39,icseecam.com|jer-tech.com
cloud storage vs local storage security,40,14,0.0,commercial,60,jer-tech.com
onvif-compatible ip cameras,40,19,2.96,informational,42,jer-tech.com
best security cameras for home 2025,40,51,0.0,commercial,21,jer-tech.com
what does ahd stand for,40,11,0.0,informational,27,jer-tech.com
what security cameras are made in the usa,40,3,2.08,informational,64,icseecam.com|jer-tech.com
onvif wikipedia,40,34,0.0,informational,67,jer-tech.com
onvif-compatible cameras,40,21,1.5,informational,61,jer-tech.com
best home camera system 2025,40,41,0.0,commercial,20,jer-tech.com
latest developments security camera systems 2025 2026 ai surveillance trends,40,19,0.0,informational,62,jer-tech.com
how to stop blink camera from fogging up,40,14,0.0,informational,55,icseecam.com
manufacturing baby monitor,40,48,0.0,commercial,55,icseecam.com
how long does a ring camera battery last per charge,40,13,0.0,informational,48,icseecam.com
security recording,40,12,15.14,informational,66,icseecam.com
icsee camera manual pdf free download,40,20,0.0,informational,12,icseecam.com
ring camera blue light blinking while charging,40,19,0.0,informational,28,icseecam.com
yoosee app android,40,44,0.13,informational,39,icseecam.com
أفضل شركة طاقة شمسية,40,0,0.0,informational,92,icseecam.com
how long does blink camera record,40,9,0.0,informational,35,icseecam.com
no subscription security camera system,40,24,1.89,commercial,63,icseecam.com
security camera with sound recording,40,17,2.18,"commercial, informational",81,icseecam.com
security cameras that work on 5ghz wifi,40,27,1.76,"commercial, informational",31,icseecam.com
best cellular camera for security,40,15,1.77,commercial,55,icseecam.com
how to reset ring doorbell without app,40,25,0.0,informational,48,icseecam.com
ring 24 7,40,30,3.51,navigational,40,icseecam.com
tuya peephole camera manual,40,0,0.0,informational,25,icseecam.com
nest v ring camera,40,35,1.54,informational,49,icseecam.com
ring app network settings,40,23,0.0,informational,44,icseecam.com
solar panel top,40,32,2.46,commercial,63,icseecam.com
who makes lorex cameras,40,37,0.0,informational,48,icseecam.com
ring camera flashing blue when charging,40,23,0.0,informational,31,icseecam.com
camera that can see sound,40,6,0.0,informational,83,icseecam.com
www q see com en español,40,24,0.0,navigational,29,icseecam.com
camera ycc360 180,40,28,0.0,informational,46,icseecam.com
does ring doorbell go blue when live,40,19,0.0,informational,38,icseecam.com
how much is ring 24 7 recording,40,26,1.65,"informational, navigational",63,icseecam.com
ring doorbell vs nest cam,40,40,1.99,commercial,59,icseecam.com
best school security camera systems,40,3,0.0,commercial,77,icseecam.com
does the ring camera constantly record,40,22,0.0,informational,38,icseecam.com
do cameras work without internet,40,25,0.0,informational,79,icseecam.com
why is ring camera flashing blue,40,22,0.0,informational,27,icseecam.com
best 4k solar security camera,40,35,0.96,commercial,71,icseecam.com
ring camera offline but wifi working,40,25,0.0,informational,37,icseecam.com
what's the difference between ring and blink,40,25,1.02,"commercial, informational",41,icseecam.com
ring vs blink reddit,40,26,0.0,navigational,43,icseecam.com
can ring record 24/7,40,20,0.0,informational,36,icseecam.com
remove location from ring app,40,24,0.0,informational,50,icseecam.com
reactivate deactivated ring camera,40,22,0.0,informational,25,icseecam.com
long range night vision security camera,40,12,2.16,"commercial, informational",51,icseecam.com
magnetic home security camera,40,18,0.0,commercial,39,icseecam.com
how long do blink cameras record,40,9,0.0,informational,33,icseecam.com
best long range cctv camera,40,31,1.4,commercial,66,icseecam.com
how long does ring camera batteries last,40,15,4.89,informational,46,icseecam.com
can t find ring doorbell qr code,40,20,0.0,informational,27,icseecam.com
will my ring doorbell work without internet,40,22,0.0,informational,32,icseecam.com
how far can cctv cameras see,40,14,0.0,informational,81,icseecam.com
do blink cameras record audio,40,14,0.0,informational,43,icseecam.com
which ring cameras can record 24/7,40,25,0.0,"informational, navigational",88,icseecam.com
security camera connections,40,14,5.69,commercial,69,icseecam.com
ubox パソコン で 見る,40,19,0.0,informational,34,icseecam.com
can blink cameras continuously record,40,16,0.0,informational,33,icseecam.com
does a ring camera always record,40,20,0.0,informational,43,icseecam.com
how to get ring camera off,40,17,0.0,informational,66,icseecam.com
which ring cameras record 24/7,40,30,3.21,informational,51,icseecam.com
top rated cctv systems,40,68,4.14,commercial,26,icseecam.com
icsee camera manual,40,8,0.0,informational,7,icseecam.com
wyze 台灣,40,19,0.0,informational,34,icseecam.com
arlo vs ring security cameras,40,14,1.79,commercial,40,icseecam.com
see vision solar camera,40,15,0.39,commercial,51,icseecam.com
5ghz wifi cam,40,25,0.49,commercial,8,icseecam.com
cameras that record without subscription,40,27,1.46,"commercial, informational",72,icseecam.com
delete location on ring app,40,20,0.0,informational,51,icseecam.com
best solar panel brands with longest product warranty 2025,40,13,0.0,commercial,64,icseecam.com
suraksha eye solar camera,40,20,0.0,"commercial, informational",41,icseecam.com
how to remove my ring camera,40,21,0.0,informational,66,icseecam.com
security camera vendors,40,54,28.45,commercial,77,icseecam.com
icam365 download,40,24,0.0,informational,30,icseecam.com
camera home yoosee,40,39,0.0,commercial,33,icseecam.com
outdoor ip camera icsee,40,28,0.0,"informational, transactional",19,icseecam.com
ring security camera vs arlo,40,18,1.79,commercial,40,icseecam.com
best wireless outdoor security cameras 2026,40,46,0.0,commercial,33,icseecam.com
icam365 share camera access,40,13,0.0,informational,16,icseecam.com
camera surveillance yoosee,40,24,0.0,commercial,33,icseecam.com
is arlo or ring better,40,25,2.66,"commercial, informational",55,icseecam.com
ip cameras vs analog,40,22,0.53,commercial,77,icseecam.com
who makes nest cameras,40,50,0.0,informational,66,icseecam.com
best home security camera brands,40,55,3.89,commercial,43,icseecam.com
can you delete ring camera history,40,24,0.0,informational,35,icseecam.com
5g wifi camera,40,21,0.63,"commercial, informational",27,icseecam.com
set up ring doorbell without qr code,40,18,0.0,informational,34,icseecam.com
does ring camera turn blue when someone is watching,40,12,0.0,informational,42,icseecam.com
blink or ring camera better,40,27,2.7,"commercial, informational",53,icseecam.com
can you turn off the blue light on ring camera,40,12,0.0,informational,39,icseecam.com
best home surveillance system without subscription,40,30,4.3,commercial,67,icseecam.com
do ring cameras need internet,40,28,0.0,informational,42,icseecam.com
does a ring camera record 24 7,40,26,0.0,informational,38,icseecam.com
eseecloud compatible cameras,40,0,0.61,informational,33,icseecam.com
icsee ptz camera,40,23,0.0,"commercial, informational",43,icseecam.com
sigurnosne kamere prodaja,40,1,0.0,informational,73,icseecam.com
ring camera versus blink camera,40,16,1.59,commercial,43,icseecam.com
mejores camaras de seguridad exterior,40,22,1.08,informational,61,icseecam.com
v380 pro manual,40,0,0.0,informational,26,icseecam.com
whats better ring or blink,40,0,1.17,"commercial, informational",16,icseecam.com
cámaras con energía solar,40,19,0.33,"commercial, informational",48,icseecam.com
top solar panels 2025,40,23,4.1,commercial,54,icseecam.com
icam365 share device,40,9,0.0,informational,9,icseecam.com
can blink cameras record 24 7,40,11,6.84,informational,27,icseecam.com
ycc365plus rtsp,40,9,0.0,informational,33,icseecam.com
orbs on security cameras,40,11,0.0,informational,23,icseecam.com
best security cameras without a subscription,40,26,1.04,commercial,54,icseecam.com
are motion sensors cameras,40,9,0.0,informational,84,icseecam.com
cameras that record all the time,40,10,2.09,informational,65,icseecam.com
how do i connect to my ring camera,40,19,0.0,informational,58,icseecam.com
dual security camera,40,14,1.51,transactional,46,icseecam.com
what are orbs on security cameras,40,8,0.0,informational,26,icseecam.com
how long does blink store footage,40,14,0.0,informational,59,icseecam.com
home security cameras with no subscription,40,32,2.21,commercial,59,icseecam.com
best security cameras for schools,40,7,0.0,commercial,72,icseecam.com
como conectar camara ring a wifi,40,19,0.0,informational,31,icseecam.com
b380 pro camera,40,36,0.0,"commercial, informational",26,icseecam.com
how long do home security cameras keep footage,40,18,0.0,informational,99,icseecam.com
dual lens outdoor security camera,40,20,0.95,commercial,37,icseecam.com
ring camera blinking blue when charging,40,22,0.0,informational,46,icseecam.com
como conectar mi ring a wifi,40,22,0.0,informational,37,icseecam.com
best wired security camera system for home,40,29,3.79,commercial,77,icseecam.com
american made home security cameras,40,10,3.07,informational,80,icseecam.com
how to tell if ring camera is on,40,19,0.0,informational,35,icseecam.com
is blink or ring cameras better,40,22,1.96,"commercial, informational",48,icseecam.com
icsee app for pc,40,42,0.0,informational,42,icseecam.com
wifi 5g camera,40,25,0.74,"commercial, informational",23,icseecam.com
best budget security camera system without subscription,40,0,2.72,commercial,44,icseecam.com
security cameras with long range,40,31,1.63,informational,64,icseecam.com
how to hack a camera,40,47,0.0,informational,72,icseecam.com
doorbell camera without internet,40,21,0.95,informational,45,icseecam.com
how to delete from ring camera,40,25,0.0,informational,42,icseecam.com
camaras de seguridad 5ghz,40,22,0.0,commercial,18,icseecam.com
american made camera,40,28,1.29,informational,70,icseecam.com
ip camera for yoosee,40,29,0.0,commercial,41,icseecam.com
best outdoor ptz security camera tampa,40,6,0.0,commercial,98,icseecam.com
camara ip inalambrica icsee,40,16,0.0,informational,37,icseecam.com
setup ring doorbell without qr code,40,20,0.0,informational,30,icseecam.com
arlo vs ring security camera,40,14,1.79,commercial,41,icseecam.com
como funcionan camaras de seguridad,40,3,0.0,informational,81,icseecam.com
camera ip wifi eseecloud,40,21,0.0,"commercial, informational",38,icseecam.com
s10 wifi t31,40,0,0.0,commercial,29,icseecam.com
eseecloud windows 11,40,17,0.0,informational,38,icseecam.com
what does it mean when a ring camera is blue,40,25,0.0,informational,30,icseecam.com
how long do businesses keep camera footage,40,7,0.0,informational,98,icseecam.com
how to view 24 7 recording on ring,40,19,0.0,informational,9,icseecam.com
best solar panels 2025 reviews,40,33,0.0,commercial,55,icseecam.com
top rated solar panels 2025,40,39,0.0,commercial,49,icseecam.com
icsee app en español,40,29,0.0,"informational, transactional",26,icseecam.com
where are eufy cameras made,40,22,0.0,informational,12,icseecam.com
5g cctv camera,40,20,0.0,commercial,27,icseecam.com
icam cloud,40,18,0.0,informational,84,icseecam.com
turn on 24 7 recording ring,40,25,0.0,informational,40,icseecam.com
esse cloud camera,40,44,1.04,commercial,14,icseecam.com
ip cam outdoor camhi 5mp,40,17,0.0,commercial,12,icseecam.com
ycc365 plus camera app,40,39,0.0,informational,43,icseecam.com
does blink record 24 7,40,14,0.0,informational,33,icseecam.com
how far can a security camera see,40,9,0.0,informational,76,icseecam.com
como conectar el ring al wifi,40,13,0.0,informational,33,icseecam.com
best nvr system,40,26,2.9,commercial,58,icseecam.com
is blink and ring the same thing,40,23,0.0,"commercial, informational",47,icseecam.com
orb on security camera,40,16,0.0,informational,23,icseecam.com
does arlo record 24 7,40,16,0.0,informational,24,icseecam.com
camera de segurança solar,40,19,0.0,commercial,34,icseecam.com
compare blink and ring,40,21,0.78,informational,42,icseecam.com
icsee wifi camera 5mp 180,40,20,0.0,commercial,31,icseecam.com
cctv icsee,40,31,0.0,informational,41,icseecam.com
how do i delete ring camera footage,40,24,0.0,informational,49,icseecam.com
camera orbs,40,23,1.01,informational,34,icseecam.com
ip camera vs cctv camera,40,9,0.77,"commercial, informational",79,icseecam.com
does ring delete old footage,40,20,0.0,informational,51,icseecam.com
icam365 reddit,40,30,0.0,"navigational, transactional",35,icseecam.com
best 24/7 security cameras,40,33,3.51,commercial,84,icseecam.com
cctv camera vs ip camera,40,8,0.77,informational,78,icseecam.com
eseecloud apk,40,30,0.0,informational,55,icseecam.com
icyeza,40,21,0.0,informational,86,icseecam.com
eufy what country,40,23,0.0,informational,65,icseecam.com
wyze wikipedia,40,41,0.0,informational,66,icseecam.com
video camera companies,30,57,14.4,commercial,41,https___bokysee.com|icseecam.com|innotronik.com
ip camera brands,30,17,2.87,"commercial, informational",43,https___bokysee.com
top security camera manufacturers,30,39,4.26,commercial,11,https___bokysee.com|innotronik.com
oksee,30,15,3.69,navigational,65,https___bokysee.com
ai human detection camera,30,1,4.27,informational,6,cctvfactory.com|https___bokysee.com
cctv with colour night vision,30,7,1.87,commercial,64,https___bokysee.com
security camera ptz outdoor,30,22,1.09,commercial,51,https___bokysee.com
ip camera manufacturer,30,20,3.29,informational,3,enster.com|https___bokysee.com|icseecam.com|innotronik.com|jer-tech.com
what are security cameras,30,46,4.64,informational,70,https___bokysee.com
cctv camera distributors,30,20,6.83,commercial,41,cctvfactory.com|https___bokysee.com
surveillance cameras wholesale,30,14,8.75,commercial,24,cctvfactory.com|https___bokysee.com
top 10 cctv camera brands in world,30,20,3.29,"commercial, informational",1,https___bokysee.com|innotronik.com|jer-tech.com
tipos de camara de seguridad,30,8,2.48,informational,63,https___bokysee.com
top 10 surveillance camera brands,30,18,2.32,commercial,7,https___bokysee.com|innotronik.com
cameras companies,30,30,3.56,commercial,13,https___bokysee.com|icseecam.com|innotronik.com|jer-tech.com
cctv us,30,40,3.9,informational,48,https___bokysee.com|icseecam.com
top surveillance camera manufacturers,30,38,4.26,commercial,1,https___bokysee.com|innotronik.com
security cameras wholesale suppliers,30,26,5.49,commercial,1,cctvfactory.com|https___bokysee.com|icseecam.com|jer-tech.com
dual lens ptz camera,30,12,1.32,informational,1,enster.com|https___bokysee.com
highest megapixel security camera,30,22,1.99,"commercial, informational",30,https___bokysee.com
top cctv camera brands,30,27,2.59,commercial,1,https___bokysee.com|innotronik.com
5 mp resolution,30,16,2.29,"commercial, informational",29,https___bokysee.com
ip camera wholesale,30,27,4.64,"commercial, informational",21,cctvfactory.com|https___bokysee.com|icseecam.com|jer-tech.com
top 10 security camera brands,30,50,2.32,commercial,13,https___bokysee.com|innotronik.com
stealth cam solar panel not charging,30,16,6.55,informational,24,https___bokysee.com
top rated ip security camera,30,45,2.17,commercial,41,https___bokysee.com|jer-tech.com
home security cameras not made in china,30,15,2.52,informational,25,https___bokysee.com|innotronik.com|jer-tech.com
brand surveillance,30,23,3.62,informational,31,https___bokysee.com
vendor cctv,30,54,28.3,informational,18,https___bokysee.com|jer-tech.com
cctv camera suppliers,30,51,2.7,commercial,9,cctvfactory.com|https___bokysee.com|icseecam.com|innotronik.com
cctv manufacturers,30,20,4.66,informational,1,cctvfactory.com|https___bokysee.com|icseecam.com|innotronik.com|jer-tech.com
lan camera system,30,29,3.71,commercial,8,https___bokysee.com
best ip cctv,30,32,2.17,commercial,31,https___bokysee.com
types of video surveillance systems,30,25,2.18,informational,76,https___bokysee.com
cctv cameras wholesale,30,39,8.75,commercial,16,https___bokysee.com
cctv manufacturer,30,20,4.68,informational,1,cctvfactory.com|https___bokysee.com|innotronik.com|jer-tech.com
top 5 security camera brands,30,66,0.94,commercial,14,https___bokysee.com|icseecam.com|innotronik.com
largest video surveillance companies,30,24,7.03,informational,31,https___bokysee.com
cctv vendors,30,20,28.3,commercial,1,cctvfactory.com|icseecam.com
cctv houston,30,42,9.71,commercial,4,cctvfactory.com
nvr poe 4 channel,30,7,2.05,commercial,45,cctvfactory.com
ac ac transformer,30,1,1.12,"informational, transactional",29,cctvfactory.com
lpr camera cost,30,19,2.52,"commercial, informational",61,cctvfactory.com
network video recorder price,30,10,1.14,transactional,25,cctvfactory.com
tp med4m28,30,6,3.23,informational,38,cctvfactory.com
lpr cost,30,15,3.12,informational,69,cctvfactory.com
ip camera and nvr system,30,18,6.33,"commercial, informational",50,cctvfactory.com
ip dvr,30,17,1.25,informational,28,cctvfactory.com
16 camera dvr,30,8,1.94,commercial,26,cctvfactory.com
manufacturing cctv,30,18,4.66,informational,6,cctvfactory.com|icseecam.com|innotronik.com
anpr camera price,30,9,1.62,transactional,50,cctvfactory.com
cctv pos integration,30,2,8.8,informational,53,cctvfactory.com
lpr cameras for sale,30,18,3.51,transactional,48,cctvfactory.com
16 channel cctv dvr,30,0,2.07,commercial,41,cctvfactory.com
lpr reader camera,30,19,3.74,"commercial, informational",63,cctvfactory.com
t bnc connector,30,7,0.8,"commercial, informational",44,cctvfactory.com
ip camera for nvr,30,5,1.9,"commercial, informational",7,cctvfactory.com
clearwater security cameras,30,15,5.3,transactional,43,cctvfactory.com
mobile license plate reader cost,30,23,2.34,"commercial, informational",54,cctvfactory.com
cctv direct,30,34,3.68,informational,34,cctvfactory.com
cctv sales,30,22,2.81,transactional,35,cctvfactory.com
plate reading camera,30,12,2.12,commercial,53,cctvfactory.com
industrial cctv system,30,24,28.86,commercial,66,cctvfactory.com
rim devices,30,3,2.71,informational,66,cctvfactory.com
outdoor keypad,30,12,1.7,commercial,11,cctvfactory.com
ai detection camera,30,40,5.85,informational,20,cctvfactory.com
poe nvr 4 channel,30,12,2.05,commercial,41,cctvfactory.com
nvr 64 channel,30,5,2.53,commercial,16,cctvfactory.com
ptz5a4m 25x,30,1,1.45,commercial,34,enster.com
sony imx307,30,14,2.08,"commercial, informational",23,enster.com
imx 568,30,6,2.74,informational,30,enster.com
imx 335,30,9,2.36,"commercial, informational",47,enster.com
eastern cctv,30,8,2.89,navigational,33,enster.com
flame detection camera,30,0,6.27,"commercial, informational",3,enster.com
cctv camera with microphone,30,14,1.66,"commercial, informational",5,enster.com
does cctv cameras have audio,30,14,5.86,informational,70,enster.com
xmeue,30,50,1.38,"informational, transactional",1,enster.com
ip camera with 940nm,30,0,1.64,commercial,5,enster.com
180 degree panoramic camera,30,5,1.86,"commercial, informational",37,enster.com
motorized varifocal lens,30,9,4.04,"commercial, informational",35,enster.com
xvr dvr,30,7,1.16,"commercial, informational",8,enster.com
hd nvr kit 4 cameras,30,16,1.42,"commercial, informational",20,enster.com
ip camera supplier,30,64,4.15,commercial,41,enster.com|jer-tech.com
high resolution night vision camera,30,14,1.39,commercial,1,innotronik.com
elder care cameras,30,10,2.03,informational,4,innotronik.com
cameras for elderly monitoring,30,11,1.64,informational,10,innotronik.com
professional security camera brands,30,36,5.82,commercial,18,icseecam.com|innotronik.com
conjunctive cctv cameras,30,17,1.62,commercial,32,innotronik.com
best cctv brand,30,23,2.22,commercial,1,innotronik.com
wireless camera with local storage,30,16,1.13,commercial,10,innotronik.com
multiple lens camera,30,13,2.41,informational,11,innotronik.com
the best indoor camera,30,47,1.77,commercial,14,innotronik.com
elderly camera monitor,30,7,1.58,commercial,10,innotronik.com
security camera sensor,30,9,5.5,commercial,78,innotronik.com
best security camera brand,30,55,3.03,commercial,39,innotronik.com
cameras for elderly,30,22,2.09,"commercial, informational",13,innotronik.com
best cloud based security camera,30,10,4.36,commercial,38,innotronik.com
best cloud camera system,30,12,7.3,commercial,33,innotronik.com
best security cameras for apartment,30,31,4.58,commercial,3,innotronik.com
security camera with internal storage,30,17,2.39,commercial,7,innotronik.com
best camera for monitoring elderly,30,9,1.37,commercial,28,innotronik.com
local storage wifi camera,30,21,1.35,commercial,9,innotronik.com
smart cloud camera,30,23,1.62,informational,21,innotronik.com
solar construction cameras,30,2,16.31,"commercial, informational",13,innotronik.com
senior monitoring cameras,30,17,1.32,informational,11,innotronik.com
best camera to monitor elderly,30,6,1.37,commercial,7,innotronik.com
wifi camera local storage,30,17,1.35,commercial,11,innotronik.com
security cameras tuya smart device,30,10,1.12,commercial,18,icseecam.com|innotronik.com
security camera for old people,30,17,4.5,commercial,12,innotronik.com
top home security camera brands,30,52,4.21,commercial,43,icseecam.com|innotronik.com
best security camera system for apartment,30,23,12.63,commercial,4,innotronik.com
cloud based camera,30,17,8.12,commercial,29,innotronik.com
best camera system for apartments,30,19,15.3,commercial,31,innotronik.com
onvif compliance,30,44,1.33,informational,49,jer-tech.com
secutiy camera,30,63,5.3,commercial,2,jer-tech.com
secuity camera,30,66,5.47,commercial,1,jer-tech.com
ptz camera manufacturers,30,23,3.28,commercial,26,icseecam.com|jer-tech.com
night vision security,30,39,7.14,navigational,27,jer-tech.com
nvr solutions,30,3,4.18,informational,14,jer-tech.com
dvr nvr systems,30,28,2.19,"commercial, informational",58,jer-tech.com
outdoor security camera reviews 2025,30,48,1.51,commercial,18,jer-tech.com
which camera is best for home security,30,0,4.96,commercial,25,jer-tech.com
security cameras made in the usa,30,4,1.69,informational,69,jer-tech.com
setting up an ip camera,30,23,4.32,informational,41,jer-tech.com
what to look for in home security camera system,30,50,2.07,commercial,73,jer-tech.com
analog camera system,30,12,1.9,commercial,45,jer-tech.com
survaliance cameras,30,66,5.02,commercial,9,jer-tech.com
best american made security cameras,30,4,1.97,commercial,59,icseecam.com|jer-tech.com
360 camera for business,30,14,19.9,commercial,23,jer-tech.com
survellience cameras,30,76,4.89,"commercial, informational",1,jer-tech.com
best home security cameras made in usa,30,1,1.86,commercial,79,icseecam.com|jer-tech.com
top rated video surveillance systems,30,52,4.03,commercial,56,jer-tech.com
curity cameras,30,65,5.3,commercial,1,jer-tech.com
best security cameras that don t require a subscription,30,16,1.64,commercial,72,icseecam.com
security cameras free,30,32,5.34,commercial,54,icseecam.com
best long range security camera outdoor,30,27,1.36,commercial,64,icseecam.com
security camera with voice warning,30,7,1.64,"commercial, informational",85,icseecam.com
dome camera supplier,30,21,5.43,"commercial, informational",29,icseecam.com
long range security camera system,30,19,3.44,commercial,52,icseecam.com
5g surveillance cameras,30,24,1.57,commercial,31,icseecam.com
solar photovoltaic manufacturers,30,47,4.78,informational,73,icseecam.com
american made security camera system,30,7,2.79,commercial,67,icseecam.com
ring outdoor camera 24 7 recording,30,34,1.56,"informational, navigational",61,icseecam.com
ring or blink camera,30,14,1.08,"commercial, informational",40,icseecam.com
arlo vs ring cameras,30,25,1.44,"commercial, informational",40,icseecam.com
us based security cameras,30,30,2.15,informational,76,icseecam.com
dual camera security system,30,12,5.4,commercial,46,icseecam.com
247 recording camera,30,16,3.42,"commercial, informational",46,icseecam.com
home security camera system no subscription,30,27,4.84,"commercial, informational",46,icseecam.com
camera no subscription needed,30,35,1.4,informational,38,icseecam.com
solar panel manufacturer usa,30,55,3.42,informational,85,icseecam.com
c492a w6 ip camera,30,5,1.45,informational,53,icseecam.com
free trial security camera,30,22,7.6,"commercial, informational",58,icseecam.com
best home cameras no subscription,30,41,1.97,commercial,32,icseecam.com
usa manufactured solar panels,30,40,3.42,"commercial, informational",70,icseecam.com
best free security cameras,30,40,1.2,commercial,40,icseecam.com
太陽能電池板,30,7,3.17,informational,56,icseecam.com
list of solar panel manufacturers in usa,30,36,4.37,informational,78,icseecam.com
best camera for home security without subscription,30,23,3.87,commercial,52,icseecam.com
what is the difference between blink and ring,30,30,1.97,"commercial, informational",46,icseecam.com
nest vs ring vs blink,30,32,1.69,"commercial, informational",42,icseecam.com
best security camera systems without subscription,30,27,4.06,commercial,66,icseecam.com
que es vivint,30,45,2.24,"informational, navigational",64,icseecam.com
ic camera,30,27,1.39,"informational, navigational",40,icseecam.com
ring cameras with 24 7 recording,30,28,1.62,"commercial, navigational",50,icseecam.com
american made security systems,30,8,5.64,"commercial, informational",67,icseecam.com
google nest or ring doorbell,30,35,1.18,informational,67,icseecam.com
ring nest camera,30,41,2.23,"commercial, informational",53,icseecam.com
best in home cameras without subscription,30,22,3.27,commercial,64,icseecam.com
non chinese security cameras,30,13,2.67,informational,62,icseecam.com
security camera systems without subscription,30,31,4.54,"commercial, informational",65,icseecam.com
home security systems made in usa,30,45,4.54,commercial,90,icseecam.com
u.s. solar panel manufacturers,30,47,3.61,informational,80,icseecam.com
wireless security cameras with sound,30,25,1.5,"commercial, informational",77,icseecam.com
security cameras no subscription needed,30,28,1.76,"commercial, informational",63,icseecam.com
best security cameras for home no subscription,30,26,3.86,commercial,61,icseecam.com
solar security camera with cellular,30,23,1.77,"commercial, informational",61,icseecam.com
solar powered cellular cameras,30,18,1.71,"commercial, informational",39,icseecam.com
dual camera security camera,30,18,2.09,"commercial, informational",38,icseecam.com
highest resolution outdoor security camera,30,25,2.04,commercial,49,icseecam.com
best cellular solar security camera,30,18,1.35,commercial,66,icseecam.com
ring doorbell camera 24 7 recording,30,22,2.91,"commercial, navigational",44,icseecam.com
24/7 recording,30,13,4.07,informational,62,icseecam.com
what security cameras work without a subscription,30,29,1.41,informational,75,icseecam.com
data camera systems,30,31,11.85,"commercial, informational",71,icseecam.com
american security camera company,30,22,5.25,"commercial, informational",75,icseecam.com
solar panel brand,30,32,5.02,commercial,71,icseecam.com
ring v blink,30,17,1.8,"commercial, informational",39,icseecam.com
blink versus ring cameras,30,20,1.17,"commercial, informational",43,icseecam.com
china solar panels manufacturers,30,28,3.13,informational,74,icseecam.com
security camera data plan,30,22,1.52,informational,62,icseecam.com
outdoor security cameras with sound,30,28,2.17,"commercial, informational",80,icseecam.com
usa solar panel manufacturers,30,52,3.42,informational,82,icseecam.com
what's the difference between blink and ring,30,24,2.63,"commercial, informational",44,icseecam.com
blink va ring,30,28,1.69,"commercial, informational",43,icseecam.com
whats better blink or ring,30,24,1.8,"commercial, informational",39,icseecam.com
commercial security camera brands,30,25,3.92,commercial,36,icseecam.com
what ring cameras record 24 7,30,22,2.28,informational,42,icseecam.com
is ring or blink cameras better,30,24,1.84,informational,40,icseecam.com
isee home camera,30,7,1.64,commercial,40,icseecam.com
inseecam,30,10,2.28,informational,50,icseecam.com
security camera free,30,50,5.99,commercial,64,icseecam.com
camera system companies,30,74,34.4,commercial,91,icseecam.com
ring 24 7 cameras,30,34,2.61,"navigational, transactional",52,icseecam.com
wireless home security cameras without subscription,30,30,2.07,commercial,44,icseecam.com
do all cameras need wifi to work,30,9,1.88,informational,75,icseecam.com
free home cameras,30,31,5.16,commercial,42,icseecam.com
vivint camera company,30,63,18.24,navigational,42,icseecam.com
ring or blink which is better,30,23,1.46,informational,46,icseecam.com
best ptz cameras,30,15,1.47,commercial,59,icseecam.com
